SampleID,Az_true,AzSector,TX_TDOA,TY_TDOA,Diagonal_TDOA_1,Diagonal_TDOA_2,MUSIC_Az,GCC_Az,ILD_dB,RMS_mean,FFT_PeakFreq,SpecEntropyNorm
1,-81.4838336247109,Az_-90to-80,1.43536747341216e-05,-9.60025098728795e-05,8.18034859523524e-05,0.00011041261830556,-81,-81.4964953292863,-0.00556925111913135-5.37231484554402i,0.310456067189481-0.000156732418158473i,1960.95703125,0.738720970252642
2,-88.1994230348486,Az_-90to-80,3.65814454616967e-06,-0.000119800991316977,0.000116104417698875,0.000123497465336371,-89,-88.2510066473408,-0.025650324806703-5.66009794068676i,0.301429042554311-3.27316578117264e-05i,1461.38671875,0.738542902053363
3,-82.0435821907023,Az_-90to-80,1.88732384547421e-05,-0.000124716553287982,0.000115007566480861,0.000152679702947297,-82,-81.3947752268124,-0.00851153308272062-7.79747481516282i,0.291967915578808+5.05210976224774e-05i,424.921875,0.742338868554769
4,-87.5115736345591,Az_-90to-80,5.69975764913963e-06,-0.000124716553287982,0.000128053897038649,0.00013945309502306,-87,-87.3833066332696,-0.0154230504845793-8.72577326690976i,0.286850733580716+0.000162884180411139i,1670.9765625,0.737642272948579
5,-83.4891067097076,Az_-90to-80,1.5298751657523e-05,-0.000124716553287982,0.000116302098228831,0.000146722894891147,-83,-83.0065696210068,0.00521788588265371-6.09648686995157i,0.3069844509098-7.68219933588131e-05i,1093.88671875,0.7396789543902
6,-84.6014996950449,Az_-90to-80,9.19456769596165e-06,-0.000100047650473224,9.08575157886722e-05,0.000109495695369542,-85,-84.7491594864686,-0.0130264554160463-5.75856879543331i,0.30791997088767-6.7419542160458e-05i,1544.6484375,0.74065881606163
7,-81.2039109612547,Az_-90to-80,1.85463153649518e-05,-0.000117990753970095,9.94803870712063e-05,0.000136533662358794,-81,-81.067082544334,0.0096777542840054-7.643535621813i,0.293615123140255-4.91752387179745e-05i,2070.05859375,0.742005768897401
8,-83.8107613999214,Az_-90to-80,1.32770776105693e-05,-0.000123467329934245,0.000110173970669818,0.000136742699804016,-83,-83.8622758357404,-0.00993973341787243-5.70561637932545i,0.318897336813683+5.70768339133304e-05i,562.734375,0.73678307107017
9,-84.5988930422511,Az_-90to-80,1.2865191931227e-05,-0.000124716553287982,0.000121858550195683,0.000147593952088062,-85,-84.1104595349134,-0.00385337740578412-7.61239198732238i,0.29578043644001-6.47719192573976e-05i,2707.44140625,0.741501875439942
10,-83.2501304485215,Az_-90to-80,1.53030027539822e-05,-0.000124716553287982,0.000114180935595841,0.000144757864930537,-84,-83.0046455931968,0.00167191799356979-6.27803792323459i,0.305803877609249-0.000192178908022832i,1113.984375,0.741840720076089
11,-83.8977587801886,Az_-90to-80,1.30829355655889e-05,-0.000122757279542599,0.000109708925091166,0.000135827067495736,-84,-83.9166286971317,-0.00903045541661694-6.24279687386439i,0.322067843002158+5.72152517503005e-05i,2546.66015625,0.739541008096304
12,-82.0896464867544,Az_-90to-80,1.89487287697724e-05,-0.000124716553287982,0.000114585648802723,0.000152936181091031,-83,-81.3608738413533,0.00265275028058272-6.5194219643052i,0.298787073091838-0.000305903668529971i,1596.328125,0.740038970329766
13,-87.0259220284702,Az_-90to-80,5.56815639608755e-06,-0.000104171083941561,9.84754302073912e-05,0.000109805111790769,-87,-86.9403357297883,0.014997895454178-6.59715113764911i,0.299077670069772+0.00030020069857566i,1943.73046875,0.738847460800943
14,-87.9684001511512,Az_-90to-80,4.7277758707075e-06,-0.000124716553287982,0.000125679631962756,0.000135298142656336,-87,-87.829061551296,0.00189993346636598-8.33254896448833i,0.296542689442002+1.52588627518324e-05i,1800.17578125,0.737121392039514
15,-85.9220702402557,Az_-90to-80,7.32063081980413e-06,-0.000114506251691256,0.00010713989297487,0.000121806118743117,-84,-86.3419361211015,0.00088322561443174-7.07213769895139i,0.302652841500322+0.000200953080068483i,818.26171875,0.739109562017164
16,-80.884911019005,Az_-90to-80,1.91049348656343e-05,-0.00011983359064844,0.000100826683308525,0.000138935728876403,-81,-80.9416320211373,-0.00494621914465141-7.78462989049587i,0.294909980720864+0.000175921520306613i,2193.515625,0.738014550667232
17,-88.0756702633334,Az_-90to-80,4.12773714252141e-06,-0.000107636083423859,0.000103351157468049,0.000111766596898994,-88,-87.8038398000466,-0.0107804045071173-5.46600109069637i,0.317191119882248-0.000183631565006379i,683.3203125,0.742408711577206
18,-84.1606201458028,Az_-90to-80,1.30628668774731e-05,-0.000124716553287982,0.000115226586337977,0.000141112103299107,-85,-84.0206168713741,0.0125211184482484-8.09170632231166i,0.302726215939194-6.49474115837628e-05i,815.390625,0.73676852208469
19,-86.895610069531,Az_-90to-80,5.51281647881416e-06,-0.000104630295500723,9.89912995157414e-05,0.0001100852706129,-86,-86.9839584561381,-0.00479988756486258-5.38196629914833i,0.32266016625541+0.000132012520418986i,2026.9921875,0.737103764738371
20,-88.2840516995942,Az_-90to-80,3.76421753452982e-06,-0.000121210178262518,0.000117568062315126,0.000125067508253487,-89,-88.2212344960732,-0.00761545918549313-5.66708272147996i,0.318651393447231-0.00024466105891123i,1266.15234375,0.740956870545493
21,-85.1017399982129,Az_-90to-80,1.0972803003745e-05,-0.000124716553287982,0.000123312947046424,0.000145527558794548,-86,-84.9719538247543,0.00309413594269868-7.5778434437935i,0.300363221562708+0.00010866573516799i,2227.96875,0.737475590315697
22,-85.4703116502503,Az_-90to-80,8.61610283052253e-06,-0.000109725476133911,0.000100868905589701,0.000118388153066673,-85,-85.5101091717604,-0.00080880751549619-6.01976916023675i,0.310737754061085+7.99762499865964e-06i,2072.9296875,0.738958266899727
23,-87.868058616476,Az_-90to-80,3.52529390880172e-06,-0.000115253854331945,0.000111930671563145,0.000118917669958698,-87,-88.248028160783,-0.00783786279593819-7.40316704981745i,0.298925678395028+0.000295198054118893i,1693.9453125,0.739761366417603
24,-86.3567575767757,Az_-90to-80,8.33222540427153e-06,-0.000124716553287982,0.000123350648161199,0.000140099379941999,-86,-86.177789215641,0.00138112055804402-7.08280181848422i,0.306958105439228+5.00157432336418e-05i,1722.65625,0.740826847819287
25,-87.8791767142407,Az_-90to-80,3.11416072850628e-06,-9.42538480872823e-05,9.09761143586923e-05,9.7201736657579e-05,-88,-88.1076275882358,0.0315426035655168-4.51576261477107i,0.324144214658168-0.000525651209628612i,1128.33984375,0.736983773762432
26,-88.0354466296297,Az_-90to-80,3.64911593626405e-06,-0.000108373524672426,0.000104691680120247,0.000112010512971658,-89,-88.071484895316,0.00151854029287031-5.40413271430475i,0.314003740207425-0.000182829573605912i,1917.890625,0.738342526621817
27,-85.5506559598287,Az_-90to-80,9.07261444200754e-06,-0.00012059756540651,0.000111486499583296,0.000129814974783659,-85,-85.6977144238092,-0.00921695730745369-6.88268049065315i,0.304716109829449+0.0001101699310503i,2566.7578125,0.737086699574407
28,-85.3835114081774,Az_-90to-80,1.0973885189752e-05,-0.000124716553287982,0.00012409148677515,0.00014617308238246,-86,-84.9714604791457,-0.00821860424906609-6.85703501847541i,0.309949462491665-0.000253781282395678i,1561.875,0.737962041360327
29,-85.2694787822384,Az_-90to-80,1.10811420589705e-05,-0.000124716553287982,0.000121196723917241,0.00014356929229552,-86,-84.9225680715232,-0.0304588550684399-5.92397351590153i,0.305905214356267+0.000313747630095607i,803.90625,0.741216039710059
30,-83.3372892439245,Az_-90to-80,1.58188342359995e-05,-0.000124716553287982,0.000118181079985932,0.000149887947710275,-83,-82.7713014212176,0.00857397469752428-7.27490013148774i,0.303143925067422-2.50006148634144e-05i,1975.3125,0.741864665981756
31,-80.5565824833463,Az_-90to-80,2.21747301429263e-05,-0.000124716553287982,0.00011108138255469,0.000155433356307181,-81,-79.9181112426846,-0.00163233235228855-6.33476207701683i,0.314958496796749-5.46955705499758e-05i,1699.6875,0.734830290180148
32,-84.536080577257,Az_-90to-80,1.02753350130193e-05,-0.00010781501771821,9.73814121148696e-05,0.000118004606896789,-85,-84.5558560555802,0.00290932691203852-5.78126955437625i,0.308703227388244-0.000114392690103271i,2345.68359375,0.739962048434509
33,-85.7701566565001,Az_-90to-80,9.79448773173508e-06,-0.000124716553287982,0.000124015123286348,0.000144087429643389,-85,-85.5095508102077,0.0207268477047798-8.25212810086774i,0.292614989868168-8.25768342193334e-05i,387.59765625,0.740550942944679
34,-86.4909922129316,Az_-90to-80,6.39055129041144e-06,-0.000101690337121294,9.52016560501981e-05,0.000108186057356098,-86,-86.4040757856991,-0.00517587122130865-6.01458323931357i,0.308317229534159-4.3732207016537e-05i,1917.890625,0.741555013529487
35,-83.1805092511094,Az_-90to-80,1.56022366117527e-05,-0.000124716553287982,0.000111823454622888,0.000142597498144393,-85,-82.8692537260135,-0.0139159705647891-7.27200408853664i,0.302763075631085-7.41208709860788e-05i,1874.82421875,0.74228076007378
36,-86.2435703866729,Az_-90to-80,8.19930459528067e-06,-0.000124289191956254,0.000116098264540996,0.000132582832072781,-86,-86.2256909461118,0.00417394647392747-5.86093347732982i,0.312066106531552-0.000287198914979289i,1636.5234375,0.741494912640199
37,-82.8137043576167,Az_-90to-80,1.5705322810658e-05,-0.000120116028193144,0.000104878880140118,0.000135754352517155,-83,-82.5507629063723,0.0124117681132875-6.71901434206604i,0.306972982529141+0.000378033340213066i,404.82421875,0.7411388211705
38,-82.3524754386306,Az_-90to-80,1.60297351712091e-05,-0.000119973660814795,0.00010416875671169,0.000135990181744085,-82,-82.3897567512871,0.00814860360350042-7.83232402800987i,0.30061519761152-0.000314346791448046i,1673.84765625,0.740034421952469
39,-85.3202110212547,Az_-90to-80,1.11726072111603e-05,-0.000124716553287982,0.000123497832304424,0.000145938762516836,-85,-84.880880077811,-0.0154936355078394-6.54603529571929i,0.302456688859586+0.000300131731796098i,1803.23210685484,0.738164564884791
40,-86.4218772328662,Az_-90to-80,8.27611868616123e-06,-0.000124716553287982,0.000119649586507209,0.000136188368692401,-86,-86.2034513167704,-0.0113884313267138-6.14254182761386i,0.299918054462207+0.000178219755732612i,2624.1796875,0.738288269971435
41,-82.6937845511272,Az_-90to-80,1.35971931931037e-05,-0.000106415749967887,9.2791577349342e-05,0.000119836687036926,-82,-82.718529779353,0.0160287361489691-4.95921057186743i,0.307635098744391+2.53344100954109e-05i,1380.99609375,0.741931390226093
42,-81.2386544713715,Az_-90to-80,1.49867601085646e-05,-9.85621581861676e-05,8.36808235486861e-05,0.00011347135557057,-82,-81.3541791889076,0.0119230815676426-6.36143570036727i,0.308722338711533+0.000155330243761541i,1952.34375,0.737395336358504
43,-87.0798382458605,Az_-90to-80,6.14964721719364e-06,-0.000121406074835124,0.000115272071010063,0.000127715851428607,-87,-87.1002444101717,-0.00817848316796688-7.83008315104502i,0.291320550365913-8.28240727508769e-05i,1045.078125,0.739398616617489
44,-86.1605729943757,Az_-90to-80,8.73210385614067e-06,-0.000124716553287982,0.00012178175077639,0.000139358906967595,-86,-85.9949378111838,0.0051084152980675-6.04711058637483i,0.315706882888008-0.00041067688444766i,2167.67578125,0.735149735257327
45,-83.0548214385452,Az_-90to-80,1.59821040162147e-05,-0.000124716553287982,0.000113008007758184,0.000144862229161979,-84,-82.6974936939075,0.00424895621072877-8.16846885779898i,0.286138122280935+3.50739749066659e-05i,872.8125,0.740974437660998
46,-84.3121578594424,Az_-90to-80,1.34253376858111e-05,-0.000124716553287982,0.000120888933281833,0.00014765476695526,-85,-83.855951941536,0.00139047810392704-8.40477287931087i,0.292378547198818-0.000322185319575112i,1346.54296875,0.738949798709881
47,-84.7993390270214,Az_-90to-80,9.82152096351249e-06,-0.000109860002607317,9.98233335025742e-05,0.000119527129298189,-85,-84.8913195081699,0.01280066522334-5.34204039306345i,0.31219032712492-0.000241476395084938i,2087.28515625,0.740385472123317
48,-88.9459623979895,Az_-90to-80,2.34776684635977e-06,-0.000124716553287982,0.000132424302767088,0.0001370999611698,-89,-88.9215445614719,-0.0140449887073018-8.72736545135581i,0.285420371077489-9.37440707713955e-05i,2586.85546875,0.741443537987861
49,-81.448105964572,Az_-90to-80,1.68244935063884e-05,-0.00010841436706511,9.14650438893823e-05,0.000125092237022226,-82,-81.1788079197028,0.0328960992568913-5.37266303557054i,0.307542329850583-2.13146654599074e-05i,1932.24609375,0.739005609956148
50,-87.0936509044145,Az_-90to-80,6.61572378814709e-06,-0.000124716553287982,0.000127733238185403,0.000141179905416182,-87,-86.9635296744579,0.0194690135472654-6.06795350853994i,0.316181468346574+0.000611257397307947i,1665.234375,0.741729262132044
51,-87.4650301673672,Az_-90to-80,4.40837324019857e-06,-9.85335892522048e-05,9.40394525804734e-05,0.000103057593144292,-87,-87.4383064816215,0.00442115708903556-6.38309695359401i,0.312142228272607-4.83033775485198e-05i,1050.8203125,0.742662616861623
52,-80.4472403402954,Az_-90to-80,2.11042245863204e-05,-0.000124716553287982,0.000107035276362208,0.000149032599307336,-81,-80.3955344008103,-0.0272911383655769-8.34248794155151i,0.292458952797204+0.000361037153046403i,1507.32421875,0.739889629372073
53,-82.6779836843571,Az_-90to-80,1.7394571692514e-05,-0.000124716553287982,0.000116645902584317,0.000151431547041204,-83,-82.0600152568926,-0.0127003959586887-8.4131240384339i,0.297379389380808+2.27695922012452e-05i,2615.56640625,0.739183067983516
54,-88.9930663453047,Az_-90to-80,1.60605210786363e-06,-9.90128555231222e-05,9.72851429413954e-05,0.000100644968289479,-88,-89.0707071540516,0.00238362171812716-6.10221655684773i,0.306270699984547-0.000149292652591754i,795.29296875,0.738729894642719
55,-85.5378754156046,Az_-90to-80,1.01629805402365e-05,-0.000124716553287982,0.000120709684524297,0.000141126258338276,-86,-85.3413392518171,0.00122924619253399-7.35395800894178i,0.312660176027802+4.86362841279342e-05i,1358.02734375,0.739641205546444
56,-83.6205142373623,Az_-90to-80,1.22556888315328e-05,-0.000109794142958798,9.74896619184125e-05,0.000121960161350297,-84,-83.6307677603273,-0.00476368824078993-5.25417267618821i,0.315381279357295+0.000202160295747895i,806.77734375,0.737876358259596
57,-86.9981043993016,Az_-90to-80,5.47218263124166e-06,-0.000103415728841301,9.78878042681755e-05,0.000108969375569371,-87,-86.9710522797006,-0.00317184105908944-4.55220577554366i,0.329829648761285+4.59380417911076e-05i,1923.6328125,0.736824091706036
58,-85.3088515476737,Az_-90to-80,1.11529418004962e-05,-0.000124716553287982,0.000122968750007144,0.000145335264190764,-86,-84.8898427230336,0.00128160761979511-6.33023216105737i,0.310333099431393-0.000142045900714358i,757.96875,0.737860119789986
59,-84.2004450757313,Az_-90to-80,1.37561644781122e-05,-0.000124716553287982,0.00011890169007836,0.000146317945368564,-85,-83.7057512125003,-0.0232857554202586-7.74755799948756i,0.291450492439341-0.000178959610591424i,1573.359375,0.741217535264401
60,-86.0650702165198,Az_-90to-80,6.54300834945361e-06,-9.89574615089275e-05,9.24154807990371e-05,0.00010561092920982,-86,-86.2171434104672,0.00583532335593121-4.61466228819684i,0.321626057615458+9.39285189188524e-05i,1765.72265625,0.741164143372766
61,-82.1684225313531,Az_-90to-80,1.47501642827039e-05,-0.000106477897303294,9.17163685736943e-05,0.000121040925271572,-82,-82.1131274846292,-0.00819805916632096-6.2054959974092i,0.308418382723911+4.39043219286964e-05i,1228.828125,0.738871209712781
62,-82.5714820509965,Az_-90to-80,1.67639267927124e-05,-0.000124716553287982,0.000111580477420188,0.000144867870712023,-82,-82.3444046115407,-0.0278966096132078-5.87144624598139i,0.306945090800492+8.53893852066009e-05i,562.734375,0.741358137740788
63,-81.1727136897429,Az_-90to-80,2.03683691580521e-05,-0.000124716553287982,0.000109503816514663,0.000150244207452928,-80,-80.7244972746479,0.0123614833589684-7.17217084308423i,0.300997794909382+0.000187304203583441i,824.00390625,0.73724611409466
64,-82.0503296741245,Az_-90to-80,1.51272517391585e-05,-0.000110043073200861,9.49054457367718e-05,0.000125075978084321,-83,-82.1727993111622,0.00304656773653252-4.8954529773713i,0.32171943593421-0.000329519624067427i,938.84765625,0.733750629079984
65,-83.019013130182,Az_-90to-80,1.6547552240482e-05,-0.000124716553287982,0.000117972641842527,0.000150897557177839,-83,-82.442066950208,-0.00226673787114195-5.97991229948274i,0.313732867973037-9.47651820370418e-05i,2156.19140625,0.740432878746065
66,-88.630561616677,Az_-90to-80,2.38146187822179e-06,-0.000105785241882068,0.000103377368371183,0.000108181063133405,-88,-88.7103619684618,0.00287799875959418-4.95271212690055i,0.328483366998665-2.8643373065261e-05i,689.0625,0.735281121652831
67,-85.7850769612171,Az_-90to-80,8.14366203437722e-06,-0.000110038036501832,0.000101793835954375,0.000118148062673514,-86,-85.7673874000222,-0.00497183736502381-5.60399983066274i,0.32302707470062+0.000145611167775936i,1716.9140625,0.738683723582032
68,-89.34545944797,Az_-90to-80,1.51002717032676e-06,-0.000124716553287982,0.000128174889527794,0.000130929900986743,-89,-89.3063153673777,0.000355651720208885-5.72105913188012i,0.309575707005213+2.11747251934215e-05i,2595.46875,0.738721802347502
69,-86.4356111851691,Az_-90to-80,8.48017334371172e-06,-0.000124716553287982,0.000125664177518776,0.000142662560998031,-87,-86.1101281499829,0.00483229157098022-7.10441872086058i,0.309814444373929-8.47077592471962e-05i,605.80078125,0.738760289260737
70,-82.668177809517,Az_-90to-80,1.71028736477342e-05,-0.000124716553287982,0.000116055540758382,0.000150483086083976,-83,-82.1915084313115,0.024555313016127-6.7817292587865i,0.295556617263829-0.000175926685538057i,1168.53515625,0.736754144413223
71,-88.7431550527374,Az_-90to-80,2.7534668525466e-06,-0.000124716553287982,0.000123229318594675,0.000128893395650792,-89,-88.7352408288155,0.0137365988958701-7.71859791532245i,0.291684960034981-0.000154251985576268i,2494.98046875,0.738168247160295
72,-85.5608405066698,Az_-90to-80,1.0438248717966e-05,-0.000124716553287982,0.000124086150510974,0.000144918140378424,-85,-85.2157357056405,0.00110451924072582-7.23333037161997i,0.29843820896225-0.000197048777632644i,1070.91796875,0.739200144353574
73,-84.049165265482,Az_-90to-80,1.35752541977136e-05,-0.000124716553287982,0.000116992004031896,0.000143984106975874,-84,-83.7878767847416,-0.00353458771710121-7.31145702775378i,0.307771061212074+2.44317508311109e-05i,2130.3515625,0.738266683186475
74,-86.3447299543959,Az_-90to-80,8.29133225598064e-06,-0.000124716553287982,0.000119770631621462,0.000136334163993719,-87,-86.1964927802162,-0.0154019023453004-5.96650884014856i,0.315977961066318+0.000419355147748757i,1088.14453125,0.741196652359527
75,-80.6534428707358,Az_-90to-80,2.18052639347156e-05,-0.000124716553287982,0.000111665975567299,0.000155171535440636,-81,-80.0827291097687,-0.0030773666425953-7.71734869633332i,0.294405222094657+0.000213906846266015i,2173.41796875,0.740907450741502
76,-84.3429226263417,Az_-90to-80,1.27978232737479e-05,-0.000124716553287982,0.000114578105522311,0.000140093840625197,-84,-84.1410850496357,-0.00490801080676007-6.21203355045216i,0.307635099234016+4.82370980540853e-05i,1705.4296875,0.745147193966271
77,-85.709246266188,Az_-90to-80,7.79625334701857e-06,-0.000100759492152196,9.30287625478427e-05,0.000108466764832916,-86,-85.5755615503177,0.0339120994827751-6.46922613800158i,0.310335232561051-0.000369667314366391i,2236.58203125,0.74250388337346
78,-81.5511118861851,Az_-90to-80,1.8225914836053e-05,-0.000124617416897461,0.000106565091988159,0.000142825188437145,-82,-81.6792023124018,0.00676809146832407-7.89538010272935i,0.291504875289643-0.000324243720217825i,1148.4375,0.739175819011453
79,-86.0435794300056,Az_-90to-80,8.85559382682165e-06,-0.000124716553287982,0.000121466990022215,0.000138893058397722,-88,-85.9384862016457,-0.00348361193627722-8.33473112939494i,0.288763684019701+4.41250024773646e-05i,1874.82421875,0.741597255872971
80,-87.5847512585241,Az_-90to-80,5.52041850511471e-06,-0.000124716553287982,0.000129604040983625,0.000140743942442525,-87,-87.4655300781433,-0.000853526382832087-7.99528658966555i,0.293326246987327-0.000267867105961037i,620.15625,0.74022363976141
81,-85.1787279411882,Az_-90to-80,8.75899365675575e-06,-0.000105606599916508,9.67705475778137e-05,0.000114355625992855,-85,-85.2587495126758,0.0105049185578841-6.91563297604188i,0.307392891364877+4.34930773841324e-05i,1464.2578125,0.737193808158927
82,-81.8825781193781,Az_-90to-80,1.48768780489412e-05,-0.000104174291226568,8.94323881316441e-05,0.000118949016721617,-82,-81.8726808173034,0.00916824637568414-5.47018165012055i,0.311508320809091-3.13303992184565e-05i,559.86328125,0.741916150989991
83,-81.5364755456203,Az_-90to-80,1.86262851698775e-05,-0.000124716553287982,0.000108290471771169,0.000145394885849893,-82,-81.5057199508226,-0.0364226329670623-7.29076723835252i,0.297239641975106-3.48076991527613e-05i,2296.875,0.742383674447312
84,-84.4340943667272,Az_-90to-80,1.24390985000453e-05,-0.000124716553287982,0.000113097875056108,0.000137958532428491,-85,-84.3042160239933,-0.0120972483118499-8.17694406585489i,0.29563456179342-3.38017123337891e-06i,2055.703125,0.740970531155793
85,-88.2953641417324,Az_-90to-80,3.85188237960908e-06,-0.000124648366431844,0.000120662161521091,0.000128615308359859,-88,-88.2300097472386,-0.00750838349897225-6.3983707765725i,0.30742424123287+5.24508579146099e-05i,2127.48046875,0.741450557606806
86,-85.1686712283625,Az_-90to-80,1.07279027903149e-05,-0.000124716553287982,0.000117044757534689,0.000138594470882531,-85,-85.0836177157265,-0.00655289285812281-7.3864035047273i,0.301419524354564+0.000210850307111411i,1524.55078125,0.74044970616756
87,-86.9031272009254,Az_-90to-80,6.38832610050849e-06,-0.000118019511941756,0.000111654497080198,0.000124642644649334,-88,-86.901637176963,-0.0282265740669328-6.33802066530236i,0.312525301085262-1.75367267651536e-05i,2718.92578125,0.742268572177726
88,-83.5268295432393,Az_-90to-80,1.16660966197518e-05,-0.000104551959236294,9.28763299537303e-05,0.000116178671965598,-85,-83.6331695884118,0.000531986690135867-5.0123518182176i,0.315156770831435+0.000140382448497501i,1676.71875,0.737306601128244
89,-88.6274045164148,Az_-90to-80,2.74550612461426e-06,-0.000111646187462277,0.000108936857625549,0.000114323827924373,-89,-88.591315836504,0.00490865395199385-5.06421813409404i,0.322296719883884-0.000139030863326291i,1056.5625,0.737858757702412
90,-84.3102991232652,Az_-90to-80,1.19734381294659e-05,-0.000122135995379463,0.000110181839615038,0.000134435744694779,-84,-84.4009761900315,-0.000435009483113257-7.37145775277344i,0.302651351514632-7.40551202140435e-05i,2026.9921875,0.733660636417884
91,-87.445053395139,Az_-90to-80,5.46239549265103e-06,-0.000122239064292743,0.000116628897015397,0.000127803093542295,-88,-87.4413732721144,0.00823353111184615-5.51140042805938i,0.308664189014379-8.2668876125673e-05i,611.54296875,0.740768176956108
92,-84.8273927962664,Az_-90to-80,1.14400772415595e-05,-0.000124716553287982,0.000116037049820545,0.00013890016595606,-85,-84.7590039046675,-0.00037554957419387-6.30189086463565i,0.299737810370069-2.27529468111304e-05i,1036.46484375,0.740488633822702
93,-87.7726084255599,Az_-90to-80,4.25920140336674e-06,-0.000114655295068555,0.000110117044622976,0.000119093574318079,-88,-87.8725613650254,0.00690927879775328-7.06155332133591i,0.30621003809113+1.99792460166062e-05i,2259.55078125,0.742119315223281
94,-81.7533561439907,Az_-90to-80,1.80841813246148e-05,-0.000124716553287982,0.000107416231959138,0.000143447901035809,-81,-81.7494862917656,0.0263573845724521-7.99220110488776i,0.295645744991412-0.000353135842016745i,2193.515625,0.739688585496491
95,-80.0679588145561,Az_-90to-80,2.35286336267047e-05,-0.000124716553287982,0.000109912011187794,0.000156888511967246,-80,-79.316325967001,-0.0154949560503854-7.51138823185282i,0.302484204799432-0.000174023095332675i,1857.59765625,0.737715325089818
96,-86.4232002285339,Az_-90to-80,7.82624200054518e-06,-0.000124716553287982,0.000120475203538979,0.000136263274874744,-86,-86.4092702942795,-0.00188153698860143-6.57473300429387i,0.307023678013883-6.53513272719508e-05i,548.37890625,0.737003460834224
97,-87.1180202750625,Az_-90to-80,5.19048089017658e-06,-0.000105833178106089,0.000100500975861453,0.000111084586270776,-87,-87.1922363408514,-0.00901702291819875-4.72583285578559i,0.318188326014678+8.6701393853552e-05i,1380.99609375,0.737785897266884
98,-78.3644851646027,Az_-80to-70,2.4273734543083e-05,-0.000118936533417679,9.47064255817383e-05,0.000143219607763412,-80,-78.4649295366528,0.00745143316278019-5.38119150322549i,0.311289599540914+0.000264064687930218i,1943.73046875,0.742946618355925
99,-74.770391334962,Az_-80to-70,3.54990723950018e-05,-0.000124716553287982,9.54133832915798e-05,0.000166390902349146,-74,-74.1116319448567,0.00744059176154256-6.45504155422826i,0.288213162166024+0.000109055453608342i,407.6953125,0.740363439713313
100,-78.1282184941333,Az_-80to-70,2.15746397671176e-05,-0.00010234297563894,8.07985907321984e-05,0.000123859734589741,-79,-78.0959304185404,0.0157158530190032-5.22627157427382i,0.306538870544374-0.000105441191054507i,783.80859375,0.738182416100995
101,-74.1380786738263,Az_-80to-70,3.69314012744403e-05,-0.000124716553287982,9.27644007058417e-05,0.000166370047645608,-75,-73.5047831702009,-0.0126048677726152-5.77066982359078i,0.313176609728839+0.00013251528518167i,2744.765625,0.738819053945978
102,-72.6043706398463,Az_-80to-70,3.84288475434219e-05,-0.000122081565538306,8.3701117935703e-05,0.00016029220702449,-73,-72.5270353639745,0.00295239158155089-6.29887931643643i,0.313081549923943-0.00044157910121935i,1027.8515625,0.739089453731924
103,-78.6484349271811,Az_-80to-70,2.15655433748478e-05,-0.000107724869014965,8.61892574163152e-05,0.000129282499984038,-78,-78.6795483282512,-0.00734006944638704-5.75263284531352i,0.316058335965498+0.000296845392221606i,898.65234375,0.739704154684199
104,-72.4695922796311,Az_-80to-70,3.13761708351421e-05,-9.8992306303761e-05,6.76597415684121e-05,0.000130584758725322,-72,-72.4136939538716,0.014281169389395-5.64867665306183i,0.305240926318951+4.4324985723071e-05i,453.6328125,0.741063023162526
105,-75.8600764679971,Az_-80to-70,2.61143283836909e-05,-0.0001026124826804,7.63114967426503e-05,0.000128813562120144,-77,-75.7216377821002,-0.0229279577062628-5.76404360606333i,0.30795135723641+5.76738654596912e-05i,838.359375,0.739239372458853
106,-74.5799764233098,Az_-80to-70,3.00602556042907e-05,-0.000108917045577248,7.86718827137706e-05,0.000138880845428225,-74,-74.5709099431094,0.00469420472111742-4.83756379215778i,0.31623825307018-8.40660001052984e-06i,2543.7890625,0.735734548748116
107,-72.7873092349998,Az_-80to-70,3.60825746080615e-05,-0.000116598407549256,8.05916374113845e-05,0.000152745560674043,-73,-72.8047811302956,-0.00430888166024416-6.48316300286278i,0.310993560589229-0.000111236150015848i,1894.921875,0.73943892936139
108,-73.106404306734,Az_-80to-70,3.27520889376459e-05,-0.000107280298580586,7.43467248878077e-05,0.000139758309365045,-72,-73.0228559840786,-0.00825261971048667-5.16070431911333i,0.309359191967881+0.000383921622534752i,2072.9296875,0.738496988475996
109,-79.4495266570356,Az_-80to-70,2.48456771684414e-05,-0.000124716553287982,0.000108031739071442,0.000157645960665409,-79,-78.7332024768445,-0.00660875375990196-8.5526319328139i,0.287854061830699+2.03434615202724e-05i,2383.0078125,0.7421903789366
110,-70.5309700636412,Az_-80to-70,4.36264250253962e-05,-0.00012374326602441,8.01539356935689e-05,0.000167311421284917,-71,-70.5795943830899,-0.0395661990452053-6.81288370286632i,0.302976830667519+6.97368383547406e-05i,2233.7109375,0.739780336125212
111,-77.024714711242,Az_-80to-70,3.03604678065445e-05,-0.000124716553287982,0.000101335610731446,0.000161929954031903,-76,-76.3182796006117,-0.00182076921008319-6.05501392569766i,0.310179217078418+2.09833312551436e-05i,829.74609375,0.738126776038609
112,-77.5084020883267,Az_-80to-70,2.90055032480824e-05,-0.000124716553287982,0.000102742846487237,0.000160969054259529,-78,-76.9073862183679,-0.00888565185726695-6.97082924591376i,0.303398087614619-0.000178347466093076i,1205.859375,0.738366996389627
113,-71.1679203697737,Az_-80to-70,3.57436527204637e-05,-0.000105488159744607,6.96389296807796e-05,0.000141056902953635,-71,-71.2815421669165,0.00524415169524942-4.63480392663517i,0.306146129987773-0.000240517240707106i,1705.4296875,0.740524145467461
114,-76.849694512131,Az_-80to-70,3.09844629181611e-05,-0.000124716553287982,0.000100150412481006,0.00016226622998786,-78,-76.0479619241803,0.00217419309022854-7.32789610976423i,0.299336171527888-0.000233482826240569i,2167.67578125,0.740978449843284
115,-72.664260661079,Az_-80to-70,3.58638783233854e-05,-0.000114888499117741,7.9135582489269e-05,0.000150771894804883,-72,-72.6635952434492,-0.00479808478084209-6.52566167788352i,0.298849031786614-7.40192898907172e-05i,2156.19140625,0.741193623203365
116,-71.2252376556545,Az_-80to-70,3.28570954332348e-05,-9.63296517850799e-05,6.35309733225487e-05,0.000129279630981847,-71,-71.1659966607279,0.000185702696449291-6.16645022763116i,0.306879112123653+5.43898430609077e-05i,545.5078125,0.742207193634888
117,-78.015524722675,Az_-80to-70,2.82572335719758e-05,-0.000124716553287982,0.000104066334087907,0.000160644066938812,-79,-77.2339362979995,0.0049303342907677-7.65565369495282i,0.300205134960445-1.9163275574996e-06i,2681.6015625,0.742099503564848
118,-70.5064216291638,Az_-80to-70,4.1733385084873e-05,-0.000116598222540173,7.49503418881283e-05,0.000158428436430552,-71,-70.3064563931984,0.021912399999638-6.35649972066182i,0.308751843335507+8.3827065232453e-05i,1860.46875,0.73820968337218
119,-78.5998267767164,Az_-80to-70,2.68481337546237e-05,-0.000124716553287982,0.000105913875417299,0.000159510350740591,-79,-77.8511580814982,-0.0140032068116147-8.31615693156131i,0.291476185716319+0.000343610354622728i,1073.7890625,0.737626348417035
120,-78.7605081089171,Az_-80to-70,2.45681133758677e-05,-0.000124716553287982,0.00010071097431931,0.000150241387535587,-79,-78.8559020667295,0.00187247874318978-7.27579931347884i,0.307026008899065-0.000321032282601108i,2187.7734375,0.739093977276123
121,-70.8923876606227,Az_-80to-70,4.329413542509e-05,-0.000124404341862513,8.12236990892804e-05,0.000167587092124382,-70,-70.8115182160487,-0.00369299301352089-7.27033812012303i,0.294986765870616+0.000111383621980252i,2136.09375,0.740606548417262
122,-77.2229418261095,Az_-80to-70,2.68034570821872e-05,-0.000117657597892825,9.09258194257023e-05,0.000144503296660064,-77,-77.1665215230047,-0.00335521281858651-5.79013446572652i,0.305850458773357-8.94160796907559e-05i,829.74609375,0.740575070901077
123,-79.0094557016007,Az_-80to-70,2.54258812141819e-05,-0.000124716553287982,0.000105108634945843,0.000155890506963446,-79,-78.4770570451158,-0.012401290403548-6.5680246811592i,0.31018914473964-0.000103923553803398i,2604.08203125,0.739285951914541
124,-78.2895739753532,Az_-80to-70,2.23684139252539e-05,-0.000110315741619576,8.7959372082728e-05,0.000132635172149022,-79,-78.5376981814481,0.00841836169865907-7.08907725651997i,0.302834756645662-0.000101915850342478i,2159.0625,0.738208658942172
125,-71.634827864856,Az_-80to-70,3.50129782001779e-05,-0.000105369182187495,7.02449928290311e-05,0.000140373279984939,-72,-71.6189408987353,0.00204833526024278-4.67845550235009i,0.314927067580093-3.67750312804671e-06i,1266.15234375,0.739151975266419
126,-72.0845644794221,Az_-80to-70,2.85965178399014e-05,-8.80183422981585e-05,5.91748861240312e-05,0.000116772140905333,-71,-72.0013985119826,0.00495435345566471-5.01170735736424i,0.317853266805237+6.04081757904149e-06i,1142.6953125,0.742608749135985
127,-72.5153001386422,Az_-80to-70,3.04829268104035e-05,-9.68083263797929e-05,6.6364616806005e-05,0.000127418078804942,-72,-72.5218702857171,-0.00104458518971504-4.88906560106846i,0.318730556147609-4.812686544374e-05i,1205.859375,0.738000442196116
128,-79.0459017256908,Az_-80to-70,2.51574777579758e-05,-0.000124716553287982,0.000106797489950857,0.000157284403328568,-77,-78.5954930030669,0.00566176954067194-5.96408371623748i,0.315853953822926+0.000176986950741094i,2144.70703125,0.741511834764727
129,-73.8029464827667,Az_-80to-70,3.03181293702343e-05,-0.000103558493284047,7.29987518426102e-05,0.000133893114583286,-76,-73.6819043822975,-0.0113568617087423-5.3129676731344i,0.320622504648168+0.000162859694953436i,752.2265625,0.737577740559117
130,-75.6268577482878,Az_-80to-70,2.59334476466139e-05,-0.000100518357424905,7.45328902190064e-05,0.000126604831379557,-75,-75.5333258698272,0.0111951599166073-5.47505158198998i,0.304244415321785+8.48424762204016e-05i,1386.73828125,0.738890785821642
131,-79.134384179727,Az_-80to-70,2.5351161378411e-05,-0.000124716553287982,0.000105783964274556,0.000156231799945008,-78,-78.5100180089804,0.00153160363434387-7.85420459661635i,0.29729573257972+0.000168004583794734i,2589.7265625,0.74338945429728
132,-76.1892296867365,Az_-80to-70,3.2076837881928e-05,-0.000124716553287982,9.94400918194656e-05,0.000163425599693205,-76,-75.5762678039225,-0.0230876751921713-7.92347850353696i,0.296662414562808+0.000211946163851284i,2130.3515625,0.742298825345425
133,-72.642485187494,Az_-80to-70,3.74324552981834e-05,-0.000119857554448114,8.25622815780774e-05,0.000157436534954979,-71,-72.656005743155,0.0235489190332832-6.76305594881245i,0.300720329494295-0.000104896726607115i,1108.2421875,0.742377955036922
134,-79.9790700954035,Az_-80to-70,2.34444043243075e-05,-0.000124716553287982,0.00010929956309512,0.000156143359294715,-81,-79.3536962744221,-0.0119328531904057-5.99665104600995i,0.309068988789829-5.19631525695147e-05i,999.140625,0.738505933529503
135,-70.8508947808152,Az_-80to-70,4.20401993020941e-05,-0.000121538852435127,7.96016671108684e-05,0.000163630637327944,-69,-70.919534861857,-0.00979809041279462-6.14534205490512i,0.312759976634369-0.000216717562174742i,637.3828125,0.741346657765914
136,-78.4172519026999,Az_-80to-70,2.58760869521103e-05,-0.000124716553287982,0.000102072504145243,0.000153839275822796,-80,-78.2786232446263,0.000578378780240368-6.56429485183813i,0.313637649060375-0.000338525403110447i,2403.10546875,0.736973260480952
137,-77.8699108533627,Az_-80to-70,2.1269416539515e-05,-9.90805906445348e-05,7.78355115724827e-05,0.000120373521697439,-78,-77.8843114919071,-0.00239670903788444-4.88685442363445i,0.325081097640298+8.15012762395706e-05i,1745.625,0.74535543446052
138,-70.9289211913841,Az_-80to-70,3.60240095103711e-05,-0.000104018402057211,6.80433797070727e-05,0.000139812707484989,-71,-70.8978318218839,-0.00360101169550984-5.2204431693938i,0.313863562748076+0.000194707957776347i,2098.76953125,0.743232645785897
139,-73.7354621219223,Az_-80to-70,3.31749459562908e-05,-0.000114464965820693,8.12968273773089e-05,0.000147652574182783,-74,-73.8370269723929,-0.00296424616220829-5.64704102894626i,0.314621947265888+8.13823128064523e-05i,2411.71875,0.741093992739471
140,-73.9616388170144,Az_-80to-70,3.4948311014507e-05,-0.000121101369844482,8.6160157177152e-05,0.000156075592799311,-74,-73.902534555857,-0.0164759256125556-5.93052031037848i,0.304934543658212-6.77487863748327e-06i,2724.66796875,0.740872205563202
141,-76.4373628279126,Az_-80to-70,2.82640987371914e-05,-0.000116236301388796,8.79916288441958e-05,0.000144450458873428,-76,-76.3331589180377,-0.020467441533157-7.17268206228373i,0.300218429610771+2.59980822536685e-05i,1981.0546875,0.738911916831326
142,-77.127685532956,Az_-80to-70,2.90435968367354e-05,-0.000124716553287982,0.000100630110696608,0.000158834881057039,-77,-76.8907848581799,0.0101636955123156-8.23451360674857i,0.294274951957677+1.2118784302996e-05i,2227.96875,0.740988408361392
143,-76.0222811997819,Az_-80to-70,3.24023485650931e-05,-0.000124716553287982,9.86093617068436e-05,0.000163340550380273,-77,-75.4360926872553,-0.0184615127752336-7.10502900282006i,0.305201806692265+6.94972466692978e-05i,1452.7734375,0.740176117467726
144,-72.2305833784564,Az_-80to-70,3.12099491963465e-05,-9.70522977683506e-05,6.59853027131288e-05,0.000128284310197347,-71,-72.1733165386217,0.0154247772813277-5.11252239901002i,0.302887308883759-5.64143858099164e-06i,2207.87109375,0.739202342907807
145,-70.2525053281018,Az_-80to-70,4.34685917567614e-05,-0.000120805346691541,7.74256013140172e-05,0.000164308004281836,-70,-70.2100811951916,-0.00103073639766675-7.11313433922756i,0.304705111703665+6.67330842099995e-05i,1788.69140625,0.742441983849346
146,-77.7867923615532,Az_-80to-70,2.68216867487737e-05,-0.000124216795736495,9.73302023967937e-05,0.000151175646817887,-78,-77.815395311702,0.0243292429876494-6.61117423109068i,0.298709850214654+1.92220728634715e-05i,1897.79296875,0.736064933432281
147,-79.0588912778393,Az_-80to-70,2.41264514416946e-05,-0.000124716553287982,0.000103327633032003,0.000151628404437456,-79,-79.0513559245399,-0.0185772249695583-8.17050783861134i,0.289743422784875+0.000245002418072855i,1070.91796875,0.743106209944973
148,-71.118946409095,Az_-80to-70,3.56733518625703e-05,-0.000104479906044623,6.87470221304287e-05,0.000140208672679474,-72,-71.1481739747247,0.00727718549867379-5.39758914574522i,0.315812086555688-0.000127261664955344i,2360.0390625,0.742095173167271
149,-77.4755401268435,Az_-80to-70,2.82796488380436e-05,-0.000124716553287982,9.97891496658738e-05,0.000156428961616353,-77,-77.224141745383,0.0215694900407427-7.28320601278722i,0.300695091427061-0.000283941128040074i,600.05859375,0.740282426271503
150,-75.3093531863287,Az_-80to-70,2.97668684322314e-05,-0.00011622978959301,8.64972630428981e-05,0.00014605075288097,-75,-75.6350924250149,-0.0036344690415226-6.5892707652776i,0.304711971143471-0.000158119456489601i,2362.91015625,0.741145822780397
151,-74.4593404155033,Az_-80to-70,3.45419253827772e-05,-0.000123174230488119,8.87539369711369e-05,0.000157558206104097,-74,-74.3348341719712,0.0116645256345494-7.68998080899125i,0.304291213951892-0.000251264237024748i,2288.26171875,0.739476411857153
152,-70.2113352415129,Az_-80to-70,4.43873028617369e-05,-0.000124125947724571,7.97340902706041e-05,0.000168428633347607,-70,-70.3230055636136,-0.0171280278026111-7.814543632088i,0.295260781175288-8.29796678569542e-05i,2773.4765625,0.735653963714659
153,-77.5175354642641,Az_-80to-70,2.62165687022265e-05,-0.000117230062988814,9.0982594784646e-05,0.000143681114207364,-78,-77.3941605615523,0.00315121043537106-7.12768970061405i,0.298237115137624-2.57494746955661e-05i,913.0078125,0.738215391123504
154,-74.6286179980989,Az_-80to-70,3.36455479642114e-05,-0.000122014009362062,8.82948399152625e-05,0.00015575339812064,-75,-74.5837251612253,0.0255016434681682-7.81448045217405i,0.291228389436729+0.000268063658810339i,2517.94921875,0.738523607764862
155,-76.4133506219039,Az_-80to-70,2.81825648338986e-05,-0.000115773438561142,8.76332828537803e-05,0.000143970892849587,-77,-76.3186669746596,0.00217337806295463-7.10483638495864i,0.298023737891472-0.000103627470978834i,1136.953125,0.743575134873391
156,-72.0357536263382,Az_-80to-70,4.15626451137216e-05,-0.000124716553287982,8.65323658217564e-05,0.000169381158833818,-72,-71.5689954614995,0.0105762040553229-5.92212299838013i,0.298155297985596-0.000114995920447516i,2118.8671875,0.738853451019502
157,-75.8973145461064,Az_-80to-70,3.11470738916914e-05,-0.000123777410640441,9.26700601141214e-05,0.000155088757522225,-75,-75.8754721535041,0.0154375686337198-7.55385892654929i,0.291258932888395-9.01400527726637e-06i,2075.80078125,0.742159709033127
158,-70.8754224856834,Az_-80to-70,4.37328665758486e-05,-0.000124716553287982,8.26738451611111e-05,0.00016996329142889,-71,-70.6763705139268,-0.00314901139320825-6.79212322932336i,0.301628771264692+3.32886599252735e-05i,2543.7890625,0.741436920668083
159,-72.4547770336837,Az_-80to-70,3.87908496728946e-05,-0.000124716553287982,8.65667069560277e-05,0.000164255147272527,-72,-72.7226299769001,-0.0233098821125736-6.55892843462829i,0.308615999730064+0.000266144221860935i,2368.65234375,0.741067044226537
160,-74.1889053168863,Az_-80to-70,3.50517268223317e-05,-0.000124716553287982,9.0325019844357e-05,0.000160453512941173,-76,-74.3019224833047,0.0150116423474644-7.86313113287102i,0.292994777802164+5.03441202378968e-05i,433.53515625,0.740437157507405
161,-77.8917963553325,Az_-80to-70,2.7897268007244e-05,-0.000124716553287982,0.000102130622238414,0.000158041254306165,-78,-77.391330096812,0.000227159667502571-7.75626188298196i,0.300488102505077+0.000131241530524087i,2075.80078125,0.74048688324504
162,-79.1655483523323,Az_-80to-70,1.92583779196602e-05,-0.000100671102607723,8.14919715395761e-05,0.000119808589595804,-79,-79.1701629751324,0.00277976789138056-5.62789574139263i,0.313682865518594-7.32447915021001e-05i,2150.44921875,0.740332306445984
163,-79.0169285843313,Az_-80to-70,1.86780416273426e-05,-9.55663864493354e-05,7.69202634749537e-05,0.000114186611606736,-79,-78.9411904458321,0.00221055333267373-4.64065040669112i,0.319215165291401-0.000169733266138471i,1332.1875,0.739808423828629
164,-73.5900406165924,Az_-80to-70,3.15188855926538e-05,-0.000107830302373699,7.615419311034e-05,0.000139290979356016,-74,-73.7063154066103,-0.0121614183722566-5.19711985904017i,0.317414102710993+0.000116875190553756i,1246.0546875,0.740610880505169
165,-72.4583282242797,Az_-80to-70,3.96822063281154e-05,-0.000124716553287982,8.64466998187827e-05,0.000165413825103217,-72,-72.3500148468002,-0.0194334513580737-6.89425484581814i,0.294161403703817+0.000173850709008966i,2598.33984375,0.736325568584621
166,-74.1590562855389,Az_-80to-70,3.48413714279625e-05,-0.000122991381549895,8.8191770026402e-05,0.000157779224206671,-74,-74.1834739905506,0.0104955760188864-6.90938930917598i,0.305455815114699-0.000226076267000226i,1567.6171875,0.740380474299549
167,-74.5718490108038,Az_-80to-70,3.5665287210905e-05,-0.000124716553287982,9.40139376178956e-05,0.000165316451739545,-74,-74.04101930898,-0.00748412987344594-5.8884631143369i,0.303885610175536-0.000125535537058324i,703.41796875,0.741248262821945
168,-78.0772932415131,Az_-80to-70,2.38517916765051e-05,-0.000113609585566028,8.97692514230074e-05,0.000137550334839266,-79,-78.1432259238789,-0.0221435927128355-6.72076161306299i,0.300054491416212+0.000158283662774997i,516.796875,0.738191773005354
169,-78.0932486403226,Az_-80to-70,2.45825076128257e-05,-0.000116039847111642,9.16080474461825e-05,0.000140998981335387,-81,-78.038990934039,0.00512889164109204-5.20495879864867i,0.318589828187438-0.000377076423371987i,2302.6171875,0.740218682123461
170,-75.6277565395074,Az_-80to-70,2.69605336031677e-05,-0.000105430683094093,7.84307037040995e-05,0.000132486321923978,-77,-75.6558229334043,-0.00405430506526793-5.50313135792639i,0.305970230539672+9.73229567458045e-06i,1478.61328125,0.741770423250294
171,-78.4029561069383,Az_-80to-70,2.21361737267788e-05,-0.00010765175913797,8.55237245737889e-05,0.000129774485857164,-79,-78.3803689936519,0.0115262248581705-5.90669487234975i,0.310246106246841-0.000228521041175066i,1869.08203125,0.741619978547033
172,-74.176652991403,Az_-80to-70,2.74536606841471e-05,-9.59905196082734e-05,6.8511575941186e-05,0.000123520370848162,-73,-74.0392652114446,0.00521615778255216-5.80630304703249i,0.310123189054258-0.000118525106726379i,2865.3515625,0.739550794566304
173,-78.7876295891643,Az_-80to-70,1.8879182764026e-05,-9.48014430699266e-05,7.60751437656333e-05,0.000113810907372711,-79,-78.7372084276733,-0.010899523967042-5.9085442598014i,0.307600002939791+0.000239430162336553i,2807.9296875,0.744534424972459
174,-73.6445395404243,Az_-80to-70,2.94629655656088e-05,-9.86691051796675e-05,6.93365954066467e-05,0.000128214870406563,-73,-73.3741773322815,0.00679733906093698-5.10487914889814i,0.308164802519019-0.00020747113413936i,2124.609375,0.742319797324366
175,-75.2358430845027,Az_-80to-70,3.48786006309039e-05,-0.000124716553287982,9.55117586162387e-05,0.000165419509070716,-75,-74.3756620901283,0.0250517252683836-7.28767967587107i,0.298697960613994+0.000233905830531303i,1128.33984375,0.737888104480324
176,-79.2387761838175,Az_-80to-70,1.99243622316956e-05,-0.000109306572743993,8.91175816779012e-05,0.000129272318112766,-78,-79.6695623250474,-0.00265696007965404-4.98637917758583i,0.313529094089887-8.42519413438506e-06i,2380.13671875,0.738376612306981
177,-76.2616694955458,Az_-80to-70,2.44578214823797e-05,-0.000101510305859817,7.7009231410933e-05,0.000126019628954737,-76,-76.4533910291873,-0.0124575234227361-4.81675734593387i,0.31485220121843+0.000191209030815622i,2227.96875,0.737889083640936
178,-76.6656864314243,Az_-80to-70,2.34012913031197e-05,-9.84149409521375e-05,7.51259814961428e-05,0.000121744073303609,-76,-76.6244934446823,0.00771391118712426-6.31019162969791i,0.308987539502458+0.00024812521357799i,1501.58203125,0.738820345083578
179,-74.1694158401094,Az_-80to-70,3.43941985458122e-05,-0.000120881966450569,8.6616672579253e-05,0.000155335171674742,-75,-74.1175094935273,-0.0150833356688859-7.39739912560052i,0.29642288546036+0.000236290905285971i,1668.10546875,0.741595307197783
180,-71.9989582640475,Az_-80to-70,4.16619924282088e-05,-0.000124716553287982,8.65433065645132e-05,0.000169802556352628,-72,-71.5279265422539,0.0118293497643161-7.84872765536984i,0.289544332392323-8.76582405758969e-05i,677.578125,0.73854064850418
181,-72.4757385403126,Az_-80to-70,3.86398796436947e-05,-0.00012310880487718,8.46824027344412e-05,0.00016152396984074,-72,-72.5746106516862,0.0396392728208756-6.91516848395484i,0.307064111559737-0.000263800089584244i,2655.76171875,0.74080822804016
182,-70.4471279114946,Az_-80to-70,4.0165887003073e-05,-0.00011230691696196,7.23102744302976e-05,0.000152409427243359,-70,-70.3207183549976,-0.00596162998573262-7.16441019203097i,0.293406591385094-1.99573357021476e-05i,528.28125,0.737042329345632
183,-73.346202936452,Az_-80to-70,3.6648531552152e-05,-0.000122159075391724,8.57012626890191e-05,0.000158798647992821,-73,-73.3004076828277,0.00920876992436188-7.01982868048463i,0.296210443611859+0.000111110168296534i,1846.11328125,0.740559774407368
184,-76.1697788858268,Az_-80to-70,2.77494813144456e-05,-0.000111426276749786,8.35981193013786e-05,0.00013918889727864,-77,-76.0155940821771,-0.011145608290373-6.68531044627431i,0.305973341433911+0.000159758177158138i,2532.3046875,0.741776416158622
185,-74.5362021833515,Az_-80to-70,2.85138547350983e-05,-0.000102961720848535,7.43442386123106e-05,0.000131563052334295,-74,-74.5206495296022,0.00768972570830492-5.16570082406533i,0.317518495630465-1.34952927072773e-05i,1091.015625,0.739785215254767
186,-77.2984322404553,Az_-80to-70,2.2684433501488e-05,-9.99234054987244e-05,7.73497200051572e-05,0.000122478082534838,-77,-77.2096007544396,0.00619171174118907-5.73307150919399i,0.302453438674769+3.52754478879849e-05i,505.3125,0.741439581950793
187,-76.6952958693968,Az_-80to-70,2.60557212342107e-05,-0.000110585409968489,8.45576917830137e-05,0.000136593677075047,-76,-76.7419919424263,-0.0117208555789965-5.89188556151169i,0.313495892171751+9.71597046030906e-05i,562.734375,0.741295339794586
188,-70.1743456967467,Az_-80to-70,4.5443070818461e-05,-0.000124716553287982,8.17618221401485e-05,0.000172666021251248,-70,-69.9797363961297,-0.00694185125099238-6.66679455107247i,0.299193568410629-6.90744602382526e-05i,2104.51171875,0.74070751009014
189,-71.5449547037021,Az_-80to-70,3.60568423381319e-05,-0.00010895718682264,7.29887561800575e-05,0.000145029904574807,-72,-71.6892415573029,-0.00524838347901327-6.56534155273884i,0.298481445621317-2.7421533420606e-05i,1401.09375,0.7401445537832
190,-78.0429849502987,Az_-80to-70,2.79794398788925e-05,-0.000124716553287982,0.000104486851542245,0.000160433492215174,-78,-77.3553835755241,-0.0111953957459904-7.78763964478287i,0.300949810347222+4.65932631039459e-05i,1590.5859375,0.740677962592562
191,-76.342380690722,Az_-80to-70,3.20452277945523e-05,-0.000124716553287982,9.91483843978031e-05,0.000163442111346386,-76,-75.5898895302615,-0.00675969295419225-7.74655390744124i,0.302414930605814-2.64316622274122e-05i,1162.79296875,0.739949671176779
192,-71.797051328456,Az_-80to-70,4.11697685861006e-05,-0.000124716553287982,8.47253391801849e-05,0.000166937760548627,-72,-71.7315976681026,-0.000229601222309221-5.8621561749351i,0.308349599108257-0.000274381435176246i,1768.59375,0.738210926900123
193,-70.3616021584926,Az_-80to-70,4.10183973695149e-05,-0.000114478768376018,7.34088967938205e-05,0.000155387481965579,-70,-70.2871076617665,-0.00275245493578356-5.80564833760468i,0.304397095486584-2.61415722772815e-05i,838.359375,0.741040000028892
194,-70.839314848735,Az_-80to-70,4.4451175710057e-05,-0.000124716553287982,8.32521949527094e-05,0.000172034172201235,-71,-70.3830374285774,-0.0153049777704677-5.94543435386993i,0.311858110389541-0.000297514551691254i,1731.26953125,0.739717387650236
195,-72.9807463423457,Az_-80to-70,3.79604131795619e-05,-0.000123494466989336,8.55304956369169e-05,0.000161411092519464,-73,-72.9133288829707,0.000317619058929801-7.50768842778292i,0.29477831239578-0.000398647083111554i,677.578125,0.740752495648358
196,-69.1102193569011,Az_-70to-60,3.6799264088446e-05,-9.66188874534363e-05,5.97412049353834e-05,0.000133405029196988,-69,-69.1496492454648,-0.00796094026180861-6.32335528604585i,0.306815858948165-0.000222583121116678i,1871.953125,0.741641899114048
197,-65.0586344757208,Az_-70to-60,5.68595076928037e-05,-0.000121481543703342,6.47775719025119e-05,0.00017821070653946,-66,-64.9180284240065,-0.00519501126733996-5.86206784111348i,0.313151206989513+0.000321430732202872i,2434.6875,0.738169132958968
198,-62.4104334931784,Az_-70to-60,4.80624652374286e-05,-9.206222170584e-05,4.40084534570387e-05,0.000140152367793659,-61,-62.4325136917153,0.00941079340184446-5.96348506311652i,0.310795394135794-9.67765812408122e-05i,1392.48046875,0.737265644799358
199,-61.5900130496089,Az_-70to-60,5.47759267651688e-05,-0.000101572676930695,4.67489410492925e-05,0.000156430726573589,-62,-61.6629842239869,-0.0263528677756908-6.29395328067146i,0.308651329095321-0.000117947515235896i,1794.43359375,0.739542240518848
200,-65.9438981442381,Az_-70to-60,4.78781709996417e-05,-0.000106025662381981,5.81059914462032e-05,0.000153921561338868,-66,-65.6974195147661,0.0115825639973645-6.52814055102729i,0.294466579423155-0.000104481181091833i,1894.921875,0.740947934488254
201,-60.805702854051,Az_-70to-60,4.96992842755374e-05,-8.80945396695589e-05,3.84935867667113e-05,0.00013778572634425,-58,-60.5701119610241,0.0116467416230572-4.73946017857553i,0.31353818607488+0.000108121398329525i,1636.5234375,0.742652920141656
202,-65.7716141661838,Az_-70to-60,5.56208011382227e-05,-0.000122781207533828,6.70949644616756e-05,0.000178519773392056,-67,-65.6291196763428,-0.00369946446618339-5.99987081038501i,0.307238781101014-2.59703535305383e-06i,1602.0703125,0.740183097224337
203,-69.1262560487296,Az_-70to-60,3.54187808625349e-05,-9.25370239739977e-05,5.71887207538431e-05,0.000128074358690969,-71,-69.0555258842573,-0.0104654822856233-4.28634547899774i,0.322360965672173+0.000109033607122055i,2161.93359375,0.740281198746541
204,-65.5528492778296,Az_-70to-60,5.60587985815759e-05,-0.000123081929980906,6.7062256393056e-05,0.000179199454071877,-65,-65.5126706150059,-0.00308511149813504-7.22176405302457i,0.294759103689731+0.00020377577152518i,556.9921875,0.740243486911565
205,-61.2658759790328,Az_-70to-60,6.47061716728998e-05,-0.00011818001191083,5.36593259474254e-05,0.000182940648874319,-61,-61.2983195835164,-0.00481861127050039-5.29621531434914i,0.310581988228876+5.80234521696671e-05i,1096.7578125,0.737955775159974
206,-69.9848697497339,Az_-70to-60,4.06151451180055e-05,-0.000111659561461783,7.1279956855177e-05,0.0001523688395731,-70,-70.0116055973227,-0.0148226583513092-5.94278194396792i,0.312167681263849-0.000142342527240498i,763.7109375,0.738794487891465
207,-62.7417406532233,Az_-70to-60,5.70641339884661e-05,-0.000109721090275666,5.26600334277788e-05,0.000166685668140276,-63,-62.5218004114182,-0.0265470832356877-6.2105910449125i,0.306668679087411+4.12305852726391e-05i,1314.9609375,0.739322681426026
208,-66.8510530528751,Az_-70to-60,4.22186327191662e-05,-9.92708653317578e-05,5.71670019452707e-05,0.000141458248203852,-67,-66.9605694735067,0.00667578586197166-6.25587190795668i,0.306401363525889-2.02150587199079e-05i,1312.08984375,0.738510820855083
209,-67.7927370577168,Az_-70to-60,4.43785705690749e-05,-0.000108922648197566,6.44624395560618e-05,0.000153450224273644,-68,-67.8324465453887,0.0101033512001253-6.00023513530554i,0.308201290338718-4.62297851459709e-05i,2624.1796875,0.740588786281492
210,-65.2541846575601,Az_-70to-60,5.33229566731663e-05,-0.000115009638170772,6.17869754505571e-05,0.000168282169703206,-66,-65.1257205116587,-0.00223225797174569-5.73366314100261i,0.309350752776897-4.92827101720508e-05i,953.203125,0.738665882167931
211,-66.613527184917,Az_-70to-60,5.04670896348449e-05,-0.000117205698969714,6.67968855234841e-05,0.000167621394527353,-66,-66.7039831397061,-0.0106620351632865-5.38713841502212i,0.313008023315864+8.62620075342546e-05i,1871.953125,0.741992296621156
212,-65.2130599567669,Az_-70to-60,5.61653505385029e-05,-0.000121188687614816,6.49475606464636e-05,0.000177382936166578,-65,-65.1344589585536,0.000208677861968557-6.51641331740282i,0.299212973394879-2.17727904247914e-05i,1702.55859375,0.738942143527979
213,-67.1841697909448,Az_-70to-60,4.33791212766668e-05,-0.000103785197039801,6.04452854864273e-05,0.000147103752012202,-67,-67.3165251191435,0.0165076981014451-5.84087312297845i,0.304982387438194+0.000212616012689952i,1418.3203125,0.743759434789175
214,-63.6769194748829,Az_-70to-60,5.70202507880479e-05,-0.000115356498184391,5.82824800266794e-05,0.000172589831117004,-64,-63.6969989214173,-0.018534112087561-6.02709438033708i,0.300877087462425+8.2474085841229e-05i,780.9375,0.738190848758834
215,-67.8315696584734,Az_-70to-60,3.91347150269575e-05,-9.65436934670591e-05,5.75728555493505e-05,0.000135719462515287,-67,-67.9344553693702,-0.0148906470504696-4.82384000591407i,0.312282975599605+0.000370938161314057i,2009.765625,0.741541827451389
216,-62.2561597452373,Az_-70to-60,5.04044705979216e-05,-9.55082275608507e-05,4.52355835603736e-05,0.000146127784151021,-62,-62.1771467952281,0.036760905428026-5.24347555003118i,0.310778371059801-0.00021152841121351i,2184.90234375,0.742055167855894
217,-68.0341668260388,Az_-70to-60,5.05461775818445e-05,-0.000124716553287982,7.4866249795749e-05,0.000176183840794231,-68,-67.9378562311705,0.0119256496182276-8.04996757746691i,0.283713451866175+3.06695729284795e-05i,884.296875,0.73758052835782
218,-60.7261468540784,Az_-70to-60,6.55045407985998e-05,-0.000116277950770766,5.09605399557508e-05,0.000181685222109619,-61,-60.6055045851579,0.00420878375202979-6.41886592171172i,0.289048260478527+0.000103389299495556i,571.34765625,0.739663939786268
219,-65.039208881163,Az_-70to-60,4.87295969776715e-05,-0.000105465607789895,5.65972324796792e-05,0.000154251621527233,-64,-65.2010544619872,0.00699872237038852-5.79159481471761i,0.303080411519559-0.000204466188037038i,2678.73046875,0.739975445469665
220,-66.4159030330615,Az_-70to-60,4.14796093100243e-05,-9.38831821816923e-05,5.23508596244539e-05,0.000135306519856803,-67,-66.1631272223313,0.0089770917413811-4.21025838867355i,0.321899966853927-0.00039700453271805i,887.16796875,0.739775324253924
221,-64.5502668898349,Az_-70to-60,4.98672443955697e-05,-0.000105333655169512,5.53588819674174e-05,0.000155273538390074,-64,-64.6661069166199,-0.00289253810982127-6.46281817883892i,0.301803448402394+7.83433209231646e-05i,1047.94921875,0.738791549611833
222,-69.2103805867702,Az_-70to-60,4.0086483805116e-05,-0.000105181591329809,6.50034330538877e-05,0.000145088646465544,-69,-69.13730993054,0.0237822096998862-4.84202528197544i,0.317917467305953-2.76035547075032e-05i,1886.30859375,0.741883331746724
223,-69.6988894162101,Az_-70to-60,3.66055800489534e-05,-9.9381523681486e-05,6.28977043709326e-05,0.00013598498287609,-70,-69.7795394996738,0.00430379205948521-4.51257305001423i,0.315871038935101-3.45733837934133e-05i,1286.25,0.741785079723383
224,-67.3174211904119,Az_-70to-60,4.18454963125022e-05,-0.00010023022577715,5.84640730082147e-05,0.000142057250588599,-66,-67.3397669448681,0.00591218442643923-5.20324864691566i,0.310262841158584-0.000122032115806213i,1593.45703125,0.744262510318054
225,-61.3585731074835,Az_-70to-60,6.35879346829174e-05,-0.000115548777198925,5.21376275624213e-05,0.000179128789453238,-62,-61.1754621562603,-0.000779394521182182-5.93841358096208i,0.301585293096006-0.00024188065706951i,938.84765625,0.73786903251411
226,-63.1070266666553,Az_-70to-60,6.0733369676055e-05,-0.000119565121303967,5.90041172361676e-05,0.000180326927117741,-62,-63.0716062118083,0.0137860011765851-7.04308393081249i,0.303055120336017-0.00011251316880713i,2009.765625,0.741012233896268
227,-63.1245816696787,Az_-70to-60,5.81806805801971e-05,-0.00011486722820042,5.65534495806475e-05,0.000173243644209505,-63,-63.1376155703025,0.00575807026813889-6.8673442040235i,0.298138543383232-7.76366929161401e-05i,2672.98828125,0.741676947238409
228,-67.0958077561715,Az_-70to-60,4.70891305661728e-05,-0.0001117767881967,6.42622239855972e-05,0.000158962033400174,-68,-67.1553660090256,-0.0218957478136954-5.5930445419208i,0.310118416338888+5.70882968119885e-05i,2693.0859375,0.739156506212622
229,-66.9419931104004,Az_-70to-60,4.61362626013792e-05,-0.000108230415788705,6.20763017058245e-05,0.000154376931644518,-67,-66.912507339652,-0.00234527280492481-7.01707181788775i,0.306163297874023-1.63659031942043e-05i,2515.078125,0.742309209664619
230,-62.9995941295014,Az_-70to-60,6.05993858790447e-05,-0.000118393301823528,5.80139291247004e-05,0.000179106465807487,-63,-62.8944498610776,0.00469961063133659-5.23708599165679i,0.315913240981355-3.28831660989515e-06i,806.77734375,0.73716523977005
231,-61.1114238575148,Az_-70to-60,6.39001237211787e-05,-0.000115550751838585,5.17422658924635e-05,0.000179453245263107,-61,-61.057194337606,-0.00650106356123817-7.40178126832243i,0.29316855435963+8.70044410146292e-05i,2075.80078125,0.741650863442871
232,-65.3579927795339,Az_-70to-60,4.72668662965867e-05,-0.000103291565195571,5.59262687868931e-05,0.00015051024298166,-67,-65.410871257895,0.00391415573850266-4.61394560975849i,0.308983786775226+0.00010064352510581i,1372.3828125,0.738463878596055
233,-69.3431265140571,Az_-70to-60,4.48246010066013e-05,-0.000118243235237989,7.32891709309955e-05,0.000163041086372186,-70,-69.2388791973994,0.0277389053860139-5.90219700521014i,0.307142117049193-0.000582478950801428i,623.02734375,0.740608621017829
234,-61.5107317469721,Az_-70to-60,6.03650746428977e-05,-0.000110812097924805,5.04143657242869e-05,0.000171138285039919,-61,-61.4205873063784,0.00636514152216341-5.12860401384012i,0.304388008348457-0.000158377114785328i,2259.55078125,0.740084023593966
235,-62.8334118325558,Az_-70to-60,5.85575732776623e-05,-0.000114362906972911,5.58186476171274e-05,0.000172974351940266,-63,-62.8860591369644,0.00965812980625053-6.91673594423206i,0.303487073805742-0.000143849331393088i,643.125,0.741037370101255
236,-67.9324812993854,Az_-70to-60,4.96647178653718e-05,-0.000122304460113506,7.26204910836989e-05,0.000171901668765598,-68,-67.8991850067862,0.0172803045924745-7.36459241760466i,0.297672068278703+6.58782135702363e-05i,872.8125,0.736452381779302
237,-69.2430935719306,Az_-70to-60,3.48017161029159e-05,-9.20497107563378e-05,5.72877273752255e-05,0.00012685816942126,-70,-69.2896361865563,0.0017400051420104-4.93053134469673i,0.304198047148458-2.6046310243874e-05i,1056.5625,0.747155341587104
238,-64.9931375823576,Az_-70to-60,4.30630605677901e-05,-9.13918439782515e-05,4.85129665637843e-05,0.000134597678510331,-64,-64.7705848014844,-0.0426316010865401-5.40215251051398i,0.307170018508084+8.25783048469808e-05i,2184.90234375,0.738518021595126
239,-64.5010726297608,Az_-70to-60,5.46084249826656e-05,-0.000114126181356116,5.96251001764371e-05,0.000168607733691998,-64,-64.4292744504911,0.000865625711829105-4.99148421826399i,0.311300631544961-8.10763550924687e-05i,1826.015625,0.738617668940157
240,-61.5280931223672,Az_-70to-60,6.23789432876436e-05,-0.000114708998195186,5.23506243032886e-05,0.000177090129219912,-61,-61.4625791193306,-0.00620200641672182-5.4986341866037i,0.308393510355957-3.73697091682057e-05i,2118.8671875,0.740517844008737
241,-60.3145781783483,Az_-70to-60,6.63093170299258e-05,-0.000116522599754007,5.00240021422358e-05,0.000182702484696898,-59,-60.3571679432555,-0.00883609193044887-6.88529177880515i,0.297646055107478+7.64341790167253e-05i,370.37109375,0.740141907409794
242,-62.2933404590324,Az_-70to-60,4.42876036239234e-05,-8.46907612298043e-05,4.03276672724158e-05,0.000128896618077227,-63,-62.3934420203823,0.0196352347513521-3.91425038370506i,0.318694177138101-9.96280625963769e-05i,2121.73828125,0.741765440664268
243,-66.9256481557887,Az_-70to-60,5.2923780347531e-05,-0.000124494904274186,7.1577141718176e-05,0.000177607032764753,-66,-66.9692667242335,-0.0069660346838677-5.66706348034122i,0.315623175061498-9.64271251266621e-05i,2638.53515625,0.739552994933813
244,-63.3750559937483,Az_-70to-60,5.82567946331752e-05,-0.000116070657806094,5.78578679515837e-05,0.000174342546447856,-63,-63.347558159171,-0.0213620037594267-6.59541037707371i,0.29073706373364+0.000158571265983599i,1777.20703125,0.742795943620888
245,-68.6162209251416,Az_-70to-60,4.33627664134089e-05,-0.00011063612720967,6.7254566341841e-05,0.000153982175775434,-69,-68.5977813062537,-0.00812660931573323-5.67424078620985i,0.311305305110066+1.93464415379416e-05i,1814.53125,0.738517384529282
246,-63.064982585108,Az_-70to-60,5.0532580642539e-05,-9.9350347971195e-05,4.87315884233643e-05,0.000150117357012176,-62,-63.0407397648759,-0.00914423557773428-6.27310020973909i,0.297413111762861-1.80348591995658e-05i,1734.140625,0.740536192694311
247,-60.4444626799856,Az_-70to-60,5.51926871572945e-05,-9.62375969220165e-05,4.12290141651717e-05,0.000151487129639644,-61,-60.1655384282839,0.0173848187413128-5.48436250019474i,0.298170712883451+0.000154011279637073i,1188.6328125,0.740190620088749
248,-60.3817536816436,Az_-70to-60,6.61526784310343e-05,-0.000116806288334293,5.03986848653946e-05,0.000182915926734629,-62,-60.4751623282799,-0.00868268201271791-5.38755875791969i,0.316125195176118+9.26112553787939e-05i,1515.9375,0.740910338214601
249,-63.8456438734603,Az_-70to-60,5.91312377501372e-05,-0.00012053816497033,6.14654711856567e-05,0.000179745847353566,-64,-63.8692646722986,-0.0114374058777796-6.560364219287i,0.298944767153993-0.000117245423050957i,1300.60546875,0.738311361297357
250,-60.8440227999635,Az_-70to-60,5.41460266914765e-05,-9.66122003537448e-05,4.251503529381e-05,0.000150823729726161,-61,-60.7316764242982,-0.0166878288793544-5.14193982301868i,0.318202319832366-2.86633688027504e-05i,1016.3671875,0.735891501233378
251,-60.314135158947,Az_-70to-60,6.23792522803821e-05,-0.000109744131581425,4.73568138223332e-05,0.000171981962590907,-60,-60.3858285878311,-0.0087157007830117-6.2459474157496i,0.303675549314631+0.000198788006636967i,2159.0625,0.742897149016458
252,-62.7308286850859,Az_-70to-60,6.02679198062725e-05,-0.000116428710562245,5.62596729794376e-05,0.000176745222180776,-63,-62.6322008859633,0.00288667892820486-6.54394374432152i,0.290390978446624-6.59805584089027e-05i,1047.94921875,0.742410258024727
253,-63.9362978553038,Az_-70to-60,4.71832758536046e-05,-9.60998023309004e-05,4.89811087332367e-05,0.000143184277806001,-65,-63.8497913965341,-0.0112286213182191-4.95517580642939i,0.315898649389429-0.000132593596271775i,574.21875,0.738554280019363
254,-66.3745400127025,Az_-70to-60,5.12275045806883e-05,-0.000116954520660055,6.57465915434641e-05,0.000168220062030624,-66,-66.3459957032538,0.00660936838454442-6.56750765170231i,0.302788187601128+2.35430036155462e-05i,1616.42578125,0.740430451147087
255,-64.7142432515913,Az_-70to-60,4.43248321864298e-05,-9.3919465870935e-05,4.94547435657197e-05,0.000138076640237512,-67,-64.7352617575263,0.0504767205377196-5.51470029936137i,0.311977199093587-6.51864006378441e-05i,1533.1640625,0.740553247554396
256,-61.4587612844713,Az_-70to-60,5.92865060180659e-05,-0.00010906527090432,4.97178561528482e-05,0.000168359439011991,-60,-61.472054668927,0.0277959670970958-6.98007797645369i,0.290421426631163-9.05843363071396e-05i,1759.98046875,0.739983247126481
257,-68.4196299167817,Az_-70to-60,4.47084482574892e-05,-0.000113523582497053,6.8770143294389e-05,0.000158249556850616,-68,-68.504229466624,0.00750542116100539-7.41093321305158i,0.296721712722102-0.000198836487351965i,2230.83984375,0.738087537695814
258,-60.823571130975,Az_-70to-60,6.07035727738353e-05,-0.000108353797549587,4.75665146605991e-05,0.000168960250400338,-60,-60.7409314484252,0.00412907636757713-5.67991322725922i,0.310591165758716+7.58347424125033e-05i,2032.734375,0.736238555853473
259,-65.0354403893178,Az_-70to-60,5.53171763160304e-05,-0.00011931953888421,6.42802198179674e-05,0.000174722946926718,-65,-65.1273087704018,-0.00294632471711918-6.29864847372179i,0.310603143400924-0.000106057065951744i,1590.5859375,0.737327012422498
260,-62.6754497351513,Az_-70to-60,5.06621880139298e-05,-9.81231494558031e-05,4.74507666964116e-05,0.000148884619972217,-62,-62.6921371930957,0.00659738962610537-5.20096188526138i,0.3103949529911-6.17183546144234e-06i,881.42578125,0.738897493846757
261,-69.2637216612676,Az_-70to-60,4.59952478785537e-05,-0.000121246869097467,7.51716438941391e-05,0.00016742837423076,-69,-69.2256565647317,-0.00218382770331067-7.8020864660487i,0.293595162514704+0.000153964976741139i,2035.60546875,0.737758058107328
262,-69.9777571524899,Az_-70to-60,4.37637377474687e-05,-0.000120468269359035,7.67006997091354e-05,0.000164256594068403,-71,-70.034918631719,-0.0368548629417424-5.24117120107562i,0.309633955506699+1.32093170884182e-05i,783.80859375,0.741454017625563
263,-69.0219947781121,Az_-70to-60,3.98610387999487e-05,-0.000103614628653218,6.40328521374893e-05,0.000143394190217909,-67,-68.9580291636729,-0.00596800185471925-5.44718990970049i,0.309053824558186-0.000176306718720473i,2118.8671875,0.742024803386538
264,-63.1989971753667,Az_-70to-60,5.36016182791924e-05,-0.000105733860312823,5.19690495378799e-05,0.000159326345879408,-64,-63.1173406249861,0.00791413079917933-5.96104155254475i,0.312637542059004-0.000160605113439113i,1504.453125,0.738892992567002
265,-62.7100308948063,Az_-70to-60,4.63200881230716e-05,-9.04475993980848e-05,4.41420992386744e-05,0.000136777549875836,-63,-62.8820744884699,-0.0160226565062897-4.04967369456045i,0.325270762716805+8.81764537319467e-05i,2322.71484375,0.740831531735668
266,-68.7225989921432,Az_-70to-60,4.16631924726917e-05,-0.000106894556557927,6.51816089922146e-05,0.000148497852966452,-69,-68.7061668453115,0.0238827884824994-5.07811233824273i,0.311860670539492-0.000129214951984549i,1897.79296875,0.742873451953501
267,-61.6919008347883,Az_-70to-60,5.73832958841608e-05,-0.000106875809545413,4.94234974316707e-05,0.000164157940822341,-62,-61.7679523678092,0.00211336057877729-5.40928312005803i,0.317129588841106-9.86802831084432e-05i,1952.34375,0.740875519117378
268,-65.6882096273446,Az_-70to-60,4.62464319074138e-05,-0.000102234537013616,5.59306625343424e-05,0.000148574431224228,-65,-65.6600849172878,-0.00595574819334541-6.4422670960468i,0.307325839707946+6.44405953139013e-05i,976.171875,0.740173980678067
269,-68.1346981533592,Az_-70to-60,4.9457975898724e-05,-0.000122847148675399,7.33326127261366e-05,0.000172432786126357,-68,-68.070399035278,0.00542385172164206-7.59110109915893i,0.294816472121101+0.00015294266224427i,1613.5546875,0.736330224020198
270,-60.8207695109628,Az_-70to-60,5.2351736611569e-05,-9.36146924524436e-05,4.12890275603935e-05,0.00014597225399951,-62,-60.7849602158698,0.014813452738193-4.84333744931632i,0.321187565658224+8.21157014513352e-06i,2371.5234375,0.738226711390086
271,-62.6755546415869,Az_-70to-60,5.68631944748955e-05,-0.000109715447947275,5.28998235817209e-05,0.000166521428101004,-62,-62.6032486241248,-0.00608871072920074-6.43321371318543i,0.30881139561018-6.82779561080524e-05i,2012.63671875,0.735412755221771
272,-68.6173747184184,Az_-70to-60,4.12785738578966e-05,-0.000104931797768351,6.36666959732789e-05,0.000146130434856963,-70,-68.5260781877944,0.0174946300030156-6.87273267740142i,0.295965320061472+0.000519433264445937i,904.39453125,0.739439805735425
273,-65.3003018956104,Az_-70to-60,4.95955125008705e-05,-0.000108829873124914,5.91314755515467e-05,0.000158796550323686,-63,-65.5004874054671,-0.00332662258662166-6.01537547133601i,0.3092987033582-0.000202413800883483i,2041.34765625,0.743289179218723
274,-63.4689666366883,Az_-70to-60,5.96644407931245e-05,-0.000119231629734185,5.96663016940216e-05,0.000178955982154992,-63,-63.4162584413487,-0.00187688354380675-7.17032198976234i,0.289818857927018-1.18893564166542e-05i,1966.69921875,0.740208658676566
275,-66.4749853322479,Az_-70to-60,4.1594576088878e-05,-9.6461247353563e-05,5.50360490759096e-05,0.000138193325205379,-66,-66.6740509997808,0.0248986615474546-5.52791985649224i,0.30694275434066+0.000280264340758084i,582.83203125,0.742967103493378
276,-64.1183848470613,Az_-70to-60,5.73831100997279e-05,-0.000118049404279338,6.07591565308467e-05,0.0001754062689249,-63,-64.075890333787,-0.00520354655169588-5.43198666338816i,0.313238009557217+0.000172484433845363i,2308.359375,0.737705941440571
277,-61.9198207912886,Az_-70to-60,5.80114971946726e-05,-0.000108316327417225,5.02603088659429e-05,0.000166205960519573,-62,-61.8276193050284,-0.0193360352969327-5.14252420598187i,0.298759736576175+0.000143977975732672i,445.01953125,0.744223055948479
278,-67.4925052190541,Az_-70to-60,5.09006371488014e-05,-0.000122459873784439,7.14609954420938e-05,0.000173498255022673,-68,-67.4297106576659,0.00301332967883346-5.97618373225863i,0.31012495244603-0.00010169630798422i,826.875,0.739372084767159
279,-67.0382184980162,Az_-70to-60,3.90757428205878e-05,-9.23467967792903e-05,5.30998627322351e-05,0.000131637302179859,-66,-67.0647715294174,0.0182738555521482-4.90948457320579i,0.318933150161088+0.000200126563278009i,663.22265625,0.741764647206628
280,-64.3601271977151,Az_-70to-60,5.30284411164778e-05,-0.000110572589760096,5.76960638004531e-05,0.000163749206926628,-65,-64.3785392047731,0.000504837704200651-6.78055479450404i,0.299077931102646-5.83629287893017e-05i,2477.75390625,0.738084192525012
281,-65.3663573776764,Az_-70to-60,4.97324039042558e-05,-0.000108508689097411,5.86370105681743e-05,0.000158193721070159,-66,-65.3767604208509,0.0016960387949525-4.80934628144332i,0.31173227658102-0.000228515202525988i,2362.91015625,0.74014965795489
282,-60.73770014454,Az_-70to-60,5.88549808795171e-05,-0.000105179717740176,4.64072790399917e-05,0.000164017899766914,-61,-60.7701125219906,0.00587004317980208-5.11370540015944i,0.311461968365135-5.19665763252242e-05i,1768.59375,0.739060896616684
283,-68.5477245979199,Az_-70to-60,4.77880813174901e-05,-0.000120588830539725,7.31140737657181e-05,0.00016833542201297,-67,-68.3820995669412,-0.0190511210637261-6.14983961432365i,0.304337564853699+7.09124698011626e-05i,1935.1171875,0.74248488099008
284,-66.0763733711648,Az_-70to-60,4.00875212407094e-05,-9.08612919469637e-05,5.08033296917102e-05,0.000130975336090095,-66,-66.1931817680033,0.0104430307077024-4.89091266177605i,0.310867218129707+0.000156354810599245i,620.15625,0.739834417502296
285,-66.3181965938842,Az_-70to-60,5.43614803976006e-05,-0.000123825991754578,6.95481454943496e-05,0.000178233918665267,-66,-66.2978002311069,0.00914114426633599-6.16189792353661i,0.314864922297514+0.000112394190981323i,2176.2890625,0.738107346198747
286,-66.1703407066353,Az_-70to-60,4.16432951852668e-05,-9.35969245048432e-05,5.20125968803628e-05,0.000135164756381249,-66,-66.0146846856215,0.00992378652736721-4.80281220298244i,0.316922364349075-2.73077437209363e-05i,1831.7578125,0.739887900207936
287,-64.1801653248781,Az_-70to-60,5.86277188421667e-05,-0.000121030102183804,6.25127082374887e-05,0.000179644545978357,-64,-64.1541695451218,-0.000267069078321701-5.7570681849884i,0.304228211115663-5.84065933650901e-06i,1317.83203125,0.737755638045295
288,-64.07711920439,Az_-70to-60,5.87889877148102e-05,-0.000120237947844478,6.15574157886324e-05,0.000179042572461514,-64,-63.9442006200857,-0.00267459217795513-7.27526797679973i,0.296735906480165+2.40596749854077e-05i,1846.11328125,0.74199317822374
289,-64.5207330275413,Az_-70to-60,5.6763950219019e-05,-0.000119262685973146,6.24234134116628e-05,0.00017594348792566,-65,-64.5475447823635,-0.00535241711845521-6.66292437005077i,0.291713589325048-6.08332909298737e-05i,824.00390625,0.741194012959384
290,-60.3549682898499,Az_-70to-60,5.17386883505114e-05,-9.11720802636374e-05,3.94174453176591e-05,0.000142890072558448,-60,-60.4257869365327,0.00215892980490551-4.01294091028889i,0.314717405129138+2.37257246211084e-05i,2339.94140625,0.737944285489204
291,-65.3108424498438,Az_-70to-60,5.5438803480831e-05,-0.000119671553661459,6.42317147748876e-05,0.00017512569889562,-65,-65.143692214004,-0.00635020302452998-6.70524845143497i,0.291428359604135+9.36173165425047e-05i,1846.11328125,0.741351125519968
292,-58.4928234508201,Az_-60to-50,5.459729669534e-05,-8.9427529443769e-05,3.47445959004058e-05,0.000143965837480328,-59,-58.5950992819808,0.00365751609214706-4.94289101300802i,0.312658505449033-2.60768120615082e-05i,1490.09765625,0.73732665712004
293,-54.7763884766567,Az_-60to-50,7.7738892763067e-05,-0.000109994165827395,3.23187205238394e-05,0.000187774995989933,-55,-54.7490613755742,0.00155586274426561-6.86212528660035i,0.299063977634583+4.52438946401124e-05i,878.5546875,0.741154498611717
294,-53.4668003089843,Az_-60to-50,7.54978704953644e-05,-0.00010175096093028,2.62724867315226e-05,0.000177216274975739,-51,-53.4250725221584,0.0388726772855248-5.51398924759047i,0.314175533505481-0.000309848651174199i,399.08203125,0.740270774243784
295,-54.6049359323216,Az_-60to-50,5.69711811554025e-05,-7.99063086404053e-05,2.29590774474441e-05,0.000136810752478888,-54,-54.5120895089052,0.0125357573017556-5.18905637494462i,0.313274073060999-4.86123782073716e-06i,1484.35546875,0.739527225210127
296,-51.8194836396272,Az_-60to-50,6.4713313684924e-05,-8.30211622216266e-05,1.82754186643408e-05,0.000147553178349519,-53,-52.0643070520697,-0.0213958028818357-4.02036964510254i,0.312995485772021-5.35247431529204e-05i,586.258820564516,0.741079101908976
297,-50.7763766059273,Az_-60to-50,7.81753726443794e-05,-9.57643021983105e-05,1.76590544673397e-05,0.000174099667614832,-51,-50.7741707711254,-0.00766867825524434-4.84273904253514i,0.316302201334884+0.000123050678224386i,2101.640625,0.738786272595543
298,-52.3763975211841,Az_-60to-50,7.17912977002458e-05,-9.35633816719428e-05,2.17943830672609e-05,0.000165396590274436,-51,-52.5009289627158,0.0106181252565204-4.79027948437306i,0.311092427432144-0.000107549937600503i,1699.6875,0.742965792426858
299,-50.8209814727146,Az_-60to-50,8.30204169679882e-05,-0.00010138872752735,1.85186688327017e-05,0.00018444501510446,-51,-50.6882576413362,-0.00940482648390751-5.33250671492755i,0.303579698480184-3.36899103102889e-05i,2012.63671875,0.739516321422442
300,-50.0849991898117,Az_-60to-50,6.8032771783094e-05,-8.17359718629069e-05,1.37853018499849e-05,0.00014970929784986,-51,-50.2277634058467,0.00888692645973951-5.13817598519431i,0.312121923444321-4.07682343761331e-05i,2130.3515625,0.742153239794004
301,-58.5209773201759,Az_-60to-50,6.34058909852622e-05,-0.000103451231801624,4.01720389356423e-05,0.000166827827784969,-58,-58.4956135863964,-0.000786691092741441-6.33501329562453i,0.297882964425423+6.72184281542906e-05i,1501.58203125,0.740671439701511
302,-50.3946759783099,Az_-60to-50,8.37787633064639e-05,-0.00010141444589158,1.78042049191763e-05,0.00018512737198115,-51,-50.4397905975418,0.0070064530433184-4.51541095971148i,0.310028629177302+2.97393766088144e-05i,2170.546875,0.739674900078583
303,-58.5526880032201,Az_-60to-50,6.87773498374913e-05,-0.000112021740527522,4.29186677066016e-05,0.000180662657120672,-57,-58.4515603543688,-0.000731673915194142-5.37828849757814i,0.315131265956522-2.80606111386084e-05i,1154.1796875,0.739442414293007
304,-50.8220815149597,Az_-60to-50,8.46245388896243e-05,-0.000103589170506794,1.91742094481877e-05,0.000188146880040151,-51,-50.753769315441,-0.00149518998969124-6.63083946665528i,0.282958685872982+0.000132255498329091i,694.8046875,0.737870550100492
305,-55.2826496231717,Az_-60to-50,5.62009612733102e-05,-8.08481346162879e-05,2.45755749742961e-05,0.000137013304788585,-54,-55.1952007361843,-0.00308039331073359-4.98017536706892i,0.304686395682511-1.04673869086025e-05i,2362.91015625,0.738624030789063
306,-59.3537345790362,Az_-60to-50,6.14715966534771e-05,-0.000103248376839173,4.18393140582634e-05,0.000164589459992398,-59,-59.2314502480042,0.0109564371372176-5.57235940795034i,0.303594099184179-4.76263702817795e-05i,1504.453125,0.737478688696832
307,-58.0876365034997,Az_-60to-50,5.72610808034981e-05,-9.15450939511931e-05,3.44420082100935e-05,0.000148889442664573,-59,-57.9741895994279,0.0290158922808849-5.83622230658862i,0.304284938205672-0.000111078792592804i,1725.52734375,0.738700348286457
308,-55.9960500887272,Az_-60to-50,7.57132908796828e-05,-0.000111732068860225,3.59828486035203e-05,0.000187419789519228,-56,-55.8771535388804,-0.0239385093735923-6.45932394181257i,0.300165508404736-0.000161200535088314i,378.984375,0.739856880534373
309,-57.2021355080846,Az_-60to-50,5.46900261012169e-05,-8.45942990721842e-05,2.9749408852407e-05,0.000139233781981074,-57,-57.1174216956049,-0.00219754811482103-3.7677649604225i,0.324411730818749+8.99449152542281e-06i,1191.50390625,0.741768650939178
310,-56.4586678748142,Az_-60to-50,6.9021766448846e-05,-0.000104620605941952,3.55835345999706e-05,0.000173657226435367,-58,-56.5858080336723,0.00982476572578606-5.50068690287988i,0.306147296163002-1.44893678699631e-06i,1065.17578125,0.736778838221438
311,-56.0243470811516,Az_-60to-50,5.8669098469352e-05,-8.69690683907555e-05,2.82400504412337e-05,0.000145515660881723,-57,-55.9965040140564,0.00242123575673747-4.02684971710118i,0.314412888224345-3.11596703675247e-05i,1788.69140625,0.740092731369916
312,-54.1687150612233,Az_-60to-50,5.94874888451393e-05,-8.23971935090942e-05,2.28711554001182e-05,0.000141591438695937,-54,-54.1722171716529,-0.00181563527901413-4.77951733601684i,0.306016108495125-0.000110032653581144i,1935.1171875,0.738533893482734
313,-58.9278115105232,Az_-60to-50,6.40564390807362e-05,-0.000105927300453125,4.19701300897316e-05,0.000169814436949104,-59,-58.8377749609676,0.0044116442431815-6.07386030105198i,0.300460667725517+0.000208850151259661i,582.83203125,0.742998185934679
314,-52.0012784767486,Az_-60to-50,7.76095561922134e-05,-9.9530374398087e-05,2.19717966857243e-05,0.000177351107952292,-52,-52.0544085807346,0.00449348307533505-5.7560677292164i,0.298602635305722+6.86612241636644e-05i,640.25390625,0.740387440899053
315,-54.3967270748201,Az_-60to-50,7.47127519620465e-05,-0.000104311644766224,2.94915680399027e-05,0.000178986069747287,-54,-54.3880364984344,0.0461632448601087-4.61613054225963i,0.314850897986425+0.000100314085053184i,2316.97265625,0.738731292845532
316,-53.7241942596011,Az_-60to-50,6.88115635587078e-05,-9.40339849419578e-05,2.52704418427565e-05,0.000162809056276797,-53,-53.8043288905913,-0.00254434596190327-4.31701346548299i,0.317379957155428+7.15551752124496e-05i,493.828125,0.740452928079311
317,-51.9677761357171,Az_-60to-50,8.15082554167673e-05,-0.000104617167728026,2.30640949706014e-05,0.000186050068733454,-52,-52.0774960467767,-0.0150593849304423-4.92040113857429i,0.312219845444327+0.000175378852294322i,1923.6328125,0.741447747662723
318,-58.3308732227463,Az_-60to-50,7.05762154898419e-05,-0.000114377406031994,4.38829045761004e-05,0.000184935079935061,-58,-58.3234709981775,0.011769454242947-6.4418764144702i,0.298211844810616-0.000147848353910712i,2457.65625,0.740418883481409
319,-52.8079065167964,Az_-60to-50,8.084290076675e-05,-0.000106758060189727,2.5839532513304e-05,0.000187470664082201,-53,-52.8650510957418,0.00909639215192354-5.43349679362955i,0.303821462247717+7.08854102585976e-05i,422.05078125,0.740271825248389
320,-57.0497373492039,Az_-60to-50,6.97598591605776e-05,-0.000107321770178864,3.75257441396951e-05,0.00017710706690721,-57,-56.9758665258957,-0.00336694496131663-4.88521583452265i,0.310926411563975+5.07766468254151e-05i,2480.625,0.741587930591765
321,-51.0121575228989,Az_-60to-50,8.31884974808448e-05,-0.000102728919190083,1.96249490527686e-05,0.000185821713818724,-51,-50.9999127652305,0.0034946292754935-6.72052204895511i,0.290576134464628+4.19087408462318e-05i,2546.66015625,0.738167099021834
322,-58.6463583178989,Az_-60to-50,6.89971570372828e-05,-0.000114157132152449,4.53086518136773e-05,0.000183006806094503,-58,-58.8510189936349,0.0420243551640877-5.32494142031695i,0.321417407591618-0.000193391389079076i,1679.58984375,0.739178396879298
323,-57.3345676611829,Az_-60to-50,6.79353825556924e-05,-0.00010583114593174,3.7893862916125e-05,0.000173715713588709,-58,-57.3026858866892,0.00405747984013667-5.29902426442698i,0.309121354780641-3.77075679415112e-05i,2667.24609375,0.740412438511289
324,-57.5799890385521,Az_-60to-50,7.24859418655536e-05,-0.000114082432514429,4.16268614822396e-05,0.000186573390689958,-57,-57.5688513904548,0.017060924364579-7.05750654115754i,0.298021231676662-8.66696294714586e-05i,1042.20703125,0.738591448705457
325,-54.2793672782068,Az_-60to-50,6.42738475257024e-05,-8.92219558909986e-05,2.49768149284159e-05,0.000153545590945699,-54,-54.2317192410712,0.0107987942903608-4.38216986430457i,0.312739054606911-0.000272902662628145i,1085.2734375,0.739921539124003
326,-54.7444975444917,Az_-60to-50,7.81229522578777e-05,-0.000110009803249275,3.18873784439566e-05,0.000188056148615944,-54,-54.6197110075212,-0.00050154383749134-5.16588841666728i,0.304694265764881+0.000201708817454238i,634.51171875,0.741241376145028
327,-50.026983354445,Az_-60to-50,8.72602509240075e-05,-0.000103524760936965,1.63674752949905e-05,0.00019067074252618,-50,-49.8727099785714,-0.0195322792688625-6.45529119647558i,0.303934452105781+4.0697781791478e-05i,993.3984375,0.741153318742455
328,-54.3793186875842,Az_-60to-50,6.76655762810421e-05,-9.44807688000436e-05,2.68927587802446e-05,0.000162219224133849,-54,-54.3903830918283,0.00336757642390454-6.11681004122938i,0.2965979401098+0.000403173502691569i,2018.37890625,0.738724036321874
329,-59.6502354620211,Az_-60to-50,5.63419478746323e-05,-9.62512094971676e-05,4.01236429742416e-05,0.000152663031317727,-59,-59.656850222927,-0.00303299929122305-5.84120130150785i,0.308423385944218+0.000286488288197911i,660.3515625,0.737916541727942
330,-53.1492398101933,Az_-60to-50,7.62499441763809e-05,-0.000102069571753189,2.57877769869519e-05,0.000178180338538675,-53,-53.2388369477413,0.0159164666249172-5.54665626331825i,0.306915486385778-0.000300748768836394i,981.9140625,0.738723053439671
331,-59.0671366718899,Az_-60to-50,5.86486097424535e-05,-9.73934948039757e-05,3.88580646081668e-05,0.000155934820743284,-60,-58.9444058212316,0.00119457019991563-5.63136004936912i,0.303309983773563+0.000277350606214324i,717.7734375,0.741439892470921
332,-55.1779902679792,Az_-60to-50,7.7059841982234e-05,-0.000110857425340183,3.3820561235736e-05,0.000187864647555873,-55,-55.1958446196265,-0.0124627042641563-4.96426317577364i,0.301986451392044+0.000117686850340491i,1917.890625,0.740340750209506
333,-53.3078813756641,Az_-60to-50,7.74384383752391e-05,-0.000103278663561736,2.59286978348369e-05,0.000180587721101257,-52,-53.1374026714246,0.0322614871845894-6.54851713748672i,0.292947761606013-0.000127597725609545i,1283.37890625,0.741212090751777
334,-54.498643275554,Az_-60to-50,5.62306297599292e-05,-7.96668852727381e-05,2.33677751778802e-05,0.00013586957153132,-54,-54.7847201302244,0.0197159834346845-4.74061352452042i,0.313272479643057-8.40278980843157e-06i,852.71484375,0.738321808767907
335,-52.155056111851,Az_-60to-50,7.58270984643565e-05,-9.76542335326928e-05,2.18868781332982e-05,0.000173525570188506,-52,-52.1711783760088,-0.0102028385652609-4.30231398693366i,0.312270717245736+0.000400561726000274i,1472.87109375,0.737800160466373
336,-54.7296566597569,Az_-60to-50,7.83844023713941e-05,-0.000110242967125516,3.18101271311135e-05,0.00018849495601229,-55,-54.5866025273603,-0.0180072584931436-5.72076889458827i,0.301378361552663+3.60208671214626e-05i,1165.6640625,0.740515583775683
337,-59.8715766530644,Az_-60to-50,6.41587816615942e-05,-0.00011022414576174,4.61202475878002e-05,0.000174332362268672,-60,-59.7973609397903,-0.000445401220908401-5.89711173295432i,0.301241215402554-0.000208923093485178i,1831.7578125,0.741391190599698
338,-50.2634933908818,Az_-60to-50,8.43494633007764e-05,-0.000100756309916121,1.65203897243346e-05,0.000184907297516555,-51,-50.0651737080024,-0.00803697731059032-6.13514686901967i,0.304945262355187+0.000126804846848877i,1228.828125,0.739937111540404
339,-51.8047374848833,Az_-60to-50,8.35692749183254e-05,-0.000106044841696444,2.2537857915292e-05,0.00018949271401285,-52,-51.7599102939554,-0.00768008955347867-5.61679307969214i,0.298431543371335-0.000125771387799491i,1283.37890625,0.743030298584796
340,-54.5993343084675,Az_-60to-50,7.4747495868014e-05,-0.000105284625963898,3.03741698870928e-05,0.000180059736551669,-55,-54.6269083809869,-0.00136070598610147-4.95403835734561i,0.302929713674-8.9452384650357e-06i,1200.1171875,0.738299818911029
341,-55.49978949901,Az_-60to-50,7.46862582646897e-05,-0.000108564397334386,3.37167654542556e-05,0.00018325041796921,-56,-55.474194499176,-0.014278828037846-6.01573288921516i,0.301460680678735+4.75790612417884e-05i,1929.375,0.738960879621297
342,-55.537576712635,Az_-60to-50,7.63593405048986e-05,-0.000111571349523323,3.51691230998629e-05,0.000187893480533053,-56,-55.6122933932686,0.0128001834101463-5.53988075253487i,0.305097117923316+2.07929808694468e-05i,1742.75390625,0.738897529396912
343,-52.2873251422067,Az_-60to-50,8.27546501650133e-05,-0.000106831130292217,2.41732209948646e-05,0.000189362637191208,-53,-52.2375452107822,0.00372727884168161-6.99031310264976i,0.290043164773383-6.35299191247135e-05i,1817.40234375,0.740767983695586
344,-57.4009833961046,Az_-60to-50,6.47383922375288e-05,-0.000101196137120613,3.65082390363357e-05,0.000165764977871512,-57,-57.3916576146018,0.00803976249944358-5.45723177111161i,0.301691955038074-1.07903120966438e-05i,1119.7265625,0.741667704967526
345,-58.5610349424761,Az_-60to-50,6.65223732434691e-05,-0.000108448399991271,4.18532981163545e-05,0.000174938737759264,-58,-58.4749993700812,-0.00204761471829761-6.54421066292764i,0.292790262960773-0.00012587213396064i,643.125,0.741786940303578
346,-51.6809819276348,Az_-60to-50,6.08699959443815e-05,-7.69442324852537e-05,1.62390542672899e-05,0.000137696707888679,-53,-51.652747425972,-0.00505428017982467-3.48950553171446i,0.316221605212423-0.000333658967749725i,2115.99609375,0.739884372112834
347,-51.122019893756,Az_-60to-50,6.48851824109781e-05,-8.07087351605078e-05,1.59067335543476e-05,0.000145452899326203,-51,-51.2027193945621,0.00126643655791674-4.95743208767973i,0.307905406519673-5.40213735246362e-05i,410.56640625,0.740751214849494
348,-59.3528432918293,Az_-60to-50,6.87537195169735e-05,-0.000116638026824919,4.79550362188038e-05,0.00018532510785096,-59,-59.4822534038705,0.00956752178552098-6.96337951030987i,0.28613587338322-0.000334865100742598i,1860.46875,0.738258136568373
349,-56.0634219810692,Az_-60to-50,5.50110083134323e-05,-8.1786004303048e-05,2.6615119938638e-05,0.000136795742438832,-55,-56.07438294622,0.0462165142892923-3.99770309323704i,0.322667090505274+9.27988811680325e-05i,1602.0703125,0.738784756587436
350,-54.2109124768702,Az_-60to-50,6.76852151467376e-05,-9.36572725258114e-05,2.59404827121748e-05,0.000161324605941455,-55,-54.1447204397686,-0.0016857223409465-4.75609511367877i,0.307522492555546+0.00013082755612389i,2153.3203125,0.740840437729635
351,-57.4208550032037,Az_-60to-50,6.94204735552699e-05,-0.000108509969233646,3.91251452254804e-05,0.00017794401986172,-57,-57.3904624124587,0.00854162841657917-5.35052790958341i,0.311689748455805-0.000126454269568498i,1269.0234375,0.736713604148048
352,-54.8505600827504,Az_-60to-50,7.72209607685784e-05,-0.000109471834385414,3.21867094418762e-05,0.000186718320023926,-55,-54.8010217042713,0.000537395061825064-5.31233446913529i,0.30870646549269+7.33991604957712e-05i,772.32421875,0.733397351705775
353,-53.984727228847,Az_-60to-50,5.9438798586859e-05,-8.13650276575274e-05,2.19960541002038e-05,0.00014060190225444,-53,-53.8511159017702,-0.00682502973913968-4.60761909969957i,0.311444291196078+3.96939488453499e-05i,1470,0.740259426321019
354,-54.9186659156832,Az_-60to-50,6.05466984405459e-05,-8.63129557902168e-05,2.57772631819616e-05,0.000146721836732018,-54,-54.9511587422724,-0.00337162677469432-4.72825394489651i,0.308724871160112-0.00010545243504069i,2147.578125,0.740054902474589
355,-51.0320800235229,Az_-60to-50,7.30566165190725e-05,-9.04735149329382e-05,1.73916018584861e-05,0.000163531840446525,-51,-51.0794115686815,0.00329786248590205-4.36576061203211i,0.30668888839802-4.39798562863469e-05i,1722.65625,0.73974874487651
356,-52.2048896006907,Az_-60to-50,6.58008803380444e-05,-8.49840126848471e-05,1.92020313906378e-05,0.000150883798574624,-51,-52.2503257476957,-0.0021237125012225-3.73994168055337i,0.321646436900142-1.54339028736843e-05i,591.4453125,0.737829855965722
357,-55.0671273133608,Az_-60to-50,7.61574145521005e-05,-0.000108897599006867,3.26592977772948e-05,0.000185014336452466,-55,-55.0330251019102,0.0151305010885024-6.37079922232879i,0.289437714087062-0.000188868214087694i,1576.23046875,0.736541722245477
358,-50.3381641298268,Az_-60to-50,8.45984942126348e-05,-0.000102678449646046,1.81570389902435e-05,0.000187162579118587,-50,-50.5143185788445,0.00612907197810733-5.08207678387171i,0.309674463863614-3.64444619659968e-05i,1633.65234375,0.743615806230683
359,-54.7548727064018,Az_-60to-50,6.9511974558603e-05,-9.81930303204866e-05,2.86543203578165e-05,0.000167704359698885,-55,-54.7048843024265,-0.00269977068362753-4.31346262160156i,0.306258023548695-4.76880202598742e-05i,1228.828125,0.73655356749203
360,-59.5649112763089,Az_-60to-50,5.2142751466525e-05,-8.80115533237384e-05,3.5734558330298e-05,0.000140242022476266,-60,-59.3552312275077,0.00295379894750933-5.18686152973303i,0.310027284976071-6.30738384747864e-05i,1027.8515625,0.741525127133386
361,-56.2526049725253,Az_-60to-50,7.44528301363453e-05,-0.000111568130563145,3.70624347484855e-05,0.000185910457338727,-57,-56.2836038254785,0.0060166798948807-5.72892245848812i,0.310254533278376+7.28290004525858e-05i,1202.98828125,0.738884649867183
362,-56.1582801010225,Az_-60to-50,6.46102757892283e-05,-9.63638649459817e-05,3.18803482725276e-05,0.000160932966670488,-56,-56.1588427105722,0.0184121281661518-4.80755979669348i,0.316182005975893-8.99336132832718e-05i,861.328125,0.735636144468956
363,-54.5741903472709,Az_-60to-50,6.81678063361272e-05,-9.65902273394813e-05,2.8438047656783e-05,0.000164636500503807,-56,-54.787764324929,0.0396695468717853-5.20807117848223i,0.30291805939073-0.000448990268950858i,2652.890625,0.74257844233579
364,-59.8923474817571,Az_-60to-50,6.55891891995718e-05,-0.000113042150570491,4.73703114110743e-05,0.000178683150212369,-59,-59.8768839510044,-0.00395367894116512-5.25452132414668i,0.308922639307818+3.64451346532291e-05i,577.08984375,0.739915268757604
365,-53.5657510343115,Az_-60to-50,6.01394982384913e-05,-8.1570892595495e-05,2.14162589656416e-05,0.00014165067434473,-53,-53.5998864502132,-0.0178247251169006-4.64377597372164i,0.310993518991225+0.000156269697762675i,2408.84765625,0.739671217811034
366,-52.4160678856178,Az_-60to-50,6.12065748224039e-05,-7.95350483091862e-05,1.84649254873139e-05,0.000140738552838578,-51,-52.4197474361164,-0.00235409531519464-4.3555202228925i,0.317798300076482+8.88582059420939e-05i,740.7421875,0.737558306752737
367,-50.9302556178246,Az_-60to-50,7.76410698429872e-05,-9.60267606202111e-05,1.83437223223316e-05,0.000173792208241035,-51,-51.0432217880024,-0.00587043840733956-5.59071837306061i,0.311508670482748-0.000124180184415956i,582.83203125,0.739694376692904
368,-54.4532976031488,Az_-60to-50,5.99091965798984e-05,-8.41610349536427e-05,2.41862309827995e-05,0.000143892049031224,-55,-54.5552153100753,-0.00680769507060814-3.69970941474978i,0.322751397979807-5.7790151368961e-06i,1788.69140625,0.735720954648587
369,-53.9345731791792,Az_-60to-50,7.89697827475194e-05,-0.000108537606302932,2.9316965484737e-05,0.000187706464450699,-52,-53.961116448174,0.0192311329492609-5.90801826369637i,0.295113674302079-9.18039415587005e-05i,1171.40625,0.741702451708167
370,-56.7459127557443,Az_-60to-50,7.28355824956639e-05,-0.000111486462705715,3.86259598777145e-05,0.000184285149033401,-58,-56.8428828637984,0.0025111023478542-4.8924674979977i,0.316805487721111-5.78012788237589e-05i,370.37109375,0.741170576204353
371,-56.7877904093755,Az_-60to-50,7.3636307411091e-05,-0.000112995980992561,3.94660237239433e-05,0.000186526740138806,-57,-56.9088420768966,-0.000215544039108375-6.74503992538851i,0.292860751964115-0.000132426305276614i,852.71484375,0.738023767651694
372,-53.6929151168043,Az_-60to-50,7.41434962304454e-05,-0.000101229568128223,2.6998527857754e-05,0.000175508502973515,-52,-53.7798620215249,0.00560860252006945-5.21122618457584i,0.299350376922753+5.56001253398039e-05i,473.73046875,0.743001734248413
373,-53.2331734347001,Az_-60to-50,7.53557841695071e-05,-0.000100322201052116,2.49738731029926e-05,0.000175728142802478,-53,-53.0884076340179,-0.0119233296731937-5.43501601725655i,0.307064795013159-9.84785977793459e-05i,378.984375,0.738082958930769
374,-57.6238210897518,Az_-60to-50,7.16880177814997e-05,-0.000114178390407523,4.23452391747522e-05,0.000185901059851742,-58,-57.8769415639553,-0.025730015700805-6.96553243830838i,0.288868189668449-0.00031149547427621i,1504.453125,0.737203247844325
375,-50.4679886965015,Az_-60to-50,7.30782334358828e-05,-8.84656575690501e-05,1.52958582236891e-05,0.000161525436706064,-51,-50.441137520003,-0.00767056669092107-5.07222171080369i,0.305746778220371+0.000125543456835665i,1243.18359375,0.736280523404049
376,-59.4096894269714,Az_-60to-50,5.40557950949213e-05,-9.15158718074671e-05,3.75092826942543e-05,0.0001454436975119,-59,-59.4308743199984,-0.0031290315197533-5.66776804247764i,0.305217152568375-4.59064231635511e-05i,485.21484375,0.73854797695537
377,-57.2108077473822,Az_-60to-50,5.89821857647774e-05,-9.17030298494847e-05,3.27505680576337e-05,0.000150682524072806,-57,-57.251407673224,-0.000565564137152565-4.20031436856967i,0.31424829175649-0.00018763881015308i,1045.078125,0.741081357416398
378,-57.4686153308447,Az_-60to-50,7.08578396168049e-05,-0.000112522941367006,4.1608219078416e-05,0.000183335087030414,-58,-57.8005973333231,-0.0139140914389597-6.96596328091665i,0.301629431059378+0.000171648912119099i,1969.5703125,0.739296235502701
379,-59.2610231299712,Az_-60to-50,5.83176960584465e-05,-9.82366260637774e-05,4.00470882293967e-05,0.000156632208682561,-60,-59.3047195121687,-0.00677249469022355-4.44554957974531i,0.311349229759183+0.000234996926040634i,2374.39453125,0.740017974688599
380,-52.3877968314542,Az_-60to-50,8.00554610801109e-05,-0.000103880399775306,2.39137523834188e-05,0.000183735776199255,-52,-52.3803453131541,-0.0221458182472059-6.60766443595674i,0.288912688850684+5.61105789978478e-06i,1412.578125,0.739762930216509
381,-57.6079605572098,Az_-60to-50,5.48007891642109e-05,-8.56439145926036e-05,3.0686552219532e-05,0.000140416313935999,-58,-57.3861279385741,0.01013117120766-4.97972265828728i,0.3117430344775-0.000221261793118842i,631.640625,0.742155964275685
382,-54.5099561674245,Az_-60to-50,7.54796592386017e-05,-0.000106269092919329,3.06508932019353e-05,0.000181762489723622,-54,-54.6149963734658,0.00627274949768062-5.93131564572643i,0.297386790634214-9.26288435677269e-05i,1243.18359375,0.738062019512796
383,-58.6394318169601,Az_-60to-50,6.56277813857051e-05,-0.000108043998546762,4.24169449377814e-05,0.000173907300279109,-58,-58.7247853142752,-0.013769541511512-6.30615223612346i,0.299097266610323-6.71504389475608e-05i,892.91015625,0.739615678235286
384,-52.5955791621341,Az_-60to-50,7.67221192389773e-05,-0.000100296995463459,2.34922756333573e-05,0.000177146020373833,-54,-52.5858429108775,0.00731129970508568-5.96738193996484i,0.297325647107327-4.12597750321098e-05i,2262.421875,0.740986291249604
385,-55.185610136251,Az_-60to-50,7.57229222758548e-05,-0.000108527088529361,3.26735432631701e-05,0.000184217145571354,-55,-55.0952499783855,-0.010823456533456-6.21124874290404i,0.297490197929109-0.00028495568635177i,1521.6796875,0.740661325988155
386,-54.225085416462,Az_-60to-50,5.9462020134056e-05,-8.23813787550357e-05,2.28803419355497e-05,0.000141701671427685,-54,-54.1786417533426,0.00908802710818604-4.18645310597584i,0.319575653242373-5.50259403655357e-06i,488.0859375,0.737165959609817
387,-55.1670936730783,Az_-60to-50,7.05659910819621e-05,-0.000101502351030019,3.07392235664716e-05,0.000172266611846146,-55,-55.1923809504558,0.00116376206879212-4.73014017198961i,0.303530630694916-0.000107788532447861i,1223.0859375,0.737724999825879
388,-50.9699497213765,Az_-60to-50,8.44605842238802e-05,-0.000104434984969856,2.01036135220405e-05,0.000188873885486919,-50,-51.0362012034894,0.000695434553567725-5.07198753343216i,0.303953292865353+0.000231027524373935i,528.28125,0.738141140529631
389,-49.0194225995165,Az_-50to-40,7.29090449981639e-05,-8.3428600182529e-05,1.03523312991213e-05,0.000156434243257933,-49,-48.8494819560723,0.0128712639190902-4.34478442822354i,0.310777346187524+0.000134721478151661i,1280.5078125,0.739684659292325
390,-47.8811892236639,Az_-50to-40,7.84783471064031e-05,-8.74913032021772e-05,8.95817186706241e-06,0.000165794248466412,-47,-48.1083852519189,0.00842909491575981-3.9311275344174i,0.310155717532612+7.37229069362744e-05i,1622.16796875,0.744091171489963
391,-49.1058500775915,Az_-50to-40,7.01110431437118e-05,-8.09497325721039e-05,1.07856542789533e-05,0.000151087116868108,-49,-49.1039691005131,0.00420620968811622-5.03520552503529i,0.31518009083633+8.87691528026341e-05i,1513.06640625,0.738288380841081
392,-42.0488106839746,Az_-50to-40,0.000100173450808392,-9.02592893372438e-05,-9.85292235538725e-06,0.000190400412449897,-43,-42.0198021470714,0.00503616831361104-4.34114276279281i,0.308888481659921-6.13064597973084e-05i,2190.64453125,0.742431793369508
393,-42.5497243953489,Az_-50to-40,9.89778501490286e-05,-9.09716677241174e-05,-8.15175281791188e-06,0.00018992869922849,-43,-42.5864686972833,0.0134699329810216-4.07293764293512i,0.305274242186393-7.08830627647941e-05i,2414.58984375,0.740440902352903
394,-42.0918489957202,Az_-50to-40,9.98875893656838e-05,-9.02525095763117e-05,-9.6381679214604e-06,0.0001901957078205,-42,-42.0990989419206,-0.0041010256560543-4.13049248491827i,0.3048205753013-2.36011227320934e-05i,2285.390625,0.738072895747855
395,-46.1021852629316,Az_-50to-40,8.55886138254943e-05,-8.87840167582893e-05,3.28052954791969e-06,0.000174462187321668,-46,-46.0498356975467,-0.00562295856206231-4.51595622005501i,0.318508283531992+7.49801727633267e-05i,565.60546875,0.739348798984649
396,-47.8678653101364,Az_-50to-40,7.30600827139833e-05,-8.07589816124004e-05,7.55826327310979e-06,0.00015388640624645,-48,-47.8653575102405,-0.00492838594354582-4.57368689644822i,0.300724799838929-1.84472638689176e-05i,2776.34765625,0.73829969323555
397,-47.5027548357838,Az_-50to-40,9.14312610715884e-05,-9.93298822357597e-05,7.84434375168158e-06,0.000190640676918099,-47,-47.3710242381619,0.00427814368630311-4.85572989048582i,0.305435278976925+0.000208265308304513i,422.05078125,0.740862250159291
398,-41.0639967141392,Az_-50to-40,0.000101831566135007,-8.88851074460955e-05,-1.30762130829475e-05,0.000190604812372426,-41,-41.1165368162647,0.00502654437704356-4.71811049113254i,0.303227799325357-4.93014692821842e-05i,1693.9453125,0.741128154902523
399,-41.0692714752283,Az_-50to-40,7.77610454742625e-05,-6.76765994417111e-05,-1.00431101582457e-05,0.000145524820814985,-40,-41.0335381255716,0.00122726051084322-3.57148388981822i,0.314591541753589+3.74555891705444e-05i,1309.21875,0.739840389047184
400,-49.7764259399273,Az_-50to-40,7.93195162146552e-05,-9.36266341385419e-05,1.43764100048075e-05,0.000173026714681805,-50,-49.7290739767366,0.00252213530275422-4.24074692171934i,0.324069464827956+6.28791948114257e-05i,2383.0078125,0.739720482346264
401,-49.9591805723778,Az_-50to-40,6.43305484545511e-05,-7.68449522039707e-05,1.26615906925676e-05,0.000141129953996403,-50,-50.065703635893,0.00528153943807518-4.82982092505232i,0.312552777004566+0.000148029797109782i,735,0.741162591935098
402,-45.6590888923,Az_-50to-40,9.24623630450829e-05,-9.43741722305188e-05,1.90472362523492e-06,0.000186920734005648,-46,-45.5862599334541,0.00333643708514156-5.23625959607807i,0.302505265140774-0.000116250007843093i,1691.07421875,0.73995025765685
403,-42.205863591471,Az_-50to-40,8.50267908517203e-05,-7.74124553844562e-05,-7.57428974263635e-06,0.000162566911170323,-42,-42.3162263187324,0.000656399717578526-4.69082956814902i,0.309774013690415-0.000418820460650372i,964.6875,0.738127957856018
404,-48.9156951000667,Az_-50to-40,8.01615039224178e-05,-9.19870819747054e-05,1.18487969794501e-05,0.000172193424958132,-49,-48.9297038149686,-0.0166796423247516-4.03763274276775i,0.309140077380712-4.52832813404094e-05i,927.36328125,0.73848415302242
405,-47.2793813128042,Az_-50to-40,8.48657006218393e-05,-9.18451377734318e-05,7.00296815897221e-06,0.000176634156206014,-47,-47.2617998481624,-0.00334894683367166-5.94422974817094i,0.305221131473605+6.99626924408961e-05i,442.1484375,0.739981122664628
406,-43.1792609285684,Az_-50to-40,9.67282965029114e-05,-9.05927182165269e-05,-6.16911782492389e-06,0.000187303385143139,-43,-43.1239846216962,-0.000269813175572486-5.92822311864336i,0.284845682742696+8.4961197194082e-05i,1771.46484375,0.738224450516766
407,-42.6084481797115,Az_-50to-40,9.73171175075273e-05,-8.96260732742154e-05,-7.73530371393408e-06,0.000186958973467461,-42,-42.6441184947818,0.00407483665970431-5.67680645371718i,0.291560422233521-0.000147099679629593i,605.80078125,0.736399765993347
408,-43.0880826360508,Az_-50to-40,8.21194515616794e-05,-7.71117661158804e-05,-5.03130203475416e-06,0.000159024741262246,-43,-43.1986905012135,-0.00150715999189185-3.9932609441888i,0.300175764966691+2.06540447272655e-05i,2403.10546875,0.741572371418478
409,-41.65960361978,Az_-50to-40,0.000100772929934448,-8.9636029988402e-05,-1.12785913815852e-05,0.000190741332502097,-43,-41.6526196618131,-0.0161050440436987-4.601362968382i,0.302198138259179-0.000333690666673311i,2282.51953125,0.745060065323519
410,-43.2378197384294,Az_-50to-40,9.84661860895303e-05,-9.259467175563e-05,-5.99451459284354e-06,0.000190996888930402,-43,-43.2397904446063,-0.00654719189465787-5.40656759344171i,0.293871918826429+1.20537512973348e-05i,2678.73046875,0.739186822355189
411,-43.350494414886,Az_-50to-40,8.90868990523581e-05,-8.39893634888529e-05,-5.08247001285543e-06,0.000173072410052237,-44,-43.3129814459331,-0.00525583052480301-4.8617084901258i,0.307190501083212+0.0002543129212371i,2606.953125,0.74123231385804
412,-46.3173803367924,Az_-50to-40,9.30923483082947e-05,-9.77527493514542e-05,4.65662506355175e-06,0.000190914971058169,-45,-46.3988740372047,0.0111289593189315-5.43559650473917i,0.298852446148758+0.000130453088347852i,427.79296875,0.741977768522412
413,-45.5019846400209,Az_-50to-40,9.38250183422324e-05,-9.55585633690835e-05,1.7051113679402e-06,0.000189286730137087,-44,-45.5244490508441,-0.0283994116725465-6.08026054831706i,0.291297574331581+7.13176182505493e-07i,938.84765625,0.739607402668952
414,-43.7137227524472,Az_-50to-40,9.47243796837451e-05,-9.03992855359841e-05,-4.35951413183111e-06,0.000185151717039744,-44,-43.661626719654,0.000136525302504548-5.01887597654437i,0.309328428387492+1.63971228820878e-05i,2417.4609375,0.740145097691055
415,-47.5403248149757,Az_-50to-40,6.77045362238757e-05,-7.42317117917749e-05,6.46820634264256e-06,0.000141943681965703,-46,-47.6329871612424,-0.0158777559980749-4.74459067494768i,0.30383662514008-0.000578371388256053i,579.9609375,0.739120327633473
416,-49.8529747607803,Az_-50to-40,6.89941202239367e-05,-8.19331354445767e-05,1.29247399429013e-05,0.000150927946877405,-50,-49.8999943853092,0.00414635160108052-5.01089354376477i,0.310236080080757-0.000345579215318477i,1148.4375,0.738531784024716
417,-41.2794701419186,Az_-50to-40,7.64569636360489e-05,-6.69002899569104e-05,-9.60311206851189e-06,0.000143411290409235,-42,-41.186114790485,0.00397234086620062-2.99764925711667i,0.319384616513761-3.84222673557102e-05i,2756.25,0.740483231485819
418,-46.4652984716369,Az_-50to-40,9.22066002479398e-05,-9.69310695958351e-05,4.70836473762672e-06,0.000189133292182787,-47,-46.4308935701709,0.0204692973785776-4.45312928153543i,0.306126306598094-8.89018077752379e-05i,1917.890625,0.742334607475563
419,-45.0702295929217,Az_-50to-40,8.81057085399577e-05,-8.84292767631929e-05,2.78435533870091e-07,0.000176505128165514,-45,-45.1050164237058,0.00936872993675364-4.39374201735577i,0.308500518395518-0.00011753658737202i,2339.94140625,0.740409466720083
420,-42.5056324307833,Az_-50to-40,8.78298377226014e-05,-8.04922001723907e-05,-7.17463239291464e-06,0.000167993436874731,-44,-42.5038939566101,-0.014754383105301-4.8569952275013i,0.297170323231722+0.000157842139153139i,1848.984375,0.744238278660423
421,-48.482196675684,Az_-50to-40,6.75941698046579e-05,-7.62458029199106e-05,9.15382860798216e-06,0.000143745576513456,-48,-48.4420583859973,0.0368296916301899-3.91596292120348i,0.310847650363201+0.000352164953024592i,2222.2265625,0.73988620949648
422,-44.2285522668903,Az_-50to-40,8.30647159331684e-05,-8.06549583121602e-05,-2.31279924468183e-06,0.000163568730216457,-43,-44.15673560492,0.00559541068655091-5.14669511925575i,0.308632435525271+1.42549456973728e-05i,2164.8046875,0.736369380255158
423,-44.383264471654,Az_-50to-40,9.59665908121875e-05,-9.36954419174662e-05,-2.46753003145652e-06,0.00018968102825936,-44,-44.3139321288416,-0.00582294967152605-5.57480262728506i,0.296420854711149+0.00022280179396119i,579.9609375,0.738226341117624
424,-46.0249148983367,Az_-50to-40,9.32689608025642e-05,-9.6223536756594e-05,2.96928001221301e-06,0.000189433476394454,-45,-45.8932861101008,-0.0168319606792564-4.8671378645073i,0.31623571596341+0.000119955100024063i,1251.796875,0.739398644044967
425,-42.7031781604272,Az_-50to-40,9.92421683030213e-05,-9.16547300847719e-05,-7.56411015180406e-06,0.000190856950899301,-43,-42.7239049728545,0.00159280895207612-5.32709742589716i,0.301321659944704-0.00016165143138494i,1297.734375,0.742967233828195
426,-49.9326842503834,Az_-50to-40,7.76034505022779e-05,-9.2195500000152e-05,1.4700595132349e-05,0.000169840588984768,-50,-49.9117721577904,0.00272099192928471-4.95431563068115i,0.305369907783952+5.56385205142812e-05i,1820.2734375,0.739431631706814
427,-45.5434196520982,Az_-50to-40,8.92878718504315e-05,-9.11972937981344e-05,1.81917293289429e-06,0.000180542035533542,-46,-45.6061314637895,0.00111930065596353-4.21763175273552i,0.309234864411176+9.75963365073412e-05i,904.39453125,0.738952542549581
428,-47.2687203016882,Az_-50to-40,9.17018510509852e-05,-9.90089501385249e-05,7.45354554738833e-06,0.000190682885662343,-47,-47.1942189029635,-0.0107068603193024-6.3629090456883i,0.296554837682303+4.34429917237425e-05i,729.2578125,0.741360282278332
429,-47.8605056231307,Az_-50to-40,7.46049545207595e-05,-8.21326683037897e-05,7.31392693704386e-06,0.00015672620233384,-47,-47.7496593157278,0.00496637411232947-3.91367806226974i,0.30840976681727+2.85876097088633e-05i,1975.3125,0.739212014148252
430,-42.4423544243571,Az_-50to-40,8.87245720169367e-05,-8.11920219489924e-05,-7.48169614751683e-06,0.00016995265135731,-42,-42.4616902850672,-0.0127574202823837-4.84981236244661i,0.308819237809798+9.81610981430972e-05i,861.328125,0.741279811464319
431,-41.6030640570956,Az_-50to-40,7.99994754877711e-05,-7.10401545064619e-05,-9.01608286966416e-06,0.000151266507823306,-43,-41.6053248382658,-0.0100533204633566-3.30727988300499i,0.330053023468054+0.000241770607972334i,1263.28125,0.739933195245965
432,-43.3852892055855,Az_-50to-40,9.45640932385496e-05,-8.96056410940501e-05,-4.82500332791496e-06,0.000183982627041516,-43,-43.4577826125285,-0.0108598924413484-5.84607835265401i,0.284520343583301+9.69945819544876e-05i,1874.82421875,0.740840715967957
433,-42.2518253425367,Az_-50to-40,8.93017547039787e-05,-8.10793135267902e-05,-8.18740319835462e-06,0.00017044149089005,-42,-42.2370993944785,-0.0050488624777498-3.91733131160746i,0.312790638888818-0.000223081794301444i,2296.875,0.739618282859953
434,-42.441907157325,Az_-50to-40,7.99121810904277e-05,-7.32218810691141e-05,-6.35344143211365e-06,0.000153231046107062,-42,-42.4983858057744,-0.00015828406858361-4.47728612368348i,0.304281478865538-0.000411854238726757i,1590.5859375,0.740581084179597
435,-40.3714809900483,Az_-50to-40,8.42916689913349e-05,-7.18393191214549e-05,-1.2611014493387e-05,0.000156118779117406,-40,-40.4399823884209,-0.0142865605105744-3.95248133823538i,0.308912470975594-0.000527269946301985i,565.60546875,0.741233849479951
436,-42.7758916689359,Az_-50to-40,8.95578640487867e-05,-8.28200817664626e-05,-6.72708739435537e-06,0.000172318632562285,-43,-42.7616042248306,0.00147022606428878-4.64118299324899i,0.315209373620803-3.31972847353798e-05i,1036.46484375,0.738482537827475
437,-45.0790845373048,Az_-50to-40,9.0470965366698e-05,-9.01626193158577e-05,-3.77982986459056e-07,0.000180844125815726,-45,-44.9021947650894,-0.00188861423446259-4.89644562895536i,0.299522238586559+8.96704283805672e-05i,1625.0390625,0.741248044454699
438,-46.6664707547346,Az_-50to-40,7.82283369272655e-05,-8.28818332573427e-05,4.51859854465423e-06,0.000161036798175095,-46,-46.654467805973,-0.00194589978852134-5.36175263340569i,0.300135082287265+4.59651363297411e-05i,921.62109375,0.736255947091506
439,-43.9869996102249,Az_-50to-40,9.54009986941022e-05,-9.19464204208489e-05,-3.46807487469993e-06,0.000187363630443994,-44,-43.9436186130876,-0.00319572026022076-5.48545291187834i,0.305013072252132-7.94468008150084e-06i,884.296875,0.742961055364383
440,-48.1495209044499,Az_-50to-40,7.37726766788921e-05,-8.20139626278783e-05,8.16185028502364e-06,0.000155847590924502,-48,-48.0281875465458,-0.0180656531590155-4.85395708756328i,0.305364690468794+3.29912251535586e-05i,1737.01171875,0.739511602714174
441,-48.6463093623652,Az_-50to-40,8.62602611566606e-05,-9.703222700821e-05,1.07835129852465e-05,0.00018321347335862,-49,-48.3633625775388,0.0183570318090198-4.93649766466999i,0.303257310507019-0.000320035337951087i,2583.984375,0.736709100649246
442,-44.5029481692918,Az_-50to-40,8.95027576233576e-05,-8.75290456268544e-05,-2.05930198276018e-06,0.000176998834543648,-44,-44.3612408606254,0.00485668408533165-5.01804423955204i,0.306997200355911+1.85059788907274e-05i,2833.76953125,0.737522296065967
443,-42.528160350507,Az_-50to-40,9.64690022933643e-05,-8.83637763026008e-05,-8.1370268801155e-06,0.000184713158938385,-43,-42.4890930319261,-0.00398067029731064-5.15981278377207i,0.299424882156588+0.000214027831790177i,1857.59765625,0.739967192742414
444,-44.324003697396,Az_-50to-40,8.90828685900884e-05,-8.6851193982589e-05,-2.30293743108837e-06,0.000175945994794523,-44,-44.2732579632309,0.0142322949468745-4.64734591390962i,0.309736181925965-0.000219245114925354i,2101.640625,0.739175520071403
445,-46.2566821571029,Az_-50to-40,7.22603658038421e-05,-7.52914795230621e-05,3.02494320009697e-06,0.000147619691817739,-46,-46.1768446500845,-0.0106401599851389-3.40230669684453i,0.315915196693408+9.09464081656521e-05i,2563.88671875,0.740944182186221
446,-41.9437948034533,Az_-50to-40,0.000100119014699346,-8.98550541150722e-05,-1.02499974557996e-05,0.000189977801985963,-41,-41.9074178732674,0.00395983519794603-5.15379143654352i,0.305737064981611-7.66619306457189e-05i,1584.84375,0.739457560595047
447,-44.6000539477551,Az_-50to-40,8.66642024417172e-05,-8.59436305208199e-05,-6.82783680406453e-07,0.000172570015831393,-45,-44.7608133457094,-0.00265204059195988-3.8926581651464i,0.311801729533674+0.000142336663659773i,2449.04296875,0.738357946263936
448,-47.1607391704355,Az_-50to-40,7.95971945576512e-05,-8.54073824078238e-05,5.77117253569488e-06,0.000164936362809241,-47,-47.0166819768431,-0.000476518971605298-4.46160885048953i,0.308776293306455+0.000223300389515638i,2420.33203125,0.741146066980534
449,-46.4432368607017,Az_-50to-40,9.20923429788391e-05,-9.70695120695643e-05,4.89742379266346e-06,0.00018910816564308,-46,-46.5072013417034,0.00390352995332932-4.97536304958145i,0.300537852835072+1.95085542162785e-05i,1320.703125,0.742100792095928
450,-43.7798593147327,Az_-50to-40,9.31202573210097e-05,-8.89210802356541e-05,-4.08903248892041e-06,0.000182040390509984,-44,-43.678583292159,0.0159971202210477-4.79249877393489i,0.29998901202308-0.000176492892333929i,1343.671875,0.739565682511064
451,-40.897446496642,Az_-50to-40,9.26561427829477e-05,-7.98993842571969e-05,-1.27865548497168e-05,0.000172578195564894,-40,-40.7719047662377,-0.0115454282066195-3.99687202913503i,0.311634417554342-0.000472396330468881i,1932.24609375,0.7398626191951
452,-41.4033049652292,Az_-50to-40,9.2397748157677e-05,-8.19815827632425e-05,-1.04285606405407e-05,0.00017436534289635,-41,-41.5816244963029,-0.0147618172952658-4.19802137817148i,0.303550935851332-0.000276125082514067i,643.125,0.740282812645035
453,-46.4460973966465,Az_-50to-40,8.64544518745595e-05,-9.07062193514037e-05,4.1941441294857e-06,0.000177310725384239,-46,-46.3748061322846,0.0077692472542794-4.27110407433405i,0.320173077694408+0.000300512199038469i,1068.046875,0.736467942903994
454,-40.3411688135525,Az_-50to-40,0.000102725235926373,-8.73435258458225e-05,-1.54869393710911e-05,0.000190059248550607,-40,-40.3733026077081,0.0154058393549509-5.27300154675218i,0.296703552945339-0.000107605426239776i,2210.7421875,0.737652787395025
455,-47.9638226781617,Az_-50to-40,6.77454329743522e-05,-7.57156662825801e-05,8.01995920647206e-06,0.000143362029261615,-47,-48.179898697116,0.0189614081048232-4.01612591904845i,0.301124797868801-1.49774469667963e-05i,1536.03515625,0.739941256949462
456,-46.8629055424236,Az_-50to-40,9.03586610537788e-05,-9.65102347689804e-05,6.24157492261674e-06,0.000186865950335565,-47,-46.8854500933229,0.000715521034973948-6.27278430835092i,0.28295484342254+0.000176403334962431i,901.5234375,0.739645005415661
457,-41.0297501642973,Az_-50to-40,8.86694623975518e-05,-7.67525162897501e-05,-1.16886254000312e-05,0.000165358965361018,-41,-40.8795486349249,-0.00113679719804847-4.38276320952202i,0.311774172512089+9.42287231742722e-05i,1461.38671875,0.738318491301592
458,-42.7302382118624,Az_-50to-40,8.98619723350123e-05,-8.33509060013014e-05,-6.5751253630083e-06,0.000173316083688931,-42,-42.8472671138211,0.0132150911324142-5.21368220448892i,0.299434034737371-0.00035717127997012i,2067.1875,0.74048958930738
459,-40.6295887054978,Az_-50to-40,9.48734847797667e-05,-8.13864403009134e-05,-1.35519332096688e-05,0.00017635707632098,-40,-40.6243720613252,0.00455725717152213-4.74530711418037i,0.298807252433307-5.26952407840092e-05i,1191.50390625,0.739912655967308
460,-40.2546237892903,Az_-50to-40,9.66144867402445e-05,-8.21251490818037e-05,-1.4631600928262e-05,0.000178785433488395,-41,-40.365512735183,0.00234240391772713-5.05180601063134i,0.290239847585635-1.11158996496663e-05i,795.29296875,0.739144887406073
461,-41.0980433713628,Az_-50to-40,8.97603246465307e-05,-7.80982559236856e-05,-1.17006295242579e-05,0.00016786246590955,-41,-41.0257298847474,-0.0157953356486167-3.86677780885849i,0.308987082316514+0.000146240602174039i,1248.92578125,0.739491377504409
462,-42.0160100910133,Az_-50to-40,7.42553633162756e-05,-6.69576209186071e-05,-7.27446283006677e-06,0.000141317959319398,-42,-42.0416445658801,-0.0109083041140834-3.04221144509086i,0.31353969402422+0.00030809896837293i,522.5390625,0.741170051002312
463,-46.158148533444,Az_-50to-40,9.00471684572033e-05,-9.33818825981359e-05,3.26849718251264e-06,0.000183360388801313,-46,-46.0415144153635,0.00638565063785975-5.35252906006896i,0.296635907597286-8.07327578278283e-06i,1346.54296875,0.741898128751575
464,-48.6986752397854,Az_-50to-40,8.93992706725029e-05,-0.000101447591408866,1.20812039555316e-05,0.000190824582367631,-49,-48.6123361943515,0.00806253060145606-6.0168964594658i,0.291512138024613+0.000123193173502768i,1297.734375,0.738300015498844
465,-49.5526716009248,Az_-50to-40,8.27141445894559e-05,-9.74145314312851e-05,1.48010611697403e-05,0.000180055294417879,-50,-49.6655960813612,0.00342830434937422-4.92778663038443i,0.310715927209358-5.55137027279454e-05i,1630.78125,0.739969553044499
466,-42.2441116578392,Az_-50to-40,9.38267894915778e-05,-8.5151033449319e-05,-8.56032892010486e-06,0.000179070596091677,-44,-42.2248214399113,-0.0013958805076165-5.09916021215003i,0.293859144960878+0.00010394151375457i,752.2265625,0.740541658072679
467,-42.3498384030293,Az_-50to-40,8.92485959539727e-05,-8.14340665349133e-05,-7.79775451456531e-06,0.00017061577609402,-42,-42.3786025210316,0.000187916170549571-5.14553598854271i,0.298351806925113+0.000153168719989792i,2216.484375,0.738109461045465
468,-46.7490218457833,Az_-50to-40,7.47998022128279e-05,-7.94188448301479e-05,4.58664870859106e-06,0.000154265405143246,-47,-46.7155678466225,-0.00570186043626221-3.77769103641629i,0.313158688003953-1.96423142310512e-05i,1283.37890625,0.740395548558933
469,-45.9537404148326,Az_-50to-40,8.94678123684656e-05,-9.25079689175536e-05,3.10198815596338e-06,0.000182070878453608,-46,-45.9571160256552,0.00939706985913584-5.1206595604016i,0.304212495326728-5.50066811992392e-05i,737.87109375,0.740588244243944
470,-40.1949482944845,Az_-50to-40,9.54891634337151e-05,-8.07389989684551e-05,-1.48409599855782e-05,0.00017638932865856,-39,-40.2155382292836,-0.00621459831662707-4.17610068574611i,0.302827524806081-8.35922687958748e-05i,2173.41796875,0.73905476230326
471,-48.2290969177118,Az_-50to-40,7.71721073186575e-05,-8.63025244436247e-05,9.03352154078083e-06,0.00016338162405083,-48,-48.1967737731499,0.0125661766784064-5.01253368511701i,0.314470685360168-8.21605379868404e-05i,1059.43359375,0.742923291742243
472,-43.6568195995077,Az_-50to-40,7.24323016699619e-05,-6.92165775023703e-05,-3.28504190083399e-06,0.000141651345089613,-44,-43.6994900277998,-0.0228559134803747-3.42671223448373i,0.317771343149203+4.87562504180167e-05i,1182.890625,0.738308603837898
473,-42.3406016925148,Az_-50to-40,9.78390055284818e-05,-8.88869716243298e-05,-8.88895192387273e-06,0.000186630356097898,-42,-42.2552221081173,-0.00596862337272027-5.49201818467676i,0.300181162605135+1.77825758139113e-05i,1969.5703125,0.73931713405379
474,-47.567025848908,Az_-50to-40,8.2560213568554e-05,-9.04516514961229e-05,7.90535250024222e-06,0.000172981948555411,-48,-47.6115718716102,-0.000475155790655046-5.90294497978663i,0.293424705579664-3.45949042953458e-06i,2480.625,0.736785505694364
475,-42.1915749213732,Az_-50to-40,7.31727489796343e-05,-6.64980330450715e-05,-6.66444996715899e-06,0.000139569767818501,-40,-42.2639780909692,0.00342459046868378-3.39277586748926i,0.323497776348058+3.34784228694582e-05i,2156.19140625,0.742126072822401
476,-42.4883655546491,Az_-50to-40,9.31862977261345e-05,-8.50941373167487e-05,-8.0888156264309e-06,0.000178217974253476,-42,-42.401124688977,0.00571387384097519-4.87165991453784i,0.29196911741038+0.000106129722577425i,2190.64453125,0.740164321022415
477,-46.1416785162305,Az_-50to-40,7.83664360299568e-05,-8.15637836585444e-05,3.06221383131413e-06,0.000159866018816316,-46,-46.1453127758865,0.00647042787182492-4.84773784515532i,0.303543505873759-5.5883518179721e-05i,1955.21484375,0.740268630526769
478,-43.9084808903606,Az_-50to-40,9.31742617635306e-05,-8.94615487209897e-05,-3.77256802072443e-06,0.000182627294382936,-43,-43.8354228442463,-0.00994324743324618-3.96848731382471i,0.312073760667765+4.3417132091654e-05i,944.58984375,0.742290176119386
479,-45.2166826456833,Az_-50to-40,9.49396579998321e-05,-9.57817137560562e-05,9.06906327606416e-07,0.000190718988773562,-45,-45.252965501531,-0.0126566947699345-4.21576217808814i,0.306683292332544+0.000158875836133214i,2713.18359375,0.739386658027805
480,-44.3861835548644,Az_-50to-40,9.60881103204739e-05,-9.40961353451064e-05,-1.75569171081427e-06,0.000190382281268591,-44,-44.3999104114765,-0.0173306901235711-4.38406474132715i,0.296995695089385-0.000261924227379792i,401.953125,0.739867131570479
481,-47.7687698934749,Az_-50to-40,9.08105366461227e-05,-0.000100356465011579,9.52974737721233e-06,0.000191186409639081,-47,-47.8586915127943,-0.00978312197654299-5.50527954916422i,0.304057507094948+0.000103437099022871i,2242.32421875,0.737320941572457
482,-44.4676090488707,Az_-50to-40,9.66869266501402e-05,-9.47037165628237e-05,-1.94900566621088e-06,0.000191558681649109,-44,-44.4063163207944,-0.0074634281822888-5.03601703063046i,0.311636781463799-0.00030245187875335i,1587.71484375,0.738051455257475
483,-46.3129344450303,Az_-50to-40,7.60095289073244e-05,-7.97030065776532e-05,3.26882017720965e-06,0.000156105887077846,-45,-46.3587923851936,0.00253679073045001-4.61376960020203i,0.29901799511605+5.44880187736685e-05i,996.26953125,0.741450876485818
484,-47.3097411300394,Az_-50to-40,8.38008582210435e-05,-9.05332598051107e-05,6.71893152955484e-06,0.000174250846959976,-48,-47.2115384959897,0.00979074366252605-5.38296905012839i,0.304887153191198-3.9631895519289e-05i,1926.50390625,0.735722178934705
485,-49.8476931120234,Az_-50to-40,7.06978560272012e-05,-8.40071551611711e-05,1.33157635130392e-05,0.000154545902659418,-49,-49.9170590707199,-0.00421028898048197-4.96438892214078i,0.294765386231505-0.000196761995393153i,1662.36328125,0.738414436489427
486,-38.9541212765329,Az_-40to-30,0.000103163492453091,-8.31174792348139e-05,-1.98205527387121e-05,0.000186362633532998,-40,-38.8579395527696,-0.0151170983424107-4.29085135516705i,0.304904760669988-0.000131434109758313i,2147.578125,0.740243766123865
487,-38.3937959196467,Az_-40to-30,0.000102643688074197,-8.17478925346666e-05,-2.10623307768525e-05,0.000184545068699117,-38,-38.5346559932821,0.00274891884517864-5.17164848907993i,0.302711608525571+2.55970157134119e-05i,2583.984375,0.739875246400846
488,-37.2388754496018,Az_-40to-30,0.000102116828114582,-7.77282692475457e-05,-2.43045001278392e-05,0.0001798499469206,-37,-37.2773036034586,0.0154000695484317-4.82980785136576i,0.296491172430226-0.00029560255237842i,422.05078125,0.741801955867577
489,-38.1359897211668,Az_-40to-30,0.000106910813173977,-8.36069083905974e-05,-2.31772645138148e-05,0.000190389017424656,-38,-38.0262895774773,-0.0103137259977865-5.32261261706071i,0.29151101175177-9.26923228923848e-05i,1174.27734375,0.740075972203446
490,-37.004674089138,Az_-40to-30,9.06428539714225e-05,-6.83812002201454e-05,-2.22569465531108e-05,0.000159011651208084,-37,-37.0309952250697,-0.0069150480111621-3.37491141934381i,0.314556911615937+8.80238733986446e-05i,2609.82421875,0.74114703141964
491,-37.8275043512077,Az_-40to-30,8.91430213678695e-05,-6.92048619678881e-05,-2.00624764162747e-05,0.000158498669545666,-36,-37.8234467293263,0.0307545293576802-3.46999508697255i,0.308596701157371-0.000203022886080206i,467.98828125,0.736686641753037
492,-38.858271686456,Az_-40to-30,9.63637335081748e-05,-7.79538801569303e-05,-1.85038204099928e-05,0.000174439120777011,-39,-38.9712846297596,-0.00571155883947588-4.06430837335953i,0.302688401331574+0.000177368125639711i,2604.08203125,0.73875933144572
493,-34.6809659532557,Az_-40to-30,8.79965635770939e-05,-6.11535949828548e-05,-2.68813896031263e-05,0.000149151779974764,-35,-34.7975369611026,-0.00569100893756189-3.24369962103588i,0.312444968059465-7.98536582761258e-05i,2202.12890625,0.739454096127867
494,-31.5965723531583,Az_-40to-30,0.000111704652106938,-6.90170244191413e-05,-4.26321332145485e-05,0.000180685119412167,-31,-31.7099589440299,-0.0135435987358379-4.36391711445251i,0.301657192360053+0.000398414094472374i,1929.375,0.741698914798916
495,-35.8423290160057,Az_-40to-30,0.000101258708011357,-7.31445162977644e-05,-2.79499963113175e-05,0.000174479641082718,-36,-35.8425714084262,0.00723099705788718-3.21163673958003i,0.322141071468733+0.00027155532611526i,884.296875,0.741235902419977
496,-33.0363525114623,Az_-40to-30,0.000109326626431739,-7.12912358491313e-05,-3.79713957583998e-05,0.000180659988663263,-33,-33.1081290064619,0.000659073437374092-3.9911429307457i,0.299720170566882-2.57487094157474e-05i,2357.16796875,0.738026546943561
497,-36.8664154671609,Az_-40to-30,0.000102063573513955,-7.66727950506075e-05,-2.52715063889367e-05,0.000178898975495406,-38,-36.914822364424,0.0168870911033043-3.47093572280289i,0.31527107510683-0.000252694432957154i,1983.92578125,0.737917373324886
498,-35.261517536565,Az_-40to-30,0.00010849007829491,-7.63897803061198e-05,-3.19282075422998e-05,0.000184841902481225,-35,-35.1500527909154,-0.0216857597429937-4.51067792251309i,0.297277975307227+8.29980922993634e-06i,505.3125,0.742816179647205
499,-32.1409228832154,Az_-40to-30,0.000102538601666811,-6.41660893874707e-05,-3.83241726001497e-05,0.000166593558037169,-32,-32.0373015831524,0.0177632992725938-2.86402338833175i,0.309616511287139+0.000305458151430446i,1303.4765625,0.741134257009855
500,-39.7561742399034,Az_-40to-30,7.68175882775211e-05,-6.40507673540589e-05,-1.28029798010004e-05,0.000140897122677399,-41,-39.8214626767593,-0.00187698988250241-3.96787796731036i,0.306238535709173-2.71951710322654e-06i,545.5078125,0.739769467668358
501,-35.3410301401127,Az_-40to-30,0.000101501562207371,-7.22564247024133e-05,-2.91208209834437e-05,0.00017376329709348,-36,-35.4461131835867,0.00735209835110439-4.41243155977006i,0.295649786309555+5.08355620956677e-05i,1113.984375,0.742567549908363
502,-36.736625571725,Az_-40to-30,7.99809384104886e-05,-5.9827957607759e-05,-2.02549603015282e-05,0.000139713955099074,-37,-36.7975063869841,-0.0169475953171281-3.89483469950319i,0.305606710292111-7.04230861600721e-05i,737.87109375,0.738394296592772
503,-39.4612744914855,Az_-40to-30,9.98904219105386e-05,-8.25197001387093e-05,-1.74494922136539e-05,0.000182336166955272,-39,-39.5601880586718,0.00277985972238986-4.66776353146088i,0.30067348310494+0.000155427850147952i,1280.5078125,0.740878636841577
504,-39.6928289442522,Az_-40to-30,9.58859904223922e-05,-7.95722733710008e-05,-1.63772001963785e-05,0.000175526977627736,-39,-39.6880384657668,0.00793293750297948-3.92510263004916i,0.311033393111037-4.81910990136197e-05i,513.92578125,0.73566850881968
505,-39.1906986529721,Az_-40to-30,0.000102467773386057,-8.29160519028767e-05,-1.96405464600727e-05,0.000185202176225761,-40,-38.9794901881842,0.000918926728409294-4.00812894810386i,0.303354043314687-0.000177791821388947i,1633.65234375,0.741377500938726
506,-35.0584773220737,Az_-40to-30,9.53882636066876e-05,-6.71599252112167e-05,-2.82267003349354e-05,0.000162555657912903,-35,-35.1481910913262,0.0023155555580842-3.19615130411347i,0.313445461713158-9.34823976137603e-05i,1303.4765625,0.738498796795966
507,-39.0730550260974,Az_-40to-30,9.04491422705212e-05,-7.36448219453235e-05,-1.68128128738886e-05,0.000164232492630704,-39,-39.1529115374569,-0.00626521545998997-4.66417013172616i,0.306519391630267-5.26734681483981e-05i,2486.3671875,0.740833501994204
508,-30.24003776188,Az_-40to-30,8.60871938011041e-05,-5.02419276949775e-05,-3.57492104984517e-05,0.000136281054226873,-31,-30.2685512179542,0.0048442107200573-2.65122654871456i,0.31481419207178-4.96695437813832e-05i,1464.2578125,0.7376222143309
509,-36.930036193527,Az_-40to-30,0.000102753159496198,-7.7477799961631e-05,-2.51690092238873e-05,0.000180064619529536,-39,-37.0169751772982,-0.00377187331015296-4.59324804258608i,0.296678616570194-0.000167897054775809i,2572.5,0.740821779535298
510,-32.6411769944669,Az_-40to-30,0.000110113834251336,-7.03718148522101e-05,-3.96457900248582e-05,0.000180334900655928,-33,-32.5819305067286,0.00207010810641968-4.56618836590045i,0.296293400773879+1.82901166484103e-05i,2153.3203125,0.740238957374963
511,-33.6892528229547,Az_-40to-30,0.000112122549105229,-7.49741945497158e-05,-3.74624926360905e-05,0.000187316660185112,-34,-33.7698860561142,-0.0190712535938656-4.68956542653989i,0.287145871335179-5.6929750257291e-05i,944.58984375,0.740840058527297
512,-31.4739369267394,Az_-40to-30,0.000106882516695988,-6.54983109166748e-05,-4.14765622338021e-05,0.000172483116701725,-32,-31.5002417971045,-0.00583201243465888-4.09546136685544i,0.291593381022192+0.000160748675677523i,2090.15625,0.739383419651164
513,-36.4377202761688,Az_-40to-30,9.99786587855704e-05,-7.35486486617301e-05,-2.63357587554182e-05,0.000173682222558572,-36,-36.3398163532299,-0.00169551821192357-3.25958398675687i,0.31112613958691-8.246489926865e-05i,562.734375,0.740817863535057
514,-38.3071029418552,Az_-40to-30,8.07416973816282e-05,-6.38347696028713e-05,-1.69973793601825e-05,0.000144510745177445,-38,-38.3300640099642,0.0152509825048943-3.4869319017617i,0.307253622173725+0.000163892537993718i,2141.8359375,0.740648803982878
515,-38.6318279275108,Az_-40to-30,0.00010201442037929,-8.21699713570663e-05,-1.98764599830778e-05,0.000184115955184507,-37,-38.8505431435245,0.0202275473754074-3.92985627294132i,0.314984948287708-0.00010189904249068i,1205.859375,0.73785231047085
516,-38.0612117040582,Az_-40to-30,0.000104466684917079,-8.16920636545787e-05,-2.26978561136327e-05,0.000185956970203224,-38,-38.0251066467217,-0.00649761681760864-3.62257891099497i,0.309327279663339+8.33659469034811e-05i,2222.2265625,0.738224755624176
517,-38.5980161588905,Az_-40to-30,9.85147887315387e-05,-7.88709394713465e-05,-1.97498173161469e-05,0.000177314307613191,-38,-38.6807638531169,0.00195275744012673-5.06335291963776i,0.292880448583279-0.000125192229867205i,1128.33984375,0.741945438510988
518,-32.50696741818,Az_-40to-30,0.000113093729574018,-7.19189372308423e-05,-4.11563776286229e-05,0.000185106767050401,-33,-32.453231125425,-0.000259306258174955-3.27430930615362i,0.306956825557807+0.000174023969865711i,637.3828125,0.737472139040313
519,-37.642889172909,Az_-40to-30,0.00010530067326652,-8.10330789028934e-05,-2.41650974151016e-05,0.000186262755069897,-39,-37.5797210973763,-0.0208976818963512-4.84930334209097i,0.298121365596634+9.43048205593808e-05i,1851.85546875,0.740739844919131
520,-30.3300171811947,Az_-40to-30,0.000109753111422672,-6.45090881482551e-05,-4.51732704796682e-05,0.000174272009576014,-31,-30.4455415331452,0.0212332733733045-3.66381274320558i,0.306434453893155+0.000105295057514387i,795.29296875,0.739771430804919
521,-38.0633232544026,Az_-40to-30,8.71018665423775e-05,-6.80574960515692e-05,-1.91002311377851e-05,0.000155174919667349,-39,-38.0024751099646,-0.0186806207223777-3.8092197281887i,0.306921786937284+0.000367045964683538i,938.84765625,0.740165451570879
522,-34.6958940029895,Az_-40to-30,8.15320333484651e-05,-5.63946014181427e-05,-2.50314905248708e-05,0.000137931632697595,-35,-34.6710839975684,0.00641359809564798-3.29449209638189i,0.316711738321689+6.57682714592794e-05i,2357.16796875,0.734844335885144
523,-35.2294617982773,Az_-40to-30,8.04929908239098e-05,-5.71748438204381e-05,-2.33101950112088e-05,0.000137717559102876,-37,-35.3864962831812,-0.0132954217425266-2.88455754689341i,0.314727159338713+0.000242819603090548i,861.328125,0.740553758610546
524,-35.5305326088996,Az_-40to-30,0.000109319768622578,-7.80431481912639e-05,-3.10901395789644e-05,0.000187378611316587,-37,-35.5229600134837,0.00738552841107857-5.00518460433387i,0.291079516033446-0.000274171129550034i,1116.85546875,0.741298368123704
525,-30.3846694325231,Az_-40to-30,9.84060366407262e-05,-5.7651193148471e-05,-4.07267607734459e-05,0.000156194051059503,-30,-30.3639119550532,-0.0102546529669287-3.36951467806456i,0.302932523700532-0.000144880585554286i,855.5859375,0.739784114340702
526,-30.7672638647877,Az_-40to-30,0.00011424078238345,-6.79847831782049e-05,-4.62096678552066e-05,0.000182089494902469,-31,-30.7569115407651,0.00569837718580973-4.38075828211019i,0.291796142324256-2.03720818117634e-05i,709.16015625,0.736617749968911
527,-37.9239864869607,Az_-40to-30,0.000106774459643128,-8.31158698159061e-05,-2.36260427235673e-05,0.000189786256216809,-38,-37.8980690213293,0.000631700785896737-5.41259719380307i,0.282886078389322-0.000217538954090941i,1363.76953125,0.740178168567996
528,-32.8680642684432,Az_-40to-30,9.1041072606101e-05,-5.88189999931589e-05,-3.2217996739609e-05,0.000149933767213442,-32,-32.8653315842543,0.00266003376714006-2.82744928853119i,0.312150010171987-0.000153519808197819i,2047.08984375,0.737162155985983
529,-36.3987374986991,Az_-40to-30,9.34137921330615e-05,-6.92686723043815e-05,-2.44591552913538e-05,0.000162632946817908,-36,-36.5578630314709,-0.0292165243158211-4.36753112637589i,0.305933418102543+0.000217233598316026i,852.71484375,0.739155523507311
530,-30.2550041900365,Az_-40to-30,0.000115718484275478,-6.77791390088102e-05,-4.79354670861167e-05,0.000183497774498847,-31,-30.3585466571782,-0.0090129139525107-4.11894668154874i,0.293983266135837-5.86014008239835e-05i,691.93359375,0.740568009188867
531,-39.8878408489018,Az_-40to-30,0.000101841679108504,-8.53347410830845e-05,-1.66373904558938e-05,0.00018706190531405,-40,-39.9601697590175,0.00171688976587366-5.22176695926055i,0.29454874905231+0.000160005004859576i,970.4296875,0.739936915474689
532,-31.6258822175453,Az_-40to-30,0.000107985000281885,-6.67019602571936e-05,-4.14140109961896e-05,0.000174539994904358,-31,-31.7034815017049,0.00655257303383348-3.39673158703643i,0.305718990670763+0.000323511866216285i,844.1015625,0.738501274740464
533,-37.2038751959663,Az_-40to-30,0.000107254471197391,-8.15960642585268e-05,-2.56128554034008e-05,0.000188774653438205,-38,-37.2628158540566,0.00524232104812871-3.57976399441111i,0.308738219540915+0.000206884916161221i,2262.421875,0.741193850281551
534,-30.1648888141545,Az_-40to-30,0.000115054689156705,-6.7001679568712e-05,-4.80067900217057e-05,0.000182054741237449,-31,-30.2142267868988,0.00276269794679752-3.17703705433623i,0.307403721556318+0.000216616236415661i,671.8359375,0.74384183356154
535,-37.9026490957329,Az_-40to-30,0.000105736317139841,-8.24364966419007e-05,-2.33127414385876e-05,0.000188058489051198,-38,-37.9414833924429,-0.00913225014776688-4.69349184881541i,0.290092640809765-0.000170825782285389i,1670.9765625,0.74155595525899
536,-37.9752739066274,Az_-40to-30,0.000106296872974248,-8.30130991126616e-05,-2.32973528411903e-05,0.000189117306359572,-38,-37.9882432001062,0.00829342246497131-4.60934573904984i,0.302432956705855-1.00619350125453e-06i,1234.5703125,0.741683540264098
537,-34.331758668308,Az_-40to-30,9.35337439308384e-05,-6.41200640497836e-05,-2.94420099631841e-05,0.000157635574213461,-35,-34.4317554003191,0.00900956553561368-2.93531882011964i,0.328755965367956+4.04577620932711e-06i,1401.09375,0.737406972751816
538,-35.8768972033253,Az_-40to-30,0.000109631076853036,-7.90786244842107e-05,-3.04652710147186e-05,0.00018866890122531,-36,-35.8035059145935,0.00402107149057687-3.84398628144487i,0.317229779540435-0.000136409372070143i,1191.50390625,0.740318066372523
539,-31.7248966001845,Az_-40to-30,8.48531937976736e-05,-5.24031148650809e-05,-3.25227038237106e-05,0.00013729500996497,-31,-31.6983939389105,-0.0075707284762066-2.66889120928627i,0.309315048839315-0.00013608254429355i,1266.15234375,0.740227702015741
540,-31.892460699918,Az_-40to-30,0.00010766970122397,-6.72319064688449e-05,-4.05163114130104e-05,0.000174821473567297,-32,-31.9817832185865,-0.00238014790036575-4.00080180663833i,0.306746467666844-9.09838966852566e-06i,2078.671875,0.738505419299868
541,-37.8186379523062,Az_-40to-30,0.000104256225942591,-8.11943916915335e-05,-2.30190434814064e-05,0.000185259887358997,-39,-37.9113364324501,-0.0074683199302259-3.93430511822177i,0.312107613021798+0.000279235914326006i,2408.84765625,0.74241795904581
542,-31.5119875128902,Az_-40to-30,0.000114457456788773,-7.03043537234314e-05,-4.42449640157619e-05,0.000184781164949561,-31,-31.5599121365702,-0.0118659107233928-4.15770713743792i,0.300679988515306-3.23999543546394e-05i,542.63671875,0.741164322524713
543,-33.9123128476145,Az_-40to-30,9.66708376355618e-05,-6.53334100631033e-05,-3.13772039951865e-05,0.000161989098742216,-35,-34.0521531732963,-0.00518244075744194-3.2381389554991i,0.310312984552498+0.000114716449568578i,2624.1796875,0.740630301138283
544,-31.6718367963156,Az_-40to-30,9.8553282271463e-05,-6.10146283827498e-05,-3.76481717479877e-05,0.000159591306682933,-32,-31.7617721990849,-0.00691829214391076-2.73452584274085i,0.315466429077568-3.96327174380165e-05i,1906.40625,0.737304205251257
545,-38.1827283667083,Az_-40to-30,0.000104219841792121,-8.17962620573502e-05,-2.24818962319794e-05,0.00018597628781876,-38,-38.1263641327486,0.00452412940858961-3.81760280882847i,0.310409510544038-6.1748059347326e-05i,1762.8515625,0.741533524698888
546,-39.6371107899397,Az_-40to-30,8.48165195407272e-05,-7.05866891742468e-05,-1.40509578421176e-05,0.000155296860758786,-41,-39.768177829061,0.000957684507650212-3.08410005705453i,0.316234158954697+0.000222538845823676i,657.48046875,0.741889499161449
547,-33.7111318366597,Az_-40to-30,0.00010517220621873,-7.0363219808902e-05,-3.47512013990872e-05,0.000175572852648557,-32,-33.7836568276212,0.00461435521216681-3.39792430190937i,0.313742790824016+1.09867415815923e-05i,556.9921875,0.740141831081751
548,-33.795924193586,Az_-40to-30,9.9603602818797e-05,-6.67146162991962e-05,-3.29010182521795e-05,0.000166307558946663,-33,-33.8142245142527,-0.00328891763029691-3.46561394535552i,0.309460207834044-4.38881127362359e-05i,726.38671875,0.741374133745646
549,-39.8272458545995,Az_-40to-30,0.000103635379477625,-8.6108400909105e-05,-1.74823613942008e-05,0.000189944273926892,-40,-39.7224607885846,-0.0329613622013827-5.18555159582049i,0.296062555378797+7.82444965321399e-06i,1561.875,0.741185696946363
550,-34.6120712005689,Az_-40to-30,0.000106273404413737,-7.35165320439301e-05,-3.27542509117866e-05,0.000179740923300402,-34,-34.6742418614334,0.0280252035305751-3.43038185645565i,0.313763383769412-6.41922595176689e-05i,1355.15625,0.739326541464138
551,-30.3081092520977,Az_-40to-30,0.00010044952812487,-5.87931451187927e-05,-4.1751224237625e-05,0.000159237444772366,-31,-30.3404540192422,0.0215961339016952-3.51842417297756i,0.310648903786132-1.30300154131194e-05i,1538.90625,0.737987927039475
552,-36.3615725979085,Az_-40to-30,8.74284437736313e-05,-6.46564030777851e-05,-2.27111164445354e-05,0.000152037942361836,-36,-36.4842256778844,0.000635933144827463-3.45910796535073i,0.319652670835083-3.11361694445428e-05i,1447.03125,0.736187346568097
553,-33.4474677673758,Az_-40to-30,9.6301823576388e-05,-6.37410269995032e-05,-3.2708177000248e-05,0.000160080534732596,-34,-33.5000994807586,0.00865155408305134-3.51517922481965i,0.309769398939828-0.000130507964584692i,2581.11328125,0.74017446775022
554,-33.5841476940545,Az_-40to-30,0.000112552490397888,-7.47816465020216e-05,-3.7763379894071e-05,0.000187322901087843,-33,-33.6006888992199,0.00381257025286444-4.62380060205439i,0.294001950494042-0.000113829252322152i,2021.25,0.74154960514174
555,-31.8298442693326,Az_-40to-30,9.21274829636493e-05,-5.75630838074889e-05,-3.46674447511745e-05,0.000149732696724158,-32,-31.9979618286947,-0.00358129151576755-3.25735048900614i,0.311795797681358-0.000176707062955181i,1811.66015625,0.737097871599909
556,-36.9930167681655,Az_-40to-30,0.000105249221945313,-7.90577733618408e-05,-2.61552284404083e-05,0.000184233421193678,-37,-36.9119815270691,-0.00794649565169916-4.5725031662638i,0.296192185645103-6.21602620317213e-05i,2451.9140625,0.736525716469704
557,-36.7004048582938,Az_-40to-30,0.000108926528486501,-8.12832807576446e-05,-2.76137332205424e-05,0.000189863172461256,-38,-36.7310788144406,0.0113702530175938-3.57391800094276i,0.314557184060653-0.000218063798582586i,1139.82421875,0.740720725054229
558,-32.8816085506651,Az_-40to-30,9.10276160227161e-05,-5.87348070236595e-05,-3.2334268998347e-05,0.000149819529754318,-33,-32.8317917920471,-0.00799772931103204-3.16282053862543i,0.308285225779355-4.10137003799688e-05i,1136.953125,0.738543380492179
559,-38.7814206754299,Az_-40to-30,9.47316920914643e-05,-7.58670622805322e-05,-1.87986507800951e-05,0.000170731335081798,-39,-38.689929197449,-0.00528909256824084-4.67133375375696i,0.306207979274927-0.000114868238958739i,1269.0234375,0.738684088986283
560,-39.5608029174595,Az_-40to-30,9.50733522481092e-05,-7.84674653725613e-05,-1.66635128402958e-05,0.000173518487043749,-38,-39.5340861122814,-0.00815512748844046-3.89682780101512i,0.309085528788765+1.65026848547647e-05i,1091.015625,0.739103638178243
561,-35.6794794938047,Az_-40to-30,9.56925594651428e-05,-6.86897382253556e-05,-2.71201438097516e-05,0.000164359212920719,-37,-35.6714248954989,-0.00842323603486203-3.38638976011322i,0.312667861087607+2.18044691786684e-05i,1128.33984375,0.738719777792399
562,-38.3046308967931,Az_-40to-30,8.83888675535782e-05,-7.02545592798749e-05,-1.82073564420656e-05,0.000158537655923915,-39,-38.4789038123735,0.00831895794723373-3.52276439473699i,0.318289205399213+0.000345799807737586i,772.32421875,0.738596078324578
563,-32.7468975409603,Az_-40to-30,0.000109787684606242,-7.05142747063364e-05,-3.92076712628316e-05,0.000180287893333936,-33,-32.7117630603977,-0.00106764458747532-3.17934672101165i,0.311121747088272-0.000182540754395222i,786.6796875,0.741882239072054
564,-37.8171077093697,Az_-40to-30,7.7975895346403e-05,-6.06215732191021e-05,-1.75409290359476e-05,0.00013858896469993,-38,-37.8629199778719,-0.0155672611747139-2.66552360710493i,0.324371996880031+0.000210991260928779i,2024.12109375,0.740069342571357
565,-36.2143845933715,Az_-40to-30,9.14732922341198e-05,-6.70889454426268e-05,-2.43155025679517e-05,0.000158592611567541,-37,-36.25731247792,-0.0158367810218109-3.9928859896591i,0.303737995288109-0.000301586840996959i,2741.89453125,0.743074181969911
566,-30.5490180826679,Az_-40to-30,0.000101492232775487,-5.97655812041548e-05,-4.18215959207455e-05,0.000161219185698482,-31,-30.4924919768782,-0.00252254699573825-3.03785958021961i,0.306102166192361-2.6808367766612e-05i,1719.78515625,0.740173804557581
567,-37.0969097399571,Az_-40to-30,8.8380930270811e-05,-6.7479854633599e-05,-2.09235773097759e-05,0.000155668628498029,-37,-37.3621493510556,-0.0407411578692177-4.33380150836973i,0.305092108813853+0.000337556908280849i,979.04296875,0.742944395177007
568,-39.7580337506369,Az_-40to-30,9.9946754141873e-05,-8.3077915919441e-05,-1.70215323799023e-05,0.000182972868109542,-40,-39.7340960421264,0.0120757416961213-4.4961623221114i,0.300688240465257-0.00017006810238876i,789.55078125,0.740849091784541
569,-37.9956660432669,Az_-40to-30,7.47698882719566e-05,-5.8654003574375e-05,-1.6189399118832e-05,0.00013361514661593,-37,-38.1127735267293,-0.00737818774381379-3.0463471977462i,0.316541469733538+0.000139232680132426i,1487.2265625,0.741343154244755
570,-37.9578492895147,Az_-40to-30,9.08348916541978e-05,-7.04862469075216e-05,-2.03936195716915e-05,0.000161266211360218,-37,-37.8108215164674,-0.00983682978113725-3.69178189505525i,0.30032226480426-1.21856022919503e-05i,1449.90234375,0.742198232017436
571,-39.270927964481,Az_-40to-30,8.33908592474603e-05,-6.82371909209452e-05,-1.51750033966281e-05,0.000151604471136208,-38,-39.2928251863434,0.0158023785762579-3.18645298929415i,0.312543284928496-0.000364099824381854i,2377.265625,0.739164755797974
572,-39.2816411058857,Az_-40to-30,8.03951133956233e-05,-6.61635740146522e-05,-1.41220704441201e-05,0.000146510863699471,-39,-39.4536987418272,-0.0141221400370877-3.94762614938777i,0.313490461113879-0.000186854266175325i,2288.26171875,0.740162981259503
573,-37.4663040855259,Az_-40to-30,9.74321410677084e-05,-7.44203086941179e-05,-2.29948052748382e-05,0.000171997136477734,-38,-37.3731999793322,-0.0018003964156542-3.37280344569609i,0.32800856499433+5.15515865267061e-05i,1524.55078125,0.741207638414544
574,-36.9599824673268,Az_-40to-30,0.000107859624836799,-8.09097784558488e-05,-2.68970293681342e-05,0.000188671765999216,-36,-36.8750172291416,0.00302483585028468-4.62920029551959i,0.301895717989182-0.000139815616143991i,769.453125,0.734531166421698
575,-37.2550244602464,Az_-40to-30,7.73598712321738e-05,-5.89549882379165e-05,-1.8440627549344e-05,0.000136468893168349,-38,-37.3105710299504,0.00168229300829176-3.22765729341172i,0.317140738643753+6.93497080459585e-05i,1458.515625,0.739932812951259
576,-33.2424122238886,Az_-40to-30,0.000109766520483993,-7.20429322726748e-05,-3.78239540267092e-05,0.00018177542265002,-33,-33.2780449977416,0.0116806372602356-4.20391396728277i,0.304036337355808-0.000376846173699645i,763.7109375,0.739996329050822
577,-37.4351826067441,Az_-40to-30,0.000106425192061015,-8.15691671985336e-05,-2.48101777856555e-05,0.000187849226867085,-38,-37.4682173496629,0.00504366644718161-4.21995233130518i,0.305278870895687-7.12930535060816e-05i,2161.93359375,0.736447776396926
578,-35.1200170250483,Az_-40to-30,7.99053653902416e-05,-5.61110679376464e-05,-2.37153495719421e-05,0.00013596320411397,-34,-35.0772607241201,0.015147405183263-3.53077854298345i,0.307544458435034-1.17854943021412e-06i,1725.52734375,0.737426379143922
579,-36.5442213114592,Az_-40to-30,0.00010060755474003,-7.49381254227171e-05,-2.56166472382604e-05,0.00017560282611808,-37,-36.6807989336839,-0.0192225192465286-3.75691465190953i,0.308095761829834-0.000134372677413716i,1897.79296875,0.739833212674398
580,-39.9359605964993,Az_-40to-30,0.00010274258459613,-8.62979662412447e-05,-1.64325666490896e-05,0.000188947803835553,-40,-40.0283612738345,-0.000584052872168087-5.52913449413591i,0.284796078983767+0.000128926882520426i,1587.71484375,0.741757846583137
581,-30.1283900449625,Az_-40to-30,8.57414805701944e-05,-4.97712780894992e-05,-3.58049407920821e-05,0.000135463099636458,-30,-30.1343397251754,0.0044886129659914-2.39702559519613i,0.32431902373242-3.65883355473023e-05i,413.4375,0.73824174556338
582,-32.097637831474,Az_-40to-30,9.02169341271541e-05,-5.69903018176081e-05,-3.31965077562585e-05,0.000147126814152812,-32,-32.2807221956195,0.0056959886022803-3.12088366740798i,0.304618105556133-1.55427226707569e-05i,1145.56640625,0.740576878518742
583,-22.2913272371755,Az_-30to-20,0.000124716553287982,-5.13431144578735e-05,-7.39273973579967e-05,0.000176853847471774,-22,-22.3759081487026,-0.00554371045018193-2.98684022863438i,0.300116023656877-0.000325022256217458i,1283.37890625,0.740600228588587
584,-29.9528574245129,Az_-30to-20,0.000116767852553583,-6.72847405852463e-05,-4.93049408772116e-05,0.000184091822160387,-30,-29.9516896125881,0.0145712488619453-3.95615410424096i,0.288427441490038-3.80649800037908e-05i,1863.33984375,0.740243218427028
585,-22.9532119973467,Az_-30to-20,0.000122696620167705,-5.19586068863037e-05,-7.08694968755888e-05,0.000175006939983979,-22,-22.9513067412985,0.0109927068076681-3.0910750211909i,0.295576405218357+8.73990834380778e-05i,2446.171875,0.737460336704536
586,-25.7863649333251,Az_-30to-20,0.000120898815885581,-5.85776608617716e-05,-6.24291144253978e-05,0.000179580994516792,-26,-25.8510266957953,-0.0088432153677878-3.46001844788444i,0.295390731560601-0.000280328030528285i,867.0703125,0.741367984061629
587,-20.1823750496661,Az_-30to-20,0.000118618398028455,-4.35945276191493e-05,-7.50327939621897e-05,0.000162127805447831,-20,-20.1793445168716,-0.00225134091567473-2.312894274058i,0.30141906376349-8.71905252083915e-06i,1777.20703125,0.740828207601649
588,-24.3462818170434,Az_-30to-20,0.000117419044381408,-5.29080409673337e-05,-6.45477221139469e-05,0.000170398302293513,-25,-24.2559295592831,-0.000826251366032406-3.23502940201816i,0.299969287709271+0.000158390060386433i,1975.3125,0.738938297350128
589,-25.3535867200512,Az_-30to-20,0.000111330656379273,-5.30177792790055e-05,-5.82534245084266e-05,0.000164373545081209,-26,-25.464679530815,-0.0118557670217735-2.37613295611661i,0.314497649372828+0.000227085046550203i,1378.125,0.737425983429895
590,-23.3938698127642,Az_-30to-20,8.91208980360449e-05,-3.85382724751432e-05,-5.05475882645851e-05,0.000127607026952973,-24,-23.3849533656441,0.00361295655950128-1.7706246859834i,0.314788004092414-0.000122236156435574i,1975.3125,0.736766318292055
591,-23.8780259589548,Az_-30to-20,0.000103817307120089,-4.64048599845887e-05,-5.72496593887736e-05,0.000150188316063391,-24,-24.0839642324211,-0.00695259668594048-2.49810442654145i,0.304925768237844+6.01480043777025e-05i,2052.83203125,0.740126003963346
592,-25.8669229329446,Az_-30to-20,9.01171862181666e-05,-4.35095998896159e-05,-4.65499392563639e-05,0.000133704330262306,-27,-25.7717774894944,0.00816403933885417-2.80776114641944i,0.304646595131355-0.000293659079849982i,846.97265625,0.742231793720925
593,-20.9923611811835,Az_-30to-20,0.000105953781895598,-4.02378672147277e-05,-6.58662422044459e-05,0.000146310407932524,-21,-20.7951801298297,-0.0339225133673423-2.62197323748615i,0.297036048227865+0.000246447173463386i,2156.19140625,0.743250365027006
594,-25.0078769621255,Az_-30to-20,0.00012087871219173,-5.63533107246026e-05,-6.46564802868716e-05,0.00017740224317531,-25,-24.9947988473183,-0.026345710876447-2.56808018712091i,0.308027587729303-9.90805274630052e-05i,2130.3515625,0.740812395723484
595,-21.5418315662936,Az_-30to-20,0.000117753249408117,-4.63702703768033e-05,-7.13570273532061e-05,0.000164002850535229,-21,-21.4941161644847,0.0448856773756046-2.95564232915191i,0.299281932274779-6.82939170828373e-05i,1490.09765625,0.737405051606691
596,-23.5242616793299,Az_-30to-20,0.000116977640327655,-5.1239420355936e-05,-6.55719213210978e-05,0.000168324877535518,-24,-23.6547395274035,0.00603616453838329-2.38449381488793i,0.31390586247731+4.5513498226811e-05i,2018.37890625,0.740931686089256
597,-24.2036981504906,Az_-30to-20,9.77157845998866e-05,-4.41428103965805e-05,-5.35784256943061e-05,0.00014189300564136,-25,-24.3109295191504,-0.000486753584751801-2.41381762836818i,0.310024494364942-6.3853133069669e-05i,2144.70703125,0.740380114440603
598,-27.5206899331625,Az_-30to-20,0.000115723319155377,-6.03700968960223e-05,-5.52908470584346e-05,0.000176158409015306,-27,-27.549975597744,-0.000843246641953546-3.45916370488488i,0.302702350123083+0.00021205202464436i,2161.93359375,0.741976466813659
599,-29.6450711667135,Az_-30to-20,9.85872987017818e-05,-5.63091922870954e-05,-4.23176872282543e-05,0.000154991271806619,-29,-29.733310771396,-0.00579732334499656-3.27630129415592i,0.307423789054992-4.28827725494491e-05i,2138.96484375,0.741295806622189
600,-21.1742438740316,Az_-30to-20,0.000118753280914382,-4.61575746633253e-05,-7.26048261951521e-05,0.00016489053137,-21,-21.2403388840137,-0.00333088363537898-2.570915601562i,0.304213687813533+0.000204501037291499i,1880.56640625,0.739362231996713
601,-29.4136965386628,Az_-30to-20,9.62849994250396e-05,-5.42393485298219e-05,-4.21383759419417e-05,0.000150625485591384,-29,-29.3934683737419,0.0153668000972951-3.07078463476284i,0.310731363733171-0.000158706511044722i,890.0390625,0.741751190753456
602,-21.9380521445209,Az_-30to-20,0.000124716553287982,-5.00281504100061e-05,-7.48152065286905e-05,0.000175124533575284,-22,-21.8574389186555,-0.00811824756304773-3.07127371891718i,0.304600248274952+0.000354054576088433i,2070.05859375,0.739429851776412
603,-26.4194331344233,Az_-30to-20,0.000119989650110081,-5.96394766307103e-05,-6.04629729825844e-05,0.000179626467567842,-27,-26.4291456307006,-0.00531710795909936-3.01944981535771i,0.297371798300376-4.10311143729664e-05i,2408.84765625,0.741439091298531
604,-29.9117245614977,Az_-30to-20,0.000111750808646762,-6.47869824312861e-05,-4.69159004040883e-05,0.000176664368169983,-29,-30.1028030567478,0.00941318442922162-4.08664375187455i,0.294037321622258-4.24730570737983e-05i,1380.99609375,0.741740720001699
605,-23.4646237299965,Az_-30to-20,0.000114069464031123,-4.9540167887443e-05,-6.44911857830495e-05,0.000163595579538545,-24,-23.4752215660533,0.0101885304457355-3.21277094514999i,0.301422114548328-1.68548942595034e-05i,1963.828125,0.740895071065764
606,-25.4141729218761,Az_-30to-20,0.000114576834382727,-5.46197450716112e-05,-6.00929872325419e-05,0.000169216496718989,-27,-25.4875321748758,-0.0176182170352612-2.84374438561007i,0.309413949652985+0.000171688393126243i,2032.734375,0.736417124540733
607,-20.3710623019432,Az_-30to-20,0.000100817274738269,-3.7040386758705e-05,-6.37975888998139e-05,0.000137841912912056,-19,-20.1733921717535,-0.00689469215734747-2.03753441188945i,0.315982351989742+0.000237770218775128i,1168.53515625,0.740686456707866
608,-20.0980451348629,Az_-30to-20,0.000107233518350935,-3.91306787020397e-05,-6.81700174833378e-05,0.000146202951446384,-20,-20.0475766602345,0.000816776442330774-2.44776763980729i,0.303446607741661-2.41978261214318e-05i,2405.9765625,0.736334869312262
609,-29.1499226932205,Az_-30to-20,0.000116770689630893,-6.52966629343811e-05,-5.14882398991961e-05,0.000181972069823514,-29,-29.2133573514204,-0.0258021247713035-3.16022295256143i,0.305684021008778-8.84754262471255e-05i,1461.38671875,0.740749884232979
610,-22.1174481277827,Az_-30to-20,0.000120611386819796,-4.90804806752034e-05,-7.14982418344616e-05,0.000169825765639159,-22,-22.1429186084409,0.00911852815100186-2.27278596986407i,0.31201274697945-2.94967340804322e-05i,697.67578125,0.740003393528287
611,-27.5011925523566,Az_-30to-20,0.000107793862506644,-5.62455811745195e-05,-5.14793621432923e-05,0.000163945449262151,-29,-27.5550280000503,0.0141149709120532-3.08888279819196i,0.309276018773483-0.000110095708197845i,2124.609375,0.742574447871737
612,-27.3867963649758,Az_-30to-20,0.000107003832671962,-5.57820645565939e-05,-5.11826833066689e-05,0.000162816376625144,-27,-27.5334381472682,-0.0111158644053356-3.18611918647581i,0.302151449274019+0.000116375635371882i,786.6796875,0.736512995710291
613,-28.5813503124328,Az_-30to-20,0.00011775475119545,-6.45860415399406e-05,-5.32232491534862e-05,0.000182304908581831,-28,-28.7438558573647,0.0131012863829369-2.83603949942312i,0.303810149412686-8.38497266663976e-05i,783.80859375,0.742554912769411
614,-25.7731894290381,Az_-30to-20,0.00011201403488412,-5.38574604784133e-05,-5.81271412097712e-05,0.000165890885441102,-26,-25.6787098324957,-0.00771690022626057-2.4186022521323i,0.309467098218306+3.8801327376492e-05i,1536.03515625,0.74063642860592
615,-29.4136336022076,Az_-30to-20,0.000104884668537007,-5.90547357010017e-05,-4.57805922665774e-05,0.000163884731321188,-30,-29.3814470373355,-0.00734954181477049-3.10125390516676i,0.305914011325417+0.000166256229304405i,2210.7421875,0.738678246115493
616,-24.3041215215652,Az_-30to-20,0.000106615710806915,-4.79847010758951e-05,-5.8561929088369e-05,0.000154758678870635,-25,-24.231155662602,-0.00173044663170866-3.00815674289633i,0.301849173466886-0.000105572468128479i,2325.5859375,0.741319519471444
617,-25.073855258312,Az_-30to-20,0.000121536685223515,-5.67143394371337e-05,-6.49230386349219e-05,0.000178303816217559,-25,-25.0158171418845,-0.00516605635730653-3.41983443613489i,0.29346331381777-0.000298777908314993i,1653.75,0.739354901100976
618,-27.4970139033088,Az_-30to-20,9.31870665223323e-05,-4.8237341102423e-05,-4.49491277918564e-05,0.000141400509215446,-27,-27.3678856330258,0.000174375257017353-2.60592837400737i,0.320025157704255-4.33383219006003e-05i,1754.23828125,0.738560872646466
619,-23.3542801476362,Az_-30to-20,9.65756158900197e-05,-4.19068995707888e-05,-5.46852083816876e-05,0.000138459554058997,-24,-23.457389825618,-0.018719532619032-2.40309173988862i,0.307830482374069+0.000110078382519536i,2001.15234375,0.742588914477853
620,-27.7973580049518,Az_-30to-20,0.000115194561862901,-6.08671936593732e-05,-5.44265744264833e-05,0.000176033801671811,-27,-27.8513458316907,-0.022149472001317-2.73076010076355i,0.306200516707355+0.000114251999003001i,1139.82421875,0.738811477461437
621,-22.5381814594559,Az_-30to-20,0.000120158054158867,-4.9996949644492e-05,-7.00996815209665e-05,0.000170154095672031,-22,-22.5918627207994,-0.000417364411138872-2.77384189191387i,0.3055145998688+0.000191835633550227i,689.0625,0.740414765991224
622,-29.0620259547924,Az_-30to-20,0.000113739103190648,-6.33870816963935e-05,-5.03650763644976e-05,0.000177128858231225,-29,-29.131031315673,-0.00517557796660861-4.12340941864209i,0.300811644882172-2.52257354225183e-05i,1708.30078125,0.739128442677347
623,-29.9860782697323,Az_-30to-20,0.000115167175366107,-6.62167371191453e-05,-4.89517277446808e-05,0.000181392454107901,-30,-29.8972609356331,-0.00474294125858935-3.90452511561607i,0.300646331081851+5.88450905493476e-05i,990.52734375,0.741967390642625
624,-20.94792616751,Az_-30to-20,0.000124716553287982,-4.84707022710149e-05,-7.77769686978056e-05,0.000174848124673606,-21,-21.2384611629892,0.0039101219437075-2.21148317584819i,0.317643590812692-0.000128361987922397i,1337.9296875,0.74016220142972
625,-20.8091054564044,Az_-30to-20,0.000102253874636963,-3.89401634014824e-05,-6.34783852479829e-05,0.000140962637151029,-21,-20.8477572319178,0.00246230491268378-2.34195487942223i,0.299139183073454+0.000270362705324906i,1759.98046875,0.741617953486743
626,-23.4154035785321,Az_-30to-20,0.000118532858942053,-5.11928791386318e-05,-6.72824426728436e-05,0.000169952922510074,-22,-23.3589199746717,0.00726349201588234-2.61981273871264i,0.314904750695138-0.000105768228003955i,1300.60546875,0.739410928347527
627,-28.1349850203108,Az_-30to-20,0.000104497070574736,-5.59070234858684e-05,-4.85881972960413e-05,0.00016031141431495,-28,-28.1472461748789,0.00565803529943913-2.77991569897494i,0.30883854501806-0.000406428239314957i,2563.88671875,0.734645032526661
628,-25.3397787829971,Az_-30to-20,0.00011400850280441,-5.40121987981739e-05,-6.00691880622786e-05,0.000167928615854345,-26,-25.3495297768076,-0.00207557222225219-3.35768572944732i,0.29811898449255+0.00012138145419309i,2015.5078125,0.739934102592151
629,-20.9455512009461,Az_-30to-20,0.000120625196483906,-4.64530111246577e-05,-7.41665100497625e-05,0.000167083000174003,-21,-21.0617979339231,0.00544982248039451-2.72979619662585i,0.303351962156722-0.000132696017746195i,1587.71484375,0.73931815369572
630,-27.6911650448837,Az_-30to-20,9.61852220672943e-05,-5.07239831301965e-05,-4.53621333835932e-05,0.000147003795786561,-27,-27.8052521157118,-0.021483639487254-3.21025345507183i,0.303592485783401+0.000143651040227108i,2190.64453125,0.736481292877043
631,-27.3091311109945,Az_-30to-20,0.000119805506953148,-6.15003933484733e-05,-5.84217555284504e-05,0.000181238398487285,-27,-27.1730293801205,0.00459888346628778-3.10272460712175i,0.305214387228341-0.000328630447089875i,2362.91015625,0.735538905494791
632,-29.0537625134486,Az_-30to-20,0.000114417065980003,-6.34289810304663e-05,-5.10279462227117e-05,0.000177731750189678,-29,-29.0025150228809,-0.00966818401719541-3.05442190695486i,0.304103602125806-0.000164168902172621i,1564.74609375,0.742097760033993
633,-21.0720617347668,Az_-30to-20,0.000124716553287982,-4.85000353048435e-05,-7.73773508057088e-05,0.000174368799768439,-21,-21.2501676930603,0.00194942136251273-3.15475871386662i,0.285840022789088-0.00034955509945097i,2187.7734375,0.741999241994456
634,-20.5984346219993,Az_-30to-20,0.000108626566181423,-4.12818426744948e-05,-6.72255788925588e-05,0.000149756528666517,-19,-20.808518235502,0.0134410095898305-1.84875018717512i,0.323418104451024-1.22352025502259e-05i,2558.14453125,0.739258013239045
635,-25.9724830154975,Az_-30to-20,0.000119546738961289,-5.88992301898456e-05,-6.07663161720314e-05,0.000178529183463673,-26,-26.2289092777441,-0.0198595049694424-2.94048720384478i,0.301484718031725-4.57048503946372e-05i,1765.72265625,0.740938105161714
636,-22.0146743951239,Az_-30to-20,0.000124155867114263,-5.03671904484143e-05,-7.37466917345717e-05,0.000174533311827836,-23,-22.081267246282,0.0144791922039875-2.74625005751847i,0.309037951938314-0.000442177785389117i,680.44921875,0.74178413846917
637,-22.6723650448489,Az_-30to-20,0.000101378452591266,-4.24190173183431e-05,-5.90935644814511e-05,0.000143660515066814,-23,-22.7055274194015,0.0274945177473222-2.23902716667403i,0.315212225106452-0.000345240202290514i,729.2578125,0.741480003684483
638,-29.3119751077557,Az_-30to-20,0.000113344833613244,-6.3514149457348e-05,-4.98312793361386e-05,0.000176854923002398,-29,-29.2646179294722,1.28865315544484e-05-2.84329439252567i,0.31417552555339-2.49377917285049e-05i,2276.77734375,0.741918063072033
639,-24.8999789193218,Az_-30to-20,0.000118757729160592,-5.5244467142769e-05,-6.3441201143002e-05,0.000174230938516377,-25,-24.9472029466737,0.00825326809923851-2.62299777325628i,0.31200921658009+4.07994966556968e-05i,433.53515625,0.740997883488994
640,-21.7569455854223,Az_-30to-20,0.000124135032152807,-4.96688070274801e-05,-7.44134538441335e-05,0.000173990553304388,-22,-21.8072957936532,-0.00516546972020864-2.25190287431056i,0.315295724411689+1.31135778108984e-05i,476.6015625,0.737957169428783
641,-21.9436289621638,Az_-30to-20,9.53531982916302e-05,-3.88666762421305e-05,-5.66109285503815e-05,0.000134175144144302,-21,-22.176176292011,-0.00989647653238113-1.68275666602881i,0.322424405126677+3.03346171557153e-05i,2365.78125,0.738040592380654
642,-21.6724627717781,Az_-30to-20,0.000122419463501855,-4.94941213817617e-05,-7.30284500225681e-05,0.000172065979694136,-20,-22.0134563504648,-0.00273744355436087-3.08077498058578i,0.299152209311285-4.61549636745981e-05i,849.84375,0.741812064722738
643,-26.1279918079307,Az_-30to-20,0.000119445241213732,-5.86105218029158e-05,-6.10220567612294e-05,0.000178115402993819,-26,-26.1367004836214,0.00226151280774741-3.62074703828451i,0.287173743255813+5.01840816781174e-05i,1277.63671875,0.739825287009327
644,-22.3897046345947,Az_-30to-20,0.000123563983521954,-5.10998380563581e-05,-7.23879276621692e-05,0.000174753923106661,-23,-22.4675221249453,0.0227658539488829-2.42513777230472i,0.302906764116205-0.000264004475126353i,2862.48046875,0.742899924411859
645,-28.465666941128,Az_-30to-20,0.000117964264366611,-6.40365848412236e-05,-5.40279216667805e-05,0.000181924082276454,-28,-28.4952039405004,0.0159431406099487-3.77807804025945i,0.296426646307936-7.03636800425469e-05i,2305.48828125,0.741784856993813
646,-28.1549428101465,Az_-30to-20,0.000103951073534483,-5.56979927455069e-05,-4.81690904026013e-05,0.000159637372605394,-28,-28.1828373767654,-0.0128817906963183-3.60359976035225i,0.297505587821607-0.000125982642062511i,2744.765625,0.742032858265442
647,-28.3890300707636,Az_-30to-20,0.000100937512767652,-5.46972833687203e-05,-4.62851440799715e-05,0.000155835731374507,-27,-28.4529327310736,-0.002130719774866-3.33750946050926i,0.292915037934696+1.56751387475756e-05i,895.78125,0.741270259626162
648,-28.9548863714241,Az_-30to-20,0.000115233681810017,-6.36111041955755e-05,-5.16502530329301e-05,0.000178820009937801,-29,-28.899502401112,0.0028689661072499-4.05805605981636i,0.289066588584725-0.000177814619569706i,2081.54296875,0.744401385875846
649,-25.2707709920298,Az_-30to-20,0.00010290591248011,-4.81325736009116e-05,-5.49308006773192e-05,0.000151202489011948,-25,-25.0670810344755,0.00712411026956158-2.92076467319536i,0.312505882693291-0.000119720377513177i,2316.97265625,0.736584482567881
650,-22.640301040647,Az_-30to-20,0.000116573929007451,-4.8717277901326e-05,-6.78776311977395e-05,0.000165246370809945,-23,-22.6804822127904,0.00465047255402366-2.75750041696581i,0.30019556447212+0.000205141084329383i,2121.73828125,0.740380202111102
651,-29.6441883975101,Az_-30to-20,0.000108393873162342,-6.19260060143155e-05,-4.65165709752613e-05,0.000170286245023821,-28,-29.7395613478135,-0.0171814943800019-3.7418844912528i,0.297758895169767+0.00025343832131839i,1475.7421875,0.737631830183694
652,-22.9819162866728,Az_-30to-20,0.000101855175580462,-4.33630128750989e-05,-5.84794879300897e-05,0.000145190167717923,-23,-23.0610091428256,0.00576209098820953-2.33946070346765i,0.301119783866158-8.23011930608172e-05i,895.78125,0.738727185230542
653,-23.2084508122682,Az_-30to-20,0.000110879044562828,-4.7430121158719e-05,-6.35393904833163e-05,0.000158393164886311,-24,-23.1595206003193,0.00116761634270358-2.45580095441648i,0.307211353221268+0.000245659902159287i,1274.765625,0.74137063669775
654,-22.8427149112305,Az_-30to-20,0.000124285668650955,-5.23976687995453e-05,-7.18972328686634e-05,0.000176717502169272,-22,-22.8598305099513,-0.0107970372521886-2.47755469249104i,0.30586215981567-0.000251726866918628i,1085.2734375,0.737656429735114
655,-24.1928513606734,Az_-30to-20,0.000120144250273657,-5.40808613771308e-05,-6.60631692832031e-05,0.000174180386805958,-23,-24.2340700151694,0.00823291722417913-3.33777192257633i,0.291492813241105-0.000411703626866565i,416.30859375,0.741491395292859
656,-20.6860755981592,Az_-30to-20,0.000114669392353775,-4.34070043135339e-05,-7.12316810898689e-05,0.000158061139557149,-20,-20.7336818788555,0.000526393323032399-2.25919284505713i,0.310133346345801+0.000156391837438007i,620.15625,0.737610085106275
657,-29.7955145181459,Az_-30to-20,0.000100362078279335,-5.75150629182121e-05,-4.29283316580496e-05,0.00015792044492725,-29,-29.815971632461,0.00930123054674675-2.93287457008732i,0.310362282008574+4.43838236967239e-05i,430.6640625,0.740762032416092
658,-22.8887553711468,Az_-30to-20,0.000118691263804209,-4.99922816352839e-05,-6.88453431369408e-05,0.000168893459805817,-23,-22.8406296280405,0.00890391580552953-2.97828348576147i,0.292965139808812+0.000227726354577074i,1251.796875,0.744233018728318
659,-27.345005468643,Az_-30to-20,0.000111741272144464,-5.79096038610524e-05,-5.3793309353298e-05,0.00016961181213811,-27,-27.3953236083296,-0.0115016854618506-3.12215062034624i,0.306310121082482-3.57790874469868e-05i,608.671875,0.74182580493366
660,-22.7135076413031,Az_-30to-20,0.000116429335740374,-4.86866739402932e-05,-6.78460193559812e-05,0.000165240722347176,-23,-22.6929750778335,0.0131412748594281-2.40002431678987i,0.302348282798068-0.000142357589842865i,700.546875,0.744208847362901
661,-22.6690321411611,Az_-30to-20,0.000109576966213945,-4.52864500526068e-05,-6.43686756477062e-05,0.000154798467551333,-23,-22.4545440797347,-0.00798805754253534-2.78847254712536i,0.303220783304195+6.13176680565736e-05i,1590.5859375,0.74104020190676
662,-28.1364169820059,Az_-30to-20,9.66731516167801e-05,-5.16142699541572e-05,-4.52088356489907e-05,0.000148232344738647,-29,-28.097977291079,-0.00899242738925042-3.12364841970747i,0.311669265456747+6.37846282141516e-05i,1223.0859375,0.742061903770437
663,-22.1992890082196,Az_-30to-20,0.000111245092950049,-4.52717973556199e-05,-6.59984541557344e-05,0.000156766977307907,-22,-22.1441335469406,-0.0171417148800511-2.62917767563199i,0.31354572370313+7.96490084636892e-06i,2730.41015625,0.736120899500901
664,-22.5332458025327,Az_-30to-20,0.000124449707587911,-5.16772094101142e-05,-7.26104746891145e-05,0.00017636303384192,-22,-22.5504596334827,-0.00331908702544814-3.11062266257645i,0.293714940077183-1.90898054211602e-05i,1013.49609375,0.740896579166771
665,-29.1857005068289,Az_-30to-20,9.18609388284705e-05,-5.12672372870868e-05,-4.05631196344943e-05,0.000143185148757498,-29,-29.16571848003,-0.00497221413896694-2.36379409524409i,0.316404856421684-3.85824276431038e-05i,2302.6171875,0.737118002559018
666,-22.3063870616479,Az_-30to-20,0.000111225666714621,-4.56457405686667e-05,-6.55943715568683e-05,0.000156892691617682,-22,-22.3126853083689,0.00437841200440825-2.32802759265625i,0.301118536106577-3.18196795183467e-05i,1599.19921875,0.741736218156429
667,-23.6214551015718,Az_-30to-20,0.000119964464273477,-5.2446127316167e-05,-6.74870075473233e-05,0.000172577067486282,-23,-23.6140120306471,-0.000134566836069074-2.42100837391444i,0.304156393964751+1.50334796568397e-06i,654.609375,0.738556217385336
668,-24.6536836742859,Az_-30to-20,0.000109807900903476,-5.03510219659821e-05,-5.9392463867681e-05,0.000160157023224937,-25,-24.6332232295346,-0.0103015083376237-2.54407018313622i,0.302706871579182+2.858389707628e-05i,2199.2578125,0.73952253327288
669,-22.0042845740423,Az_-30to-20,0.000107674348439989,-4.35472302354742e-05,-6.41917234492394e-05,0.000151146656944634,-22,-22.0201109766796,0.00964434404830793-2.54131710219481i,0.306336046494336+4.62100569469104e-05i,2472.01171875,0.738021457462241
670,-27.6060277937884,Az_-30to-20,0.000107245630323941,-5.60673501769578e-05,-5.10360113456669e-05,0.000163226101328304,-28,-27.6002893222596,-0.00016207171757621-2.81325415862699i,0.3133738332145-4.60923818243891e-05i,1883.4375,0.742044458647552
671,-23.4751799185817,Az_-30to-20,0.000122328441042929,-5.29124963036119e-05,-6.92920993762715e-05,0.000175318093311067,-23,-23.3906310449741,0.0120131846033624-2.57130512281036i,0.311612915255859+2.52487497385753e-05i,2130.3515625,0.74003387488752
672,-28.674602099174,Az_-30to-20,0.000108392861369224,-5.94425143630584e-05,-4.88536074023179e-05,0.000167782090440761,-29,-28.7403105036039,0.00164741760691954-3.17870111212217i,0.308149220932012+0.000104231971745708i,1383.8671875,0.737469988035417
673,-26.5458421290768,Az_-30to-20,9.32436917771164e-05,-4.68982042441299e-05,-4.63413067128088e-05,0.000140110337399783,-26,-26.7007419706203,0.0115469967367131-2.67025615289405i,0.320305107892898-0.000125227600246199i,1119.7265625,0.742238471013215
674,-29.176228311561,Az_-30to-20,9.72808388570082e-05,-5.3876332828564e-05,-4.35889592343125e-05,0.000151410320194868,-29,-28.9786775211547,-0.0218016106140235-3.03982715809152i,0.312171658494803+0.000283484193538672i,1524.55078125,0.740681493051829
675,-22.360947538931,Az_-30to-20,9.35548712957941e-05,-3.87217496649343e-05,-5.48309966755585e-05,0.000132216108696632,-22,-22.4843437684848,0.00382864522038509-2.3097287857382i,0.306144369403539+6.10127192579371e-05i,1208.73046875,0.739582019035773
676,-28.7186345895553,Az_-30to-20,0.000116377147333202,-6.36255790515244e-05,-5.27680814336304e-05,0.000180109087262782,-28,-28.6662585985182,0.0124109632887633-3.14852518891263i,0.301360135598632+2.04687851635479e-05i,1840.37109375,0.741376987712762
677,-21.3150621802015,Az_-30to-20,0.000118141642895546,-4.62528586062981e-05,-7.18455425250189e-05,0.000164288553977118,-22,-21.3805136052544,0.00155494864748487-2.16302397734941i,0.313954977155094+0.000191994496459805i,551.25,0.743294738075289
678,-22.4798801751755,Az_-30to-20,0.000107056532857285,-4.4259883323574e-05,-6.26430990205661e-05,0.000151341633337396,-22,-22.4614411610495,-0.0121775950242988-2.15601948118495i,0.311243895218314-1.13754332256924e-05i,1449.90234375,0.740947212472062
679,-23.8968815112327,Az_-30to-20,0.000100917169693232,-4.48738258243745e-05,-5.59736126160761e-05,0.000145872056811749,-23,-23.9728000381422,-0.00663698033243353-2.78365497136406i,0.301459222388447-8.26590737358288e-05i,2190.64453125,0.74291554764699
680,-16.331475475336,Az_-20to-10,0.000124442908278043,-3.6208441560013e-05,-8.82186908674547e-05,0.000160616909587347,-17,-16.2231091807744,-0.0076891992992778-2.00249259723714i,0.298002479279753+9.34466515941715e-05i,453.6328125,0.741165963132072
681,-16.5411358135591,Az_-20to-10,0.000120180406600849,-3.59192380701382e-05,-8.44253233578322e-05,0.000156118990491135,-17,-16.6402300190273,-0.00134399088277907-2.30177386428341i,0.291716798342056-0.000176168054736289i,1050.8203125,0.741051384534276
682,-15.9408852551886,Az_-20to-10,0.000123687819410134,-3.53817596475849e-05,-8.82875806420474e-05,0.000159032840196599,-16,-15.9635454121399,-0.0339778037887086-1.75739976372235i,0.305359549840497-0.00011920409458651i,2098.76953125,0.74055727245451
683,-11.3711623952785,Az_-20to-10,0.000104010459891346,-2.08742996163609e-05,-8.31120427555199e-05,0.000124753337820108,-13,-11.3481741902161,0.0197900680796439-0.983494833040445i,0.316417742524957-6.87057963597998e-05i,1774.3359375,0.737633123302239
684,-16.1220532898708,Az_-20to-10,0.000124716553287982,-3.61804749591161e-05,-8.99133575194461e-05,0.000162254116192241,-17,-16.1775299323749,-0.00701325206465052-2.00254403791408i,0.302317343752237-0.000120770174228402i,1211.6015625,0.741470705320065
685,-12.7052369745587,Az_-20to-10,9.77771469906096e-05,-2.2053005796211e-05,-7.58360094496785e-05,0.000119698163194631,-12,-12.7100230424591,0.00513915625801221-1.36839062692667i,0.303271016090102-0.000125493689248704i,2213.61328125,0.738512231141384
686,-19.4284223415303,Az_-20to-10,0.000118773075632751,-4.18502726077933e-05,-7.69693694286714e-05,0.000160565078663244,-20,-19.4101579271935,0.015721918399306-2.67209765563323i,0.294790714394455-0.000106146667939212i,2360.0390625,0.741556443551521
687,-11.4782919670679,Az_-20to-10,0.000124716553287982,-2.59491336368201e-05,-0.000102330074759002,0.00015443020368407,-11,-11.7535462524377,-0.0161699688025785-1.29889266069757i,0.303575097872336-0.000127245093087487i,1659.4921875,0.743541298651274
688,-18.8742767078418,Az_-20to-10,0.000110336059110875,-3.78820129466998e-05,-7.2339767863297e-05,0.000148170804689964,-19,-18.9490388811757,0.00817795401461885-2.39781097308898i,0.305137102514491+7.94486432879257e-05i,1737.01171875,0.740422999640645
689,-17.1913018741003,Az_-20to-10,0.000124716553287982,-3.96130800710289e-05,-8.93744278228997e-05,0.000168505060413352,-16,-17.6211428514378,0.00415870622825035-2.0239248339419i,0.300788350633117+0.000497590846463676i,898.65234375,0.741241096743828
690,-17.4926244846829,Az_-20to-10,0.000124716553287982,-4.08058797887263e-05,-8.77592107026111e-05,0.000169105182014953,-19,-18.1175251353106,-0.0117671305423255-1.97706227572001i,0.304396846251334+7.84782008428214e-05i,1648.0078125,0.739753018149886
691,-12.0656051586705,Az_-20to-10,0.000124716553287982,-2.75519500969091e-05,-0.000100714227554949,0.000156005884906732,-11,-12.457498713561,-0.0300922523263226-1.6586200798028i,0.302129950044834-7.58181702668476e-05i,1065.17578125,0.731942854924795
692,-14.0119201894894,Az_-20to-10,0.000106220557348435,-2.63159198651247e-05,-7.97952202706604e-05,0.000132592153206057,-14,-13.9147337002443,-5.89900360867342e-05-1.69782273636848i,0.302692610841185-0.000252593309674434i,1587.71484375,0.743827299663898
693,-14.8940698566721,Az_-20to-10,0.000115960538305575,-3.08676970632087e-05,-8.5164897990437e-05,0.000146923988189439,-15,-14.9059908004055,-0.00155228885716194-1.77360530218605i,0.308561371183774+0.000215825375087332i,1134.08203125,0.739167520875043
694,-17.7928851791912,Az_-20to-10,0.000124716553287982,-4.07102916414051e-05,-8.60150496727905e-05,0.000167308620690423,-18,-18.0778487012889,0.00535225497419418-2.23893838665266i,0.299451857977665-5.13306336124425e-05i,1581.97265625,0.741307578244606
695,-13.3721331451112,Az_-20to-10,0.000122789946543421,-2.92257755075874e-05,-9.36190795085398e-05,0.000152062279289177,-14,-13.3881144973139,0.0236070048104425-1.30913666155858i,0.311353467603921+0.000255148287078687i,2115.99609375,0.738889106138339
696,-14.6735826588424,Az_-20to-10,0.000103478525630226,-2.71345932942936e-05,-7.60467670328057e-05,0.000130513428050192,-17,-14.6935296010386,0.014994115247787-1.43506227751376i,0.314319142020096-0.000121073667050574i,2905.546875,0.739673022325913
697,-16.4280129546359,Az_-20to-10,0.000114596682520141,-3.36758924379548e-05,-8.10383631342373e-05,0.000148342383342238,-17,-16.3761879465998,-0.00236571425659779-1.91034657449066i,0.306267444327023+0.000150000544599772i,1909.27734375,0.743323158506672
698,-13.7006994314971,Az_-20to-10,0.000112433155299542,-2.74317331446064e-05,-8.48297659258453e-05,0.000139818888275283,-12,-13.7112957293015,0.0172647992754043-1.48512867426354i,0.306444463083663-5.33318315124182e-05i,2583.984375,0.740204882957155
699,-15.4354537270335,Az_-20to-10,0.000122002022055248,-3.44287076640288e-05,-8.78731278277765e-05,0.000156376985847577,-14,-15.7589519716625,-0.0136108938019281-1.88817638143958i,0.308860741973143+0.000336526949939582i,2268.1640625,0.7386938558052
700,-17.7881774830679,Az_-20to-10,0.000123517396380797,-3.9660711314505e-05,-8.39793048360381e-05,0.000163100279019291,-18,-17.8015196701322,-0.00139300295726681-2.15045340619627i,0.308540294895954+0.000158384665402779i,2383.0078125,0.740752719595154
701,-12.7874540570298,Az_-20to-10,0.000124716553287982,-2.95536145646809e-05,-0.00010067674550185,0.000159911292097499,-13,-13.3312665094956,-0.00679582007967252-1.31657789028542i,0.308045295686409-4.77987080570938e-05i,1119.7265625,0.738945186178009
702,-17.4334402946828,Az_-20to-10,0.000107512821460747,-3.39445918503251e-05,-7.34843841003062e-05,0.00014135018268659,-17,-17.5222607319359,0.00217497904368043-1.50159879129208i,0.308021072575181-7.12200078857063e-05i,1277.63671875,0.740406944708159
703,-12.5224204834099,Az_-20to-10,9.79617220200081e-05,-2.17499381037181e-05,-7.62283172829962e-05,0.000119474734377492,-13,-12.5180316501299,0.00755114210353785-1.21454761758085i,0.312827522035735+3.30012330668587e-05i,2408.84765625,0.741347512820868
704,-16.9878942849047,Az_-20to-10,0.000124716553287982,-3.90417973796598e-05,-8.83396291003194e-05,0.000166305712438355,-17,-17.3824281032826,-0.0107289317643385-1.99365197917557i,0.301325023960473+2.8836154718187e-05i,2121.73828125,0.738208845863631
705,-10.9403951026877,Az_-20to-10,0.000121782200996678,-2.33756176045748e-05,-9.84102574142932e-05,0.000145099747338962,-11,-10.8655464450776,0.0197363042938061-1.1622350485223i,0.311656332717848-0.000244193243521929i,2245.1953125,0.739817695038013
706,-18.7122031703523,Az_-20to-10,0.000124716553287982,-4.28757946266091e-05,-8.46204393192955e-05,0.000170363997356895,-20,-18.9722482047205,0.0132850141780545-2.67571411268952i,0.289734620547539+2.15807017130837e-05i,2664.375,0.74226644170527
707,-18.9931172752652,Az_-20to-10,0.000116288072069662,-4.02904628684036e-05,-7.60415566945062e-05,0.000156531945548432,-18,-19.1097256317719,0.0171226224956321-2.33375804963169i,0.294889159665591-0.000103806616717793i,1157.05078125,0.73686400673174
708,-10.4435062340987,Az_-20to-10,0.000113754656138028,-2.08402166423813e-05,-9.29068054259959e-05,0.000134571101007745,-11,-10.3816438327078,0.00309474175221649-0.922420322748207i,0.31891643533022+6.208958852277e-05i,1378.125,0.737365857469743
709,-12.2581457041155,Az_-20to-10,0.000118179272541828,-2.58483061620322e-05,-9.24517000492226e-05,0.000144087731997575,-11,-12.3375096628171,0.00270102541592346-1.35847765581475i,0.305058016346479+0.00034035958906322i,970.4296875,0.737412435241505
710,-17.7792669616104,Az_-20to-10,0.000123288696896891,-3.95481350507777e-05,-8.38240248040146e-05,0.000162723962467943,-18,-17.7850278234952,0.00275214319541573-2.11755027006385i,0.296865931507272+0.000132186928557015i,1228.828125,0.737326277962606
711,-13.6698845631433,Az_-20to-10,0.000124716553287982,-3.20115552114516e-05,-9.90826214422359e-05,0.000163094963637853,-14,-14.3955981218407,0.0148453516416303-1.40520539869919i,0.302589141983943+7.07561314006455e-05i,1590.5859375,0.740498604249382
712,-18.8331643556235,Az_-20to-10,0.000106505205622086,-3.62167316102476e-05,-7.01702910972286e-05,0.000142457346087068,-18,-18.780425808223,-0.00330555826598993-2.2295242354615i,0.301475137519695-2.92563281169209e-05i,760.83984375,0.741277923337525
713,-10.8600933075184,Az_-20to-10,0.000124716553287982,-2.56349155531332e-05,-0.000107106086561273,0.00015830721938986,-11,-11.6151126005489,0.00731941342961283-1.53967738759518i,0.299627762183414+2.19210191593905e-05i,999.140625,0.739012519506408
714,-18.4016911574079,Az_-20to-10,0.000116898643963179,-3.9137926153751e-05,-7.77319772776149e-05,0.000156056674578884,-18,-18.5106606032947,-0.028891643465255-2.26063267772421i,0.298745057644377-9.93385122238857e-05i,2009.765625,0.739900519779818
715,-14.820440367903,Az_-20to-10,0.000122931603480237,-3.22637022204286e-05,-9.06788450183485e-05,0.000155291907909393,-15,-14.7057558262418,0.00237274958097032-1.45352045383913i,0.318851838743296-4.17707736410575e-05i,2078.671875,0.739250441123268
716,-16.6206578911961,Az_-20to-10,0.000124716553287982,-3.71206218309537e-05,-8.81030811793204e-05,0.000162264374062265,-16,-16.5751050266291,0.00523967419274423-2.17802355847286i,0.296506575545596+0.000210783014091782i,1909.27734375,0.741860784368266
717,-18.6309261259255,Az_-20to-10,0.000111674881931718,-3.77707462883565e-05,-7.39058461593225e-05,0.00014945682625153,-18,-18.6865963502153,0.00354324421057475-2.14862847561986i,0.303744331485215+0.000127856465936979i,476.6015625,0.73971794533837
718,-19.8438108174423,Az_-20to-10,0.000116376942303868,-4.21503659636008e-05,-7.42630888103571e-05,0.000158582545984534,-20,-19.9097938132402,-0.0101761517918321-1.98012834966357i,0.311357236631404-2.72533171104816e-05i,732.12890625,0.740224314920201
719,-15.0940290581056,Az_-20to-10,0.000124716553287982,-3.538775844813e-05,-9.54881039216956e-05,0.000166085444589552,-15,-15.8410510941417,-0.013114299301483-2.05343828303445i,0.303353793654776+0.000121794771079549i,1989.66796875,0.740027074579774
720,-14.8491597882062,Az_-20to-10,0.000118699516271081,-3.19568027495571e-05,-8.69300215877932e-05,0.000150715710820268,-15,-15.0681464084333,-0.0148445295169928-1.71908037416291i,0.300177867332029+2.99465182368661e-05i,2360.0390625,0.742562670497263
721,-13.9163331091564,Az_-20to-10,0.000116790022412354,-2.87257232966704e-05,-8.79536364880177e-05,0.000145709744343553,-13,-13.8182012992625,-0.00949532347482143-1.67311412656151i,0.305478349582702+8.65157777295913e-05i,674.70703125,0.741591563088614
722,-13.4292009316172,Az_-20to-10,9.87641988418892e-05,-2.36097717501249e-05,-7.50568219418369e-05,0.000122419472960381,-15,-13.4443599530727,-0.000800798694230642-1.04615255527787i,0.314154722662258-0.000205133672325226i,944.58984375,0.739940153039127
723,-15.9772695555995,Az_-20to-10,0.000122940004447266,-3.47477684800252e-05,-8.82509343940149e-05,0.000157660547484955,-15,-15.7824166733874,-0.005388878505589-1.58090184732579i,0.319338023993289+6.53867302331385e-05i,2302.6171875,0.737883272069183
724,-15.2970613875982,Az_-20to-10,9.92036613349134e-05,-2.69949423708201e-05,-7.20089480876138e-05,0.000126242012984094,-16,-15.2225358915179,-0.00842087215543781-1.46681281906094i,0.317720649370838+2.10448208002451e-06i,1547.51953125,0.738193600193148
725,-16.4436048209837,Az_-20to-10,0.000103421953033277,-3.06221029713233e-05,-7.2645464024123e-05,0.000134124595918612,-17,-16.4934422889325,0.00232550090776655-1.96422102194139i,0.300140626836656-0.000116836229735968i,2044.21875,0.740947344669328
726,-16.0637300498755,Az_-20to-10,9.25766567609347e-05,-2.65570882669127e-05,-6.60513100969063e-05,0.000119135925614319,-16,-16.006381461709,0.00721848629208792-1.40851190669011i,0.317857540757989-0.000101558413076214i,2299.74609375,0.740399199288289
727,-13.8604864759931,Az_-20to-10,9.95650750718369e-05,-2.4208159921058e-05,-7.52976985994666e-05,0.000123834399754731,-14,-13.6656718223284,0.00327679937142297-1.41997918409669i,0.31977713030903-0.000111034295230607i,1151.30859375,0.735911751340627
728,-18.8580320541705,Az_-20to-10,0.000124716553287982,-4.34609589198486e-05,-8.34032978866507e-05,0.000170401493831132,-19,-19.2123153086468,-0.0136311592788193-2.24562171426262i,0.301756770198409-2.10950428484666e-05i,921.62109375,0.739872836081605
729,-10.5140146910058,Az_-20to-10,0.000100967374210637,-1.91129124285174e-05,-8.19361645392384e-05,0.000119974796400672,-11,-10.719136623796,0.00491935672241484-1.02833025226398i,0.311848847044937+2.13383816338765e-05i,852.71484375,0.743206709463487
730,-18.620935754767,Az_-20to-10,0.000124716553287982,-4.32551138640077e-05,-8.46481759792294e-05,0.000171099050786182,-19,-19.1279455816726,-0.0155943476024785-2.53385809842239i,0.293335743966862-6.97059733068134e-05i,775.1953125,0.741819008242551
731,-19.3002157758401,Az_-20to-10,0.000124716553287982,-4.46696982055636e-05,-8.25833552596459e-05,0.000171979383023254,-19,-19.7059885846437,0.0181227374330894-2.01513949306754i,0.313926402999437+3.69197422454559e-05i,1093.88671875,0.740067768730568
732,-15.2864181975591,Az_-20to-10,9.55712735982484e-05,-2.6036013995074e-05,-6.96393324083878e-05,0.000121743481492898,-15,-15.2390029802406,0.0224553653098821-1.52796934773877i,0.314570607763128-4.48106666064291e-06i,1056.5625,0.739276378424718
733,-13.887620264426,Az_-20to-10,0.000124716553287982,-3.19198252156812e-05,-9.69992620185212e-05,0.00016082895719049,-14,-14.3560543834031,-0.00624295315610649-1.70852157791844i,0.300997589804708-0.0001284914058058i,1748.49609375,0.736787035853582
734,-16.0065825311955,Az_-20to-10,0.000124716553287982,-3.63635095618639e-05,-8.92175615515548e-05,0.000161797103842817,-16,-16.2550596123638,0.00982633867499119-1.69013439444906i,0.310826270945572+8.1678299400853e-06i,2331.328125,0.738945290791613
735,-19.3278091819379,Az_-20to-10,9.00028207723763e-05,-3.15142255686899e-05,-5.84634770103885e-05,0.000121600518978601,-18,-19.2975536684687,0.0188394912613996-1.40433099866509i,0.325831057830831+6.18110051158055e-05i,620.15625,0.739437822618512
736,-15.0070667154333,Az_-20to-10,0.000113519480307901,-3.04160380658522e-05,-8.31852139170965e-05,0.000144004173397928,-15,-14.99933365369,0.00284639190401806-1.69508577737148i,0.310839145671973-0.000143514166728829i,424.921875,0.744105783931147
737,-17.9670319459774,Az_-20to-10,0.000124426802255886,-4.05558951509562e-05,-8.39936294099146e-05,0.000164881501915217,-18,-18.0529538046947,0.00356347900152293-2.12084319092837i,0.30971982440675+9.40803755472841e-05i,2383.0078125,0.740423674165362
738,-17.3171845084177,Az_-20to-10,0.000115541758665174,-3.61682023078819e-05,-7.94450091032514e-05,0.000151771706701425,-17,-17.3817603414695,-0.000191067157047403-2.31979775412356i,0.299029599691458+8.83831643712987e-05i,2265.29296875,0.736351489265254
739,-11.4572545373947,Az_-20to-10,0.000111305005488091,-2.23595123152459e-05,-8.87860033079276e-05,0.000133696576113424,-11,-11.358683781535,0.00894073851068565-1.109939442008i,0.307066189723116-1.13384028057814e-05i,2070.05859375,0.74314506173028
740,-18.0088963001803,Az_-20to-10,0.000124716553287982,-4.12147604781345e-05,-8.61887551780715e-05,0.000168657670634845,-17,-18.2870389100453,-0.0131411730728142-2.59881120219526i,0.291319228721625+0.000232802199568352i,861.328125,0.740355933318825
741,-13.7367050827958,Az_-20to-10,0.000124716553287982,-3.2400079022901e-05,-9.87578101559094e-05,0.00016385353226286,-14,-14.5629305911958,-0.0158292978978312-1.92846704902459i,0.292991727327634-6.83568126015888e-05i,2052.83203125,0.736940179270724
742,-17.9701098889112,Az_-20to-10,0.000124716553287982,-4.19385132858723e-05,-8.66652786608154e-05,0.000170490211389015,-18,-18.5862800787063,0.00444581798107177-2.58408784555635i,0.292616025851914-2.77898503573681e-05i,1871.953125,0.743350918593086
743,-18.4750367734881,Az_-20to-10,0.000109231276009946,-3.61854311806604e-05,-7.2915670194504e-05,0.000145169897740931,-20,-18.3286674086241,0.00336421639817126-1.59964357904065i,0.323956088889809+1.89383244457199e-05i,2308.359375,0.738572335820853
744,-13.7158275365837,Az_-20to-10,0.00010601058169216,-2.59134935071922e-05,-8.01172699481603e-05,0.000132090630041703,-16,-13.7361641436364,-0.00877384196978714-1.39700846915169i,0.300884187265748+9.74195778940742e-06i,898.65234375,0.739837875378492
745,-11.0572454627787,Az_-20to-10,0.000110692472566967,-2.167020564363e-05,-8.90680419471206e-05,0.000132296535745953,-11,-11.0766747081703,-0.00943202348045438-0.960992500098052i,0.320095610559906-3.92959570316882e-05i,1814.53125,0.739208619361521
746,-10.4872842911716,Az_-20to-10,0.000124716553287982,-2.44751779643458e-05,-0.000106532856499545,0.000155396326260523,-11,-11.1029917893555,-0.00347532981182513-1.2690663332294i,0.306438177392316+0.0002479311900234i,1986.796875,0.741090012780356
747,-11.781407747408,Az_-20to-10,0.000124716553287982,-2.73347697085063e-05,-0.000103864389066215,0.000158900804858329,-12,-12.3623323044315,0.0313463165097628-1.48572854779917i,0.295925170130841-0.000308949094852122i,2371.5234375,0.738631081771061
748,-18.1382887017905,Az_-20to-10,0.000124716553287982,-4.15743547455754e-05,-8.51439608375282e-05,0.000167857231922889,-17,-18.4358461727756,-0.00624562521060313-2.00665826023088i,0.305907394171157-1.42912971076228e-05i,1467.12890625,0.738855280505878
749,-17.3440289697172,Az_-20to-10,9.3342704349792e-05,-2.92294152853886e-05,-6.41068620193751e-05,0.000122539040847278,-18,-17.3874706454844,0.00190362258743744-1.71418626723723i,0.312733425787107-8.02477743770957e-05i,789.55078125,0.739368038632531
750,-16.1580011646241,Az_-20to-10,0.000124716553287982,-3.67397629691501e-05,-8.98612775101844e-05,0.000163193884524235,-17,-16.4142405746983,0.00407654312899889-1.74757877389623i,0.296164780177285+8.60775499600397e-07i,2072.9296875,0.738859784491841
751,-15.457361495573,Az_-20to-10,9.73500772232917e-05,-2.67219670822214e-05,-7.02872719052992e-05,0.000124561652457299,-15,-15.3492698063991,0.0154966453187309-1.30141792872548i,0.313396523468345+8.40992533443184e-05i,582.83203125,0.735702547208882
752,-10.4761942471187,Az_-20to-10,0.000109039796672143,-1.99178986339752e-05,-8.90945838902871e-05,0.000128981476228373,-10,-10.3518792673823,0.00684840864724206-1.21340710681062i,0.306010511844093+0.000151372108849981i,1547.51953125,0.742719269438719
753,-15.4262869376064,Az_-20to-10,9.76429366525704e-05,-2.67724933991081e-05,-7.08357574759095e-05,0.000124516591451821,-16,-15.3329737781203,-0.00146862300786618-1.58277965217466i,0.313141053636027-5.01051923390908e-05i,2802.1875,0.738523662276344
754,-10.9432962105423,Az_-20to-10,0.000124716553287982,-2.5760136605799e-05,-0.000106908380114036,0.00015829903306744,-11,-11.6702972526808,0.00427451770882911-1.39604319690638i,0.2987439338939-0.000218985996124257i,1470,0.739874909718048
755,-13.7127880700429,Az_-20to-10,0.000124716553287982,-3.18775602514602e-05,-9.89537172317715e-05,0.000162779316722706,-13,-14.3378297422228,0.00762369514406305-1.76858371935899i,0.2963860461917-0.000117786087464551i,1007.75390625,0.740418354299934
756,-16.9566999349362,Az_-20to-10,0.000124716553287982,-3.92695082701202e-05,-8.97637983546281e-05,0.000168126892587333,-17,-17.4776539601142,-0.00935597605830884-2.39654061024505i,0.294039247330818+0.00014063954608199i,2351.42578125,0.74526724609407
757,-11.2052617797421,Az_-20to-10,0.000124716553287982,-2.62256614697736e-05,-0.000105349233157001,0.000157839181332893,-12,-11.8752598990727,-0.0118893435969576-1.63322871726773i,0.291175889296661-0.000123766074608796i,924.4921875,0.737614652647159
758,-14.5931833836775,Az_-20to-10,0.000124716553287982,-3.39664609857545e-05,-9.67340467820091e-05,0.000164480568715972,-14,-15.2349576672591,-0.00314204006709762-1.60995016962439i,0.31542503241724-2.08156893930014e-05i,597.1875,0.735918616902112
759,-10.335077946661,Az_-20to-10,0.000124716553287982,-2.4037165591286e-05,-0.000108455807094752,0.000156713624947518,-12,-10.9090998377605,0.00690082089006128-1.19093720625916i,0.300913793470755-1.29907423941922e-05i,467.98828125,0.736655392810228
760,-18.6148822375683,Az_-20to-10,0.000106092989619586,-3.60176415139034e-05,-7.00807849226773e-05,0.000142017240949095,-18,-18.7519003556172,0.0182841452657557-2.21784521893274i,0.304556574737836+0.000175873215133217i,2265.29296875,0.736656395797167
761,-15.3528766790286,Az_-20to-10,0.000111390511111861,-3.11698405853049e-05,-8.02279765011823e-05,0.000142505493626801,-16,-15.632943839763,-0.00268147466712646-1.76638638721971i,0.306335387136349+1.79395703660129e-05i,2764.86328125,0.741072660030631
762,-17.1432654275224,Az_-20to-10,0.00010604719791913,-3.24229788250875e-05,-7.35417691269174e-05,0.000138494676028592,-17,-17.0005418984336,0.0134276688574977-1.87399165833246i,0.312569755760806+0.000350743005708289i,493.828125,0.739881230754552
763,-15.4256969857043,Az_-20to-10,0.000118336060865987,-3.27359209166769e-05,-8.56709654426848e-05,0.000151163662585961,-16,-15.4633181572218,-0.0038628359680155-2.0406073867197i,0.302605079276627-5.1444303759543e-05i,1398.22265625,0.737841231962975
764,-10.2826556164778,Az_-20to-10,0.000124716553287982,-2.41207913400652e-05,-0.000107650187886528,0.000155960164647752,-10,-10.9461375590006,-0.0206831099570652-1.48059136942983i,0.290019505860486+5.15363683285114e-05i,872.8125,0.743251240971043
765,-18.312005016304,Az_-20to-10,0.000124716553287982,-4.17962387061833e-05,-8.49529940081502e-05,0.000168335981767672,-19,-18.5275379311352,-0.0245457401595179-2.59681396923689i,0.300717632856804+9.24356187760184e-05i,2540.91796875,0.741670318769576
766,-15.7741879540216,Az_-20to-10,9.6297741386035e-05,-2.70172228308514e-05,-6.92466399743431e-05,0.000123313887089883,-16,-15.6719556972475,0.00403760135344149-1.3672809833058i,0.313766924268915-0.000113402059268825i,1622.16796875,0.73733275730896
767,-14.2739881829381,Az_-20to-10,0.000105343761578181,-2.65093725829177e-05,-7.89938145239835e-05,0.000131747666388339,-14,-14.1249889036656,-0.000880910815980564-1.48473430665736i,0.306139490988109+3.6597738496312e-05i,1561.875,0.742437086714231
768,-19.9177289429255,Az_-20to-10,0.000115020983064136,-4.19464056969655e-05,-7.30799117637789e-05,0.000156874864890446,-20,-20.0361446938624,0.00837729196149906-2.52421892718911i,0.299760141225463-0.000129695287372278i,2113.125,0.744984058790954
769,-11.8753597725377,Az_-20to-10,9.85532800922142e-05,-2.06646091517294e-05,-7.78949998782333e-05,0.000119169837720999,-12,-11.8421940151602,0.0187713992426951-1.30636139772307i,0.301297763855367+0.000130390074829984i,1447.03125,0.743512282043383
770,-13.5097789503483,Az_-20to-10,0.000100082990086859,-2.39893858302345e-05,-7.60118326487158e-05,0.000124102222524327,-14,-13.4792051687612,0.00294642638861801-1.24329924938792i,0.324802086470689-0.00010825222377667i,2052.83203125,0.736027746219709
771,-16.5869002780651,Az_-20to-10,0.000122336986073999,-3.62465532886394e-05,-8.61960559689807e-05,0.000158534162557842,-16,-16.5037402810173,-0.0062114959272874-2.33368171967764i,0.293851472402882-0.000197190660648286i,2322.71484375,0.739050438331164
772,-16.6620847999461,Az_-20to-10,0.000110790453349042,-3.26864499861418e-05,-7.77488401403989e-05,0.000143469061080543,-17,-16.4376131367977,-0.0173206032621007-1.78085208453451i,0.305265688009712+0.000151356342884677i,1309.21875,0.73776207207179
773,-14.9583682544292,Az_-20to-10,0.000124716553287982,-3.47018989387312e-05,-9.60934769985237e-05,0.000165591942850928,-15,-15.5490206152834,-0.0183269969885583-2.20169810467482i,0.285191239263578+0.000166307147570183i,490.95703125,0.743346660574584
774,-11.1489231373867,Az_-20to-10,0.000124716553287982,-2.55523664623441e-05,-0.000105019885822135,0.00015618923945287,-10,-11.5787214313049,-0.0052679041651688-1.15868146488977i,0.300333902728391-0.000108877200101103i,1886.30859375,0.742287800528894
775,-12.620241388146,Az_-20to-10,0.000124716553287982,-2.9490375846146e-05,-0.000102281046315485,0.000161506918151232,-13,-13.3037556517107,0.00729722134606297-1.88009475743604i,0.295647595751834-0.00012675200948576i,2294.00390625,0.736905768170334
776,-14.1878584611941,Az_-20to-10,0.000124716553287982,-3.33408564344699e-05,-9.75826373074538e-05,0.000164262503271503,-14,-14.9670573175151,-0.00317286489640712-2.14095942131152i,0.286653619789734+0.000122838123665141i,1515.9375,0.741919755643722
777,-16.9942133900421,Az_-20to-10,0.000124716553287982,-3.93424917419648e-05,-8.85365199846779e-05,0.000167050975858795,-17,-17.508153687151,-0.01463691027302-1.98538034763409i,0.306009348652317-0.000160276511082372i,1665.234375,0.741912475793174
778,-12.7991623251931,Az_-20to-10,0.000110255877400917,-2.52644833764498e-05,-8.51142893695552e-05,0.000135291436476547,-13,-12.9061799983992,0.00814056297800598-1.23139376538134i,0.315178031769734+0.00037001291385394i,1782.94921875,0.738210335640033
779,-0.42885330166038,Az_-10to0,0.000108462467498899,-5.6946437210382e-07,-0.000107871038120287,0.000109094277968131,0,-0.30081931616283,0.00446031759907363-0.0498393574320045i,0.290396554876636+0.000129569870306396i,1492.96875,0.739448394623158
780,-1.24744625319799,Az_-10to0,0.000124716553287982,-2.89808747654992e-06,-0.000130626308418247,0.000136413156697153,-1,-1.33116494163851,-0.00220215933869329-0.169695255993215i,0.30044216593354+0.000105440063727952i,795.29296875,0.740674807267359
781,-1.59286925909009,Az_-10to0,0.000124716553287982,-3.86293850538989e-06,-0.000131558630795864,0.000139433854731884,-1,-1.77409757093162,0.0116023205698012-0.214335594591238i,0.30041167619354+0.000320282206073587i,981.9140625,0.743927652254293
782,-0.185436055274321,Az_-10to0,0.000120848323063874,4.78785225792826e-08,-0.000120799939309407,0.000120845240571215,1,0.0226998361254455,0.00366339314153576-0.00946909226225385i,0.314138680999818-8.0665704415863e-05i,752.2265625,0.740001736034155
783,-4.34459946797997,Az_-10to0,0.000118396467239795,-9.05507427289904e-06,-0.000109309618204226,0.000127422311805603,-5,-4.37352150148393,0.0136263729931978-0.491833924442761i,0.296637858128807+0.000120639959466661i,614.4140625,0.74275719269093
784,-2.40825048968879,Az_-10to0,0.000105593329260464,-4.42663631057276e-06,-0.000101035411635412,0.000110092053835399,-3,-2.40052245576436,0.000632638846306498-0.285610720461274i,0.3061936071929-0.000140808046048206i,1561.875,0.740326651782653
785,-4.23928597852836,Az_-10to0,0.000124716553287982,-1.03859024984842e-05,-0.000122113790046846,0.000142727282155526,-4,-4.76038247770343,0.000563717020558488-0.477153954417386i,0.312822990435559+0.000275874926639743i,1157.05078125,0.739395781377146
786,-4.56189504774111,Az_-10to0,0.000109459668442187,-8.94019225691057e-06,-0.000100411879278196,0.000118502084708442,-5,-4.66930699566893,0.0106994564207246-0.407239496791462i,0.311619971372234+0.000133600336314949i,973.30078125,0.73766289154745
787,-8.24866410629493,Az_-10to0,9.95081924874787e-05,-1.44265352473067e-05,-8.52678815435867e-05,0.00011400781306156,-7,-8.24917326751219,0.0158809413167031-0.859270893114932i,0.31335740018044-0.000319778338488071i,2431.81640625,0.740337065369745
788,-8.00389668878647,Az_-10to0,0.000112634370934671,-1.59505539099017e-05,-9.67686308077519e-05,0.000128534450410889,-8,-8.06026305361116,-0.010257838670722-0.809610024827473i,0.307708505649628-0.00013475011270123i,2667.24609375,0.740362925567703
789,-8.792164490063,Az_-10to0,0.000124716553287982,-2.05505947714308e-05,-0.000110396194675851,0.000151647444459349,-9,-9.35702471780145,0.000287588089119671-1.29135490321436i,0.288242605280266-0.000117557637383608i,1777.20703125,0.739693776028423
790,-7.70972840255873,Az_-10to0,0.000103427741466982,-1.39568401464039e-05,-8.94722672573953e-05,0.000117294631475712,-9,-7.68523513430377,0.0215288644386038-0.697289730174546i,0.311987611803438-0.000172487048726477i,849.84375,0.740503484242131
791,-1.93325594159259,Az_-10to0,0.000121292581186207,-4.23831106600735e-06,-0.000117028403395892,0.000125689909452227,-2,-2.00126480263538,0.0163778603449152-0.243605992548656i,0.293806893387765+0.000108857906496389i,2650.01953125,0.74137059475859
792,-7.09029170697583,Az_-10to0,0.000105231346749605,-1.30527436391879e-05,-9.20281274383744e-05,0.000118065785328596,-7,-7.07077039753612,0.0023858936657858-0.77131154615513i,0.311392383813959+0.00027951039969281i,2411.71875,0.737676167643329
793,-8.91057267945068,Az_-10to0,0.000115683381238247,-1.78973950475385e-05,-9.77354158319326e-05,0.000133654746872509,-10,-8.79451558270771,-0.000568310907685364-0.805777126711179i,0.318904230015191+0.000202374057913835i,1013.49609375,0.739295509902888
794,-5.07810393265201,Az_-10to0,0.000118221364797174,-1.03091618274465e-05,-0.000107913058594632,0.000128767764679997,-3,-4.98371050980959,-0.000571816336155799-0.573592193680762i,0.31106220790049-0.000338887304406892i,890.0390625,0.740026251498832
795,-1.8510856457321,Az_-10to0,9.79551647138193e-05,-3.47858371694205e-06,-9.42558592420906e-05,0.000101749885749816,-3,-2.03383299835754,-0.0042220151312361-0.171278390603093i,0.314321133135662-0.000381822869986413i,2285.390625,0.74232647677414
796,-2.36986893629208,Az_-10to0,0.000122144885463878,-5.08872156416298e-06,-0.000116978174709888,0.000127335873319801,-2,-2.38564028228734,0.00617522348452235-0.316640046369444i,0.290300864661129+0.000153089456300742i,1682.4609375,0.739642770594949
797,-2.6884501700237,Az_-10to0,0.000102147332653114,-4.79838289675516e-06,-9.71936833777372e-05,0.000106975923491083,-2,-2.68949883442357,0.00559534474649601-0.223764231692797i,0.318250620736417+2.87565177641523e-05i,1271.89453125,0.740052105319482
798,-8.18460375974493,Az_-10to0,0.000124716553287982,-1.84378751191178e-05,-0.000109877607943952,0.000146634217302518,-8,-8.40959288080811,0.0165184809161994-0.825627199450812i,0.298985073664243+7.44746958359147e-05i,2288.26171875,0.739705258155041
799,-1.06504681929517,Az_-10to0,0.000123373032255404,-2.30382230223842e-06,-0.000121031881406457,0.00012575431829653,-1,-1.06979582611709,0.0114438722381036-0.14617392297124i,0.294168781537711+0.000153846764570024i,1894.921875,0.740650078054846
800,-6.19503098790164,Az_-10to0,0.000115267572351945,-1.24191787501734e-05,-0.000102802444602317,0.000127724206571381,-8,-6.14944997496572,-0.00625123213984051-0.59683933400397i,0.313058283463991-8.74791087416282e-05i,1352.28515625,0.743533596582258
801,-0.962924155157562,Az_-10to0,0.000124716553287982,-2.4960653514355e-06,-0.00013064445012334,0.00013576477273204,0,-1.14655926405804,0.0132073738662264-0.108230157311148i,0.302104944947317-3.61464914871643e-05i,1581.97265625,0.741468656177258
802,-4.3412873710947,Az_-10to0,0.000124716553287982,-1.01995907131291e-05,-0.000124732771714305,0.000144976300238313,-5,-4.67536840805292,-0.00189144246273061-0.67883937534945i,0.294192623133534-0.000159638881917501i,2535.17578125,0.737782658839605
803,-2.2756109532411,Az_-10to0,0.000124716553287982,-5.23615689619122e-06,-0.000128542531873194,0.000139161014075674,-2,-2.40412033645015,0.00376481177589305-0.334008730042544i,0.291589522942072+5.80103720532882e-05i,809.6484375,0.739146178460138
804,-1.67446709366821,Az_-10to0,0.000104458519104228,-3.38047462512465e-06,-0.000101091345309206,0.000108009544442132,-2,-1.8535525615429,-0.00924227828170977-0.175695172030837i,0.322384957218321-0.000281551752729144i,424.921875,0.739668114134735
805,-3.18772871788503,Az_-10to0,0.000117860845038286,-6.41167235382411e-06,-0.000111502045640424,0.000124368599061491,-3,-3.11384172973972,0.00454094396866353-0.30630127189442i,0.321295007307174+0.000139233022825321i,1145.56640625,0.740027877849095
806,-9.79707814450096,Az_-10to0,9.89875950886723e-05,-1.68638734268527e-05,-8.22813092402528e-05,0.000115794238106138,-10,-9.66828627345629,-0.00389377703267593-1.01708708528504i,0.314421081012931+7.10328720099629e-05i,585.703125,0.741327129281721
807,-6.24958395035273,Az_-10to0,0.000112289080314544,-1.25259524235875e-05,-9.96086821992824e-05,0.000124836273488261,-6,-6.36508354178627,0.00823249195414114-0.766109243363556i,0.29404236734539-6.53039069233238e-05i,2469.140625,0.740827669007813
808,-2.73611602340518,Az_-10to0,0.000124716553287982,-6.16130013211294e-06,-0.000120948969102481,0.000133479889045092,-4,-2.82825105223791,-0.0032962278871081-0.263977809333561i,0.29928187446876-6.31234823619126e-05i,2242.32421875,0.742592698319277
809,-4.20978204218389,Az_-10to0,0.000112763952795944,-8.00797842130709e-06,-0.000104997137609382,0.000120915242881754,-5,-4.06206388871724,-0.0213972266046901-0.538699158016968i,0.30896139030224-0.000111970160645694i,600.05859375,0.740863915426402
810,-4.60955536341825,Az_-10to0,0.000108012280933439,-8.60796857537156e-06,-9.91325944538811e-05,0.000116575193243786,-6,-4.55651977825097,0.0186237128780101-0.400956993372051i,0.313946616921211+0.000136271275685433i,2156.19140625,0.741181244808404
811,-2.44880826941535,Az_-10to0,0.000124716553287982,-5.7983946135163e-06,-0.000124844072110199,0.000136622100281318,-3,-2.66191188579343,0.0190029743903833-0.329575946159176i,0.301879330703948+0.000229130693105206i,2572.5,0.742144515167808
812,-2.63032072412237,Az_-10to0,0.000119338319663708,-5.04608706892145e-06,-0.000114311219163459,0.000124266479733177,-2,-2.42124549265747,-0.00301468858000697-0.351690838983915i,0.300390851096039-0.000261434571815516i,1335.05859375,0.73762565837978
813,-0.0926565072908723,Az_-10to0,0.000124716553287982,2.07789678591034e-07,-0.000131814669020871,0.000131226236843884,1,0.0954601476689636,-0.00820784303136837-0.04605714492147i,0.288029444761284-0.000460314118190329i,2759.12109375,0.740965653976192
814,-7.73143947878559,Az_-10to0,0.000124716553287982,-1.7635146446968e-05,-0.00011054578220633,0.000145710994065396,-8,-8.04836904862365,-0.0159906992295563-1.0454333578741i,0.300006613168824+3.07770413621872e-05i,2001.15234375,0.739597292469284
815,-9.06617134620427,Az_-10to0,0.000124716553287982,-2.0460827169801e-05,-0.000106818200538702,0.000147626863572035,-10,-9.31687027999869,0.011760193662212-0.924155584118259i,0.321625969556347-7.44012121338608e-05i,1920.76171875,0.73964648014811
816,-3.0483760186366,Az_-10to0,0.000109644259751041,-5.68652541201309e-06,-0.000103971691853403,0.000115179656687879,-2,-2.96889459860505,0.00916100738363194-0.319400224390358i,0.305271027027852-0.000118438975241886i,1995.41015625,0.738896928415635
817,-9.50146742339155,Az_-10to0,0.000112701487509957,-1.94375931344354e-05,-9.33165016730647e-05,0.000132117626034089,-10,-9.78551844816507,-0.0157492343570344-1.05846906122185i,0.303640203572777-6.28702227676789e-05i,1171.40625,0.740031184541548
818,-1.73026577823685,Az_-10to0,0.000114396737193029,-3.55894220706268e-06,-0.000110796842641973,0.000117951705325133,-1,-1.78192686832882,-0.00286433324241186-0.188042930919473i,0.309695352098394+6.51903605938635e-05i,1909.27734375,0.742329387523563
819,-6.31885769288373,Az_-10to0,0.000124716553287982,-1.4587321263765e-05,-0.000117608353691759,0.000146699534617292,-6,-6.67122001493924,-0.0106499899364318-0.817347918595861i,0.296759828787199+4.60181416591654e-05i,1180.01953125,0.739215921478825
820,-8.02372067069998,Az_-10to0,0.000124716553287982,-1.90165429730084e-05,-0.000115031210289388,0.000153042979539265,-8,-8.66957514042506,0.00139538124214232-1.05777763893665i,0.297728905248104-7.03699152052803e-05i,1033.59375,0.74554472152261
821,-9.05828528822503,Az_-10to0,9.87947451247186e-05,-1.60462591836077e-05,-8.30270865505827e-05,0.00011476384638436,-8,-9.22542987338295,0.0043375386742641-0.989400717225208i,0.314731425108029-4.70451003460048e-05i,1257.5390625,0.739305236646748
822,-7.58392178886168,Az_-10to0,0.00010861962903062,-1.40991246535136e-05,-9.44437382224395e-05,0.000122658723053964,-9,-7.39579709366004,-0.0206581763561855-0.656972322205977i,0.312746842761053-0.000152370203581026i,1958.0859375,0.739971288358957
823,-7.28013087402782,Az_-10to0,0.000116512505413067,-1.50842352572952e-05,-0.000101556800282373,0.000131561564834196,-8,-7.37673904963686,-0.0166991699885798-0.669963171345328i,0.309841791448723+0.000234051952682786i,531.15234375,0.740923143912605
824,-7.36113586321746,Az_-10to0,0.000120349255663494,-1.52633354118183e-05,-0.00010520620518349,0.000135591328057096,-7,-7.22796846569491,0.0235334210893034-0.786859664387088i,0.312375060824871+0.000260752974691695i,941.71875,0.741403237462783
825,-6.83747865248388,Az_-10to0,9.9597524452439e-05,-1.18617311494426e-05,-8.7717788463437e-05,0.000111455660069968,-9,-6.7917443627856,-0.00580379019506174-0.631344504358788i,0.314798517125288+0.000129766593085827i,2328.45703125,0.738394626551038
826,-0.147190365192158,Az_-10to0,0.000107716758409437,-3.18997937010936e-07,-0.000107352594657981,0.000107949049338098,-1,-0.169678166170597,0.00790692288957896-0.0106111804751471i,0.307357467387686+9.87236906520896e-05i,884.296875,0.739079467026261
827,-7.88003133823388,Az_-10to0,0.000106308858901976,-1.44943754471532e-05,-9.16952828860985e-05,0.0001205419265687,-7,-7.76395585564018,-0.00243808192154462-0.711820270546466i,0.326322038669203-0.000429435773102137i,536.89453125,0.741581852379691
828,-8.9656062419694,Az_-10to0,0.000114342994704664,-1.79552739951433e-05,-9.64517929141148e-05,0.000132224728281758,-10,-8.92427642098101,-0.0042485164097843-0.898751546913631i,0.313161015928552+6.65995236299663e-06i,2411.71875,0.74112841136481
829,-8.71058862092632,Az_-10to0,0.000106575603648875,-1.62307390417851e-05,-9.0321210802798e-05,0.000122758359287209,-8,-8.65922126755171,-0.00196535101686167-0.896845918110067i,0.317992145157643-1.85533183897357e-05i,2331.328125,0.738798983194021
830,-1.85553810660377,Az_-10to0,0.000124716553287982,-4.81648870292633e-06,-0.00012852044116091,0.000138325724519578,-2,-2.21163424628908,0.00697058987071706-0.190692942124856i,0.30846266704776+0.000217329466240104i,467.98828125,0.736479325397826
831,-9.90021182456705,Az_-10to0,0.000124716553287982,-2.31107573660771e-05,-0.000109238170377118,0.00015530238432062,-10,-10.4981836299375,-0.0293077321404853-1.35838977751968i,0.294434224994942+0.000245464318252793i,1828.88671875,0.736343052184546
832,-6.16261035407281,Az_-10to0,0.000124716553287982,-1.27281204244745e-05,-0.000112835616782906,0.000138068931148287,-4,-5.82722478525667,0.000748890877885423-0.828201988593073i,0.30164264517216-0.00016863293866997i,2035.60546875,0.739022028694112
833,-5.08679338003579,Az_-10to0,0.000124716553287982,-1.14707038461604e-05,-0.000115646953096876,0.000138734436372968,-4,-5.2549484898496,-0.0225040970640476-0.697199618191711i,0.297404687985302-0.000129118238581125i,743.61328125,0.740782820607829
834,-1.82119784855974,Az_-10to0,0.000124716553287982,-4.23942717038853e-06,-0.000129313611092453,0.000137806100299373,-2,-1.9468770276495,0.0115270243935594-0.270768393989889i,0.303834612673229+5.07209522739027e-06i,1958.0859375,0.740082111308516
835,-8.62589180069978,Az_-10to0,0.000124716553287982,-2.06467474220596e-05,-0.00011299126611998,0.000154243448082222,-8,-9.40002500117408,-0.00544493619621361-0.987947234826025i,0.300549230514721+0.000112692365886798i,852.71484375,0.741092493470139
836,-0.557196060771471,Az_-10to0,0.000117249852347121,-1.04220407332171e-06,-0.000116164655706854,0.000118162806016789,0,-0.509274178270398,0.0170622728606637-0.0442969316813661i,0.323336407734556-0.000159200727598393i,1297.734375,0.741425698256427
837,-0.662342813536142,Az_-10to0,0.000124716553287982,-1.41196806790275e-06,-0.000125912625314411,0.000128807761946981,0,-0.648641682285493,0.00881980334126811-0.102439777056516i,0.296760905534613-2.19191483756681e-05i,1946.6015625,0.739324021941621
838,-6.52034480381073,Az_-10to0,0.000124716553287982,-1.5355093792442e-05,-0.000118942045401403,0.000149634454717285,-6,-7.01892929601402,0.00596723639616494-1.01327700107778i,0.278575787219332-0.000115031429416379i,1780.078125,0.741935292007836
839,-0.255831863484383,Az_-10to0,9.91559113567849e-05,-8.00345226524773e-07,-9.82465705025639e-05,9.99440199010137e-05,1,-0.462457630508303,0.00547551217506384-0.0527756712465335i,0.305136341295409+1.15861196094552e-05i,419.1796875,0.741614748762942
840,-9.25600939305925,Az_-10to0,0.000109515276375841,-1.79185181303306e-05,-9.16669558645838e-05,0.00012746857124707,-9,-9.29220624362304,0.00478706298686218-1.05202616816093i,0.302137040462555+0.000180338008773546i,1228.828125,0.73909717703712
841,-8.43654399775821,Az_-10to0,0.000111735532002982,-1.66741749431844e-05,-9.50442831736395e-05,0.000128402053771045,-9,-8.48755436019985,-0.00438790036073083-0.733282694652911i,0.320702116139697+8.05692710490608e-06i,1139.82421875,0.740676531893464
842,-6.20315400954783,Az_-10to0,0.000124716553287982,-1.49571248912562e-05,-0.000119529636488309,0.0001492385806045,-6,-6.8387601244586,0.00750563811823285-0.673027419505858i,0.30901643912358-0.000174548385053722i,809.6484375,0.741012136437956
843,-5.14709494677245,Az_-10to0,0.000124716553287982,-1.19033935924773e-05,-0.000122768544615149,0.000146640286878171,-5,-5.45199904952679,-0.00788927543631108-0.694481517201129i,0.303731430452021-0.000131966227043992i,1714.04296875,0.736318624037897
844,-1.85794499140599,Az_-10to0,0.000124716553287982,-4.67254113003524e-06,-0.000129877003414394,0.000138782448844933,-2,-2.14559915773621,0.0156240247286937-0.201958906530712i,0.311370561777925-6.19501745118059e-05i,2802.1875,0.743231818065102
845,-1.85609186001827,Az_-10to0,9.82787555909485e-05,-3.33121896443214e-06,-9.47710604869364e-05,0.000101666879200807,-1,-1.94133249684327,0.00500616845384049-0.213622568528449i,0.301009963244661-0.000175224345646204i,1573.359375,0.738584288483526
846,-3.69744122225623,Az_-10to0,0.000124034286902927,-8.12281282965392e-06,-0.000115774327930655,0.000132217212632543,-4,-3.74686130094588,-0.00227534343062528-0.459844968490533i,0.307675933184508+0.000140330588305142i,1883.4375,0.738603315716476
847,-5.05428862727734,Az_-10to0,9.82967960826847e-05,-8.59921984617327e-06,-8.97105744787979e-05,0.000106919208128037,-5,-4.99963240603535,0.0164996385942359-0.435293035715047i,0.317428933168248-0.000266993789695955i,1765.72265625,0.741488703951561
848,-7.65690518349648,Az_-10to0,0.000110997878453269,-1.48316661247286e-05,-9.61903710321308e-05,0.000125764639404194,-8,-7.61084638380515,-0.00371918675312264-0.797612090747059i,0.313650834107048-0.000189258310518491i,1329.31640625,0.741197930361014
849,-8.87188247074139,Az_-10to0,0.000124716553287982,-2.04960653420613e-05,-0.00011021893801803,0.000151210611786711,-9,-9.3326339630963,0.00904471780459288-1.08334724342941i,0.303701703712927-6.50777049313461e-05i,2586.85546875,0.741757330292319
850,-3.64220402199634,Az_-10to0,0.000116814620439178,-7.59902715688069e-06,-0.000109366866384099,0.000124729041745945,-3,-3.72196201423157,0.00402937529458674-0.43681183456875i,0.310809585734786+0.000121322117073649i,1966.69921875,0.738697512110751
851,-6.84588562156255,Az_-10to0,0.000124716553287982,-1.58585623393919e-05,-0.000114598094049984,0.000146203307958799,-7,-7.2466602929043,-0.00460534521369377-0.683843392267963i,0.309883281708031+7.46858963674851e-05i,1030.72265625,0.741846566568059
852,-1.95660703865929,Az_-10to0,0.000124716553287982,-4.17125619025756e-06,-0.000124708978545786,0.000133012241644372,-3,-1.91559430427301,0.0152906212036815-0.249096979272103i,0.31050538685901+0.000423382511504124i,393.33984375,0.738426457986271
853,-0.207459997273446,Az_-10to0,0.000119004845675262,-3.58155129727372e-07,-0.000118632133971299,0.000119343120260939,0,-0.172435964871147,0.00953219323302222-0.00997878383310384i,0.323715420094793-7.12073719251957e-05i,2859.609375,0.740779003166034
854,-7.84328108019056,Az_-10to0,0.000114573792688073,-1.62590825125101e-05,-9.83554914302399e-05,0.000130859653023582,-7,-8.0768719968271,-0.012830167541347-0.913449104840793i,0.300748550046602+0.00016053619710394i,1237.44140625,0.74007447676251
855,-3.22271245321097,Az_-10to0,0.000124716553287982,-7.66288178755844e-06,-0.000125984231479168,0.000141278042806312,-3,-3.51596901404393,-0.0138580139418335-0.489283581203598i,0.295028395903356-5.28244741171413e-06i,482.34375,0.736317790470717
856,-9.18999695363373,Az_-10to0,0.000107820710068974,-1.74305520892227e-05,-9.04012285014035e-05,0.000125163195114498,-9,-9.18312238347433,0.00402289307091846-0.969883965852747i,0.307236445386497-9.86620988944892e-05i,775.1953125,0.739152959398425
857,-2.54436108027207,Az_-10to0,0.0001138946857452,-5.18558513237448e-06,-0.000108677657823941,0.000118859794115135,-2,-2.6068564654901,0.021413310970023-0.305989349009307i,0.304967173012071+0.000251746279381182i,1027.8515625,0.737312850216106
858,-0.0266194209824206,Az_-10to0,0.000122968517645375,3.530285435883e-08,-0.000123118395894967,0.000123000108959435,0,0.0164489622440507,-0.0190047225409179+0.0107741298518949i,0.314358229016167-2.92138352583557e-06i,488.0859375,0.737770841493967
859,-2.06211599824258,Az_-10to0,0.000124570597844031,-4.38721307210446e-06,-0.000120087642459747,0.000128986615472028,-2,-2.01704852951206,0.00105850240351122-0.204483853311402i,0.317988993806129+4.41710129485996e-05i,1869.08203125,0.742349814674718
860,-7.07648264319272,Az_-10to0,0.000124716553287982,-1.59683380788019e-05,-0.000110654547460182,0.000142448564698869,-7,-7.29628421434091,0.0106105925333247-0.761134813519533i,0.316251112568616+4.12974302681848e-05i,1831.7578125,0.737965708993203
861,-7.58583045915984,Az_-10to0,0.000116352579560143,-1.53993975882506e-05,-0.000100919717126123,0.000131792636593087,-7,-7.53934422038673,0.00768221671177092-0.805482331621469i,0.315078695013694+3.34092963691843e-05i,712.03125,0.737991083024088
862,-7.3130230550299,Az_-10to0,0.000109679012375003,-1.40054560160187e-05,-9.55723574167019e-05,0.000123551892392501,-7,-7.27699932315553,0.00154797990154821-0.923368359148289i,0.305418847567801-0.000117068711845594i,1518.80859375,0.73821768638904
863,-8.63503217612093,Az_-10to0,0.000124716553287982,-2.0196948367105e-05,-0.000112865168687045,0.000153207753164832,-9,-9.19877986433391,-0.00996923635286361-1.08450674000795i,0.297837563279244+0.000282722202819254i,2024.12109375,0.741412519980572
864,-4.03922652453403,Az_-10to0,0.000124716553287982,-9.13691533025868e-06,-0.000121819197848945,0.000140105108198388,-4,-4.19008609321506,-0.00115083208233952-0.524139183345625i,0.299949333347965+2.10074189768497e-05i,1668.10546875,0.737515395893484
865,-4.60324769861997,Az_-10to0,0.000124716553287982,-1.12472837279559e-05,-0.000121476604159031,0.000144065730740688,-4,-5.15315196314298,0.00120428894016312-0.504197727374167i,0.306795280113679-6.11898214297191e-05i,1091.015625,0.741411285230543
866,-2.22060607580596,Az_-10to0,0.000124716553287982,-5.54533793432486e-06,-0.00012933077832989,0.000140400958140119,-1,-2.54589561912409,0.0103178583695337-0.23004772779709i,0.314924922750257-0.000473567937294524i,2394.4921875,0.741313269761877
867,-2.13886766851568,Az_-10to0,0.000124716553287982,-4.69865493984438e-06,-0.000126633228051628,0.000136176653072272,-2,-2.15757914045965,-0.00706583337690326-0.313450019501705i,0.282427501431032-0.000134400757904024i,694.8046875,0.738529364840208
868,-4.88748715503936,Az_-10to0,0.000124709557972529,-1.08094067485112e-05,-0.000113908940672624,0.00013571646504777,-5,-4.95382523432824,0.00960986188991099-0.641302886831977i,0.294092562721127-0.000102992629964292i,1208.73046875,0.741000623593502
869,-9.73828177701776,Az_-10to0,0.000114855889088821,-1.97867972179962e-05,-9.50909938398514e-05,0.00013455618249985,-10,-9.77468364130855,0.0141207069916012-0.946512063928991i,0.308497678472516-8.18320331160208e-06i,875.68359375,0.739504262750791
870,-5.05478905815716,Az_-10to0,0.000124716553287982,-1.15991722781367e-05,-0.000122824291206343,0.000145904083502115,-5,-5.313467322187,0.0111901837098545-0.782077396048469i,0.29516583047255+7.71991792276189e-06i,2747.63671875,0.73995602996504
871,-1.28215785297178,Az_-10to0,0.000124716553287982,-3.15566254165301e-06,-0.000131872139195116,0.000138364573533886,-1,-1.44942727882405,-0.0287865897050857-0.117607281005225i,0.324301798433689-0.000168232188778452i,2032.734375,0.736992918224893
872,-4.63462664023673,Az_-10to0,0.000102932796389276,-8.55748825321091e-06,-9.43150279606153e-05,0.000111560042152878,-5,-4.75245031543967,0.00782845365669866-0.420032444708466i,0.314953656236186-0.000160735823142653i,1369.51171875,0.73807170826514
873,-2.55333168411624,Az_-10to0,0.000124716553287982,-6.13643859086219e-06,-0.000127839852502493,0.000140099815886901,-2,-2.81685715772952,0.00479541522721533-0.393179707706101i,0.289331497919221+0.000152380586100009i,1983.92578125,0.743908971028664
874,-0.0541742016667257,Az_-10to0,0.000124716553287982,-3.97673965302485e-08,-0.000134406393357779,0.000134412603684046,1,-0.0182694585932334,-0.00257041621179768-0.0185437605437257i,0.310069054528754+0.000126690863282382i,2767.734375,0.738202931537302
875,-6.862916049415,Az_-10to0,0.000116938053535852,-1.4004429271188e-05,-0.000103057790072923,0.000131012423183808,-7,-6.82918245561466,-0.000403104371419097-0.841584841319182i,0.312476283478333+0.00013771597134847i,732.12890625,0.740062536794119
876,-3.83011248061068,Az_-10to0,0.000124716553287982,-8.83810851537729e-06,-0.000126319677815883,0.000143998139458402,-4,-4.05352112487776,0.00926161781571587-0.457979014595222i,0.312196173738819-8.71235664756317e-05i,1691.07421875,0.740210452055141
877,3.22982846652071,Az_0to10,0.000124716553287982,7.38380929351272e-06,-0.000142370543253434,0.000127515864708221,2,3.38822578528553,-0.0107950186169153+0.3796237964415i,0.304375297672314+0.000132159344993318i,1119.7265625,0.738872978560999
878,2.50186475656122,Az_0to10,0.000124716553287982,6.00944036269988e-06,-0.000141070154147052,0.000129192203357241,3,2.75865117571063,0.00118952311447549+0.258389855474866i,0.305337936003593-0.000137050495851262i,898.65234375,0.742284619256113
879,5.58336580002613,Az_0to10,0.000124716553287982,1.31292599953957e-05,-0.000145936698937085,0.000119668965329145,5,6.00955200221351,-0.0106184356424545+0.638095022256146i,0.303488219419705-6.71690094073141e-05i,2589.7265625,0.739821144725495
880,3.58589043932636,Az_0to10,0.000117220315215672,7.30242846721488e-06,-0.000124613138443437,0.000109915790708552,5,3.56472628387031,0.00436157358877806+0.41715899406549i,0.30824074704612-0.000207487621233311i,2449.04296875,0.74254639193199
881,3.31215204709805,Az_0to10,0.000118208602545685,6.74202387997557e-06,-0.000125086503219422,0.000111521621060366,4,3.26432641985182,0.0119307394227156+0.369917385419976i,0.308540709537483+6.32486859701645e-05i,832.6171875,0.735971270098167
882,1.35628390402462,Az_0to10,0.000123569537968714,3.04736720356585e-06,-0.000126521706777464,0.000120522129753496,2,1.41269360779227,-0.00424187447417629+0.127006492738347i,0.3172834833046-7.86078658481688e-05i,1470,0.736299765394907
883,4.40771488935466,Az_0to10,0.000124716553287982,9.61569049682331e-06,-0.000136150947167558,0.000116849279351297,5,4.40880273840725,-0.00846784990223114+0.431056110893397i,0.309449791842388-0.000154493986056339i,901.5234375,0.742356743919084
884,4.58663433953277,Az_0to10,0.000124716553287982,1.126063896087e-05,-0.000146363585855445,0.000123535348832964,5,5.15923790831579,-0.000827470252217556+0.599894600043435i,0.303621499249219+0.000206662785449029i,2110.25390625,0.739611859595426
885,7.24836422021926,Az_0to10,0.000112448553628984,1.4172219101681e-05,-0.00012656726140659,9.82060605885884e-05,7,7.18328015502483,0.0040160156720538+0.682551774221416i,0.31336522215821+6.28867894632706e-05i,1880.56640625,0.737076354004226
886,5.26204430900412,Az_0to10,0.000124716553287982,1.13225016087102e-05,-0.00013640554133982,0.000113778486650266,5,5.18742703248355,-0.0100092452841614+0.609964826160404i,0.292163243957426-4.89387882134859e-05i,1248.92578125,0.741494435211717
887,0.205620247950502,Az_0to10,0.000124716553287982,6.10572879451589e-07,-0.000129998213606867,0.000128750015680776,0,0.280499810729463,-0.00383436780659286+0.0324490125121852i,0.291157592864865+0.000133166384773918i,1228.828125,0.738208983581783
888,4.85263576048354,Az_0to10,0.000124716553287982,1.11851982286866e-05,-0.000141503182110422,0.000119114170265979,5,5.12485823255046,0.000424482862307063+0.540686735532277i,0.306029506025874+3.3667858112818e-05i,2787.83203125,0.739910765655737
889,5.81712358711634,Az_0to10,0.000124716553287982,1.37429673236891e-05,-0.000142722575646095,0.000115471309671125,8,6.28825871459543,0.00686610356837374+0.704055530829397i,0.295664301477516+0.000359274963580423i,884.296875,0.742588565194496
890,2.23145366709914,Az_0to10,0.000112264311535894,4.38617741616842e-06,-0.000116805854889804,0.000107761610572945,2,2.23741361239058,0.00465807680815994+0.230069253525368i,0.309612756901457+6.88639015285139e-05i,795.29296875,0.738992574774553
891,1.6142692819625,Az_0to10,0.000124716553287982,4.04060742384515e-06,-0.000138977076493776,0.000130905350014201,3,1.85563820850974,0.00239319999916546+0.187529288589522i,0.303228514442014-9.64784257995073e-05i,2394.4921875,0.740313408973332
892,8.14997382079049,Az_0to10,0.000124716553287982,1.88646930369932e-05,-0.000151976243269649,0.000114206856475875,8,8.60138679193928,3.55855667445201e-05+1.16592975034368i,0.294765648454239-6.24775964638211e-05i,763.7109375,0.738616383395855
893,6.60678785181014,Az_0to10,0.000124716553287982,1.54480157564353e-05,-0.000149564547926603,0.000118646791706287,7,7.06097713974888,0.00177473727261774+0.86805139076498i,0.305043243616336-9.74207997811102e-06i,984.78515625,0.734802398965542
894,1.88503703445145,Az_0to10,0.000124716553287982,4.57785421412985e-06,-0.000139514390911771,0.000130366759313281,2,2.10215898060752,-0.000625120204719903+0.249891030911341i,0.307610653441685+0.00014845098597193i,1688.203125,0.736444883921811
895,9.21304233086651,Az_0to10,9.79007928845512e-05,1.64846201612447e-05,-0.000114330130881863,8.16032217722375e-05,12,9.55785738070867,0.00274966472077312+0.717108325059382i,0.324507342464803+6.83156420708958e-06i,1547.51953125,0.739250325858069
896,1.12348444567452,Az_0to10,0.000124716553287982,2.46858934445627e-06,-0.000134507087382335,0.000129500631737495,0,1.13394156593052,0.0012262871756564+0.115952244675304i,0.303635091292415+0.000113134600488885i,1734.140625,0.73916034184194
897,7.88917620952448,Az_0to10,0.000124716553287982,1.85063204484264e-05,-0.000152461576657243,0.000115452925033563,8,8.44036221269549,0.0173981057614862+1.07652314950182i,0.310426976292074+3.04391859811681e-05i,1139.82421875,0.73619087294304
898,7.42644089587273,Az_0to10,9.51776064667704e-05,1.2308028442806e-05,-0.000107349268782874,8.306777478885e-05,6,7.36839408591274,-0.0279322274984654+0.71141856139357i,0.312458172890155-0.000110213157908771i,898.65234375,0.741414079726407
899,6.52104089178589,Az_0to10,0.000124716553287982,1.41657987699926e-05,-0.000139594451773017,0.000111306056463936,6,6.4801088881565,0.00486946105111712+0.835354079728497i,0.299991352457066-0.000174085201512988i,2150.44921875,0.741550352486826
900,8.9393353677481,Az_0to10,0.00012279464218497,1.92396652157464e-05,-0.000142082540113717,0.000103440612767657,10,8.90479899074283,-0.0274795087555913+0.918507087347182i,0.313923362905711-8.44626054304631e-05i,2193.515625,0.736314987593462
901,3.22418410768146,Az_0to10,0.000124716553287982,7.44345992139843e-06,-0.000138956918671408,0.00012389667577027,2,3.4155332660927,0.0045068087170931+0.425193975317082i,0.298834887008549+0.000224473236570176i,933.10546875,0.740270702348304
902,6.78233099285292,Az_0to10,0.00010904421398895,1.28505920525401e-05,-0.000121729107296431,9.62499225212595e-05,6,6.72116628952476,0.00236657562209727+0.642966356952259i,0.320168830690996-1.12234481577933e-05i,1421.19140625,0.737306193786872
903,2.82564248908242,Az_0to10,0.000124716553287982,7.03371068831248e-06,-0.000140712983450332,0.00012625013653243,3,3.2279233630155,0.00655959510232927+0.321234918636749i,0.308608708876645-2.48070696633358e-05i,1426.93359375,0.741450441147485
904,0.411725328505433,Az_0to10,9.84295685962681e-05,8.75792939086127e-07,-9.89994606530901e-05,9.76903919882862e-05,-1,0.509784973281888,0.0136840048439826+0.0369209225381643i,0.309067730721352+0.000166316592064807i,1326.4453125,0.738400609794373
905,0.252549451395396,Az_0to10,0.000124716553287982,5.22985099692579e-07,-0.000134241984019323,0.000133169345561043,0,0.240262118647611,-0.00147294796713771+0.0324756197723666i,0.300171331970069+3.11854867500391e-05i,1024.98046875,0.740708015087461
906,2.49189832432834,Az_0to10,0.000124716553287982,5.87200513098539e-06,-0.000132597280393143,0.000120889006487241,2,2.69565527651866,-0.0220883979253049+0.322042498795712i,0.293162539282119+1.34041387792744e-06i,2219.35546875,0.738180826781455
907,1.60618191820464,Az_0to10,0.000118575207113599,3.05807814175358e-06,-0.000121780483069575,0.000115683509802495,1,1.47734204762309,-0.019659518520053+0.150340869952889i,0.315827077513182-0.000228188701367153i,2202.12890625,0.741471830815826
908,0.28996548052411,Az_0to10,0.000103629502117009,5.02735364724022e-07,-0.000104186125279617,0.000103212828670849,1,0.27795548617268,-0.0138942616752429+0.0124334788612002i,0.322234901265414-6.12682931911863e-05i,780.9375,0.73906172465104
909,3.3533264237956,Az_0to10,0.000123230870551661,7.43755801062157e-06,-0.000130819479575129,0.000115699155980396,2,3.45387789413995,-0.00860671649301296+0.468720188280937i,0.297256937678372-3.08169070022818e-06i,1283.37890625,0.741363323414335
910,4.19447957500562,Az_0to10,9.72511640355451e-05,7.43637535364636e-06,-0.000104782546200941,8.97148508695895e-05,4,4.37265108425965,0.00638929030452159+0.330471359128814i,0.323371974441907-2.22709018342822e-05i,1444.16015625,0.739818740306972
911,9.36740735610096,Az_0to10,0.000124716553287982,2.20342279577956e-05,-0.000151651256992668,0.000107670013261396,10,10.0193068376295,-0.00937298452845883+1.37314588479972i,0.288561610517858-0.000449263000420762i,2061.4453125,0.746121201508548
912,8.18233675030738,Az_0to10,0.000124418302049734,1.81105710050549e-05,-0.00014241727415421,0.000106423222550984,8,8.28191921752355,0.000882227302366625+0.820133850003009i,0.31288567769457+5.59150926539333e-05i,620.15625,0.739797553581191
913,7.57279509408714,Az_0to10,0.000124716553287982,1.67574654404484e-05,-0.000143120743792926,0.000109883335213019,8,7.65267965208467,0.0146649522958574+0.734267258393559i,0.305102031053176+0.000240548354198414i,898.65234375,0.736103657524497
914,2.17597757874991,Az_0to10,0.000108188790132642,4.25804240441507e-06,-0.000112544622918687,0.000103966554254024,3,2.25385648094089,0.000628929543345492+0.251796204303939i,0.306006159545702-0.000269426254521386i,2509.3359375,0.73740741226915
915,9.12655223094713,Az_0to10,0.000118658666196105,1.92116201440569e-05,-0.000137970352856714,9.94536272172023e-05,10,9.19675801767885,0.00464025949013514+0.855537769697082i,0.318771164622217+0.000173268880695444i,516.796875,0.738764295242979
916,6.92396809660678,Az_0to10,0.000107298780413173,1.29966583966345e-05,-0.000120200063400429,9.41562524940449e-05,8,6.90635693598283,-0.00263384830785312+0.578919664537038i,0.317600286803807-0.000110685557131385i,1794.43359375,0.738988315229611
917,0.293788549314833,Az_0to10,0.000124083063863725,6.34853781119227e-07,-0.000124672218826945,0.000123327465456789,1,0.29314334886088,0.00654422037962976+0.0421692670365519i,0.311482466833344-5.01171448129105e-05i,1105.37109375,0.739295397663988
918,5.34667500560708,Az_0to10,0.000124716553287982,1.24998968636817e-05,-0.000145335220816612,0.000120348843735521,6,5.72343877643262,-0.00185006561499615+0.790492154030612i,0.296274855397312+1.552169975165e-05i,2314.1015625,0.740204436025945
919,9.87707620365066,Az_0to10,0.000124716553287982,2.35950751780192e-05,-0.000156874139962031,0.000109736272122136,9,10.7131459015402,0.00611753761833814+1.4643004399654i,0.291375647462986+0.000400881721139376i,1521.6796875,0.740715098254635
920,6.56003240477318,Az_0to10,0.000124716553287982,1.49470646750514e-05,-0.000143642446392299,0.000113987204689249,6,6.83420386921249,0.00489588658441747+0.943501266728024i,0.297682949852181-0.000414958587489793i,1513.06640625,0.737863346578769
921,0.355810647916168,Az_0to10,0.000107681223729796,5.69682230194696e-07,-0.000108234750314192,0.000107101683939953,0,0.303117682041225,-0.00997597050888835+0.0292685456006281i,0.325399878351675+9.23623582732014e-05i,1711.171875,0.740161045694544
922,5.42933090367495,Az_0to10,0.000124716553287982,1.27559608166892e-05,-0.000146977984326815,0.000121643945559796,6,5.83988275579518,-0.0436208570567923+0.588496755234681i,0.316805942174281-0.000123360730518988i,2133.22265625,0.739578459544704
923,7.99212861248321,Az_0to10,0.000124716553287982,1.86398706556433e-05,-0.000152374822247434,0.000114881964113389,8,8.50038505751353,-0.00419199057958328+1.12257637818187i,0.295947509187541-1.92420161703247e-05i,2061.4453125,0.738201301812048
924,8.04791828693129,Az_0to10,0.000124716553287982,1.85775487794236e-05,-0.000151796343952678,0.000114732640527285,8,8.47237742575359,-0.00185912846973472+0.97362661012608i,0.300106329671438+0.000104500110869914i,1395.3515625,0.740412228649949
925,8.86064668485326,Az_0to10,0.000124716553287982,2.05100947417479e-05,-0.000152998998346352,0.000112165613426295,9,9.33890957336484,-0.00125173465678121+1.34579853555428i,0.28712203841086-0.000403741543992663i,1337.9296875,0.738626439186754
926,6.10411107246623,Az_0to10,0.000109217127251626,1.16396702746556e-05,-0.00012078616043115,9.75162304526854e-05,6,6.08325983039342,0.00468427715308631+0.547302897825595i,0.323943930898484+0.000139195172903839i,545.5078125,0.74175725513663
927,4.99062916817552,Az_0to10,0.000124716553287982,1.19059129053836e-05,-0.000146303271234393,0.000122515225555368,4,5.45314599172027,0.0102090424342659+0.600389395912404i,0.31954634357945+6.90833272889574e-05i,2466.26953125,0.739133970382292
928,2.93866569954598,Az_0to10,0.000124716553287982,7.14739229488305e-06,-0.000141699126791023,0.000127470888266953,4,3.27998132938691,0.000313500575602902+0.323750797350493i,0.305228380631588+0.000257236811751139i,2121.73828125,0.739812470438118
929,3.87510375499185,Az_0to10,0.000124716553287982,8.60166173628125e-06,-0.000135665145443452,0.00011847283632067,4,3.94542404980536,0.000899772753002554+0.39436166587465i,0.311360531819178-9.00912302040265e-05i,1521.6796875,0.739575944709462
930,0.715167569112811,Az_0to10,0.000124716553287982,1.60604952537558e-06,-0.000136231836563747,0.000133235712604179,0,0.737791182847985,0.0104411550984105+0.0880934835793628i,0.307488577594656+1.55511779419068e-05i,1734.140625,0.738612864296337
931,4.9323073431967,Az_0to10,0.000104571731674874,8.97159354653106e-06,-0.000113531001210521,9.55487600411281e-05,4,4.90360812863325,0.00529903489562321+0.485763551922481i,0.318873578065396-4.79565950064174e-05i,1177.1484375,0.742193899506117
932,7.896330999597,Az_0to10,0.000112026242741092,1.57083242160369e-05,-0.000127673739786356,9.63153819459872e-05,8,7.98197501857679,0.00699128143788662+0.84955539790019i,0.308267247750471-2.1197957152979e-05i,1737.01171875,0.74000466076455
933,4.27871826728387,Az_0to10,0.000115990948176141,8.56679686847014e-06,-0.000124604482089051,0.000107425257654438,5,4.22405128371874,0.0157310932113458+0.44834724538565i,0.307940936554668+0.000248072073384065i,427.79296875,0.737961736446773
934,6.87105320213222,Az_0to10,0.000124716553287982,1.63768367439239e-05,-0.000149242144211105,0.000116527799291187,6,7.48084806504232,0.0151806634161458+0.702060860024539i,0.312617885844098+6.21411518132373e-06i,640.25390625,0.739659241520027
935,6.65777642439359,Az_0to10,0.000105550673969503,1.27340599671204e-05,-0.000118259519965028,9.26475757088305e-05,6,6.87914770788028,0.00677751211779728+0.676557498857211i,0.305180947066337-0.000420498192016516i,502.44140625,0.739764826904726
936,3.82340162416078,Az_0to10,0.000124716553287982,9.0067705243929e-06,-0.000143507659486641,0.000125558203454738,4,4.13061122167514,-0.000620592952365737+0.564026551482834i,0.29029008866272-3.53575044083898e-05i,1441.2890625,0.742138216474145
937,9.60099671270528,Az_0to10,0.000119704317140206,2.03240105302131e-05,-0.000140056897707884,9.95853542066921e-05,9,9.63607837481963,-0.00116059569471329+1.100102865635i,0.305275911411019-9.7552132000276e-05i,766.58203125,0.737913329647256
938,5.28708240527699,Az_0to10,0.000100048091885621,8.76012723425206e-06,-0.000108875291467126,9.11444367071365e-05,4,5.0040086424357,-0.0196469122675817+0.406647695401682i,0.324890148772715+0.000174356996616335i,1811.66015625,0.732792603386001
939,0.4611180941432,Az_0to10,0.000120605291242924,1.04881930894019e-06,-0.000121698416667367,0.000119565297833573,1,0.498248496976394,-0.0138441914547356+0.0616972138156831i,0.308348649325875-9.94802949229184e-05i,2288.26171875,0.737500255572389
940,2.97875731852386,Az_0to10,0.000124716553287982,6.37218211643994e-06,-0.000131967523563591,0.000119001780225355,2,2.92488790196999,-0.00159204712729151+0.292295825663714i,0.315425217544098-0.000170683873068185i,1521.6796875,0.740967893474639
941,6.56505525909759,Az_0to10,0.000124716553287982,1.55462359162003e-05,-0.000148525386541426,0.000117583959767857,6,7.10541414441292,-0.0169128202736124+0.774368874346887i,0.301253158158536-8.22837691269521e-05i,585.703125,0.737764567236539
942,3.72362249977584,Az_0to10,0.000124716553287982,8.38783654946636e-06,-0.000141887694718785,0.00012529487102579,3,3.84764470488549,-0.00825676745612046+0.387612992451119i,0.313405057687033+0.000318667347025108i,1312.08984375,0.740850688794168
943,7.26989297450591,Az_0to10,0.000124716553287982,1.66888625418655e-05,-0.000146773682022379,0.000113604519364265,7,7.62171959448444,-0.000920553687972638+0.788517832682325i,0.307488214368833-0.000129636334012626i,913.0078125,0.741309915312328
944,3.31633654747514,Az_0to10,9.89422277802534e-05,5.58175397251739e-06,-0.000104740981866537,9.33487980179851e-05,3,3.22887734440585,-0.00137288142367055+0.322232387605463i,0.31723299152237-0.000118763061569147i,1702.55859375,0.738951252507337
945,6.22809031979209,Az_0to10,0.000124716553287982,1.44543187567225e-05,-0.000148078678346962,0.000119194232439312,6,6.61093483818363,-0.0107256715520517+0.770321806589635i,0.30775350875319-0.000187985322325258i,1765.72265625,0.736528466676519
946,4.33662107540312,Az_0to10,0.000124716553287982,1.01453988327264e-05,-0.000141753491437197,0.000121618333036558,4,4.65063676181735,0.0146257796820652+0.565627226229757i,0.302521884619416-0.000120227543844831i,1587.71484375,0.740729332700863
947,3.68863037913744,Az_0to10,0.000124716553287982,8.57979239796136e-06,-0.00014084976320756,0.000123646319763973,5,3.93542454630204,-0.00130079427560293+0.398912098186835i,0.311144794633055+4.34866720755538e-05i,1019.23828125,0.735955301347629
948,5.06852019942348,Az_0to10,0.000124716553287982,1.13848667737663e-05,-0.000136849370193331,0.00011382773253962,3,5.21584259129669,-0.0125988048238561+0.633582622816093i,0.301051116833196-3.07566210363298e-05i,887.16796875,0.740299653157013
949,2.65785721561096,Az_0to10,0.000121144836294946,5.45436362156949e-06,-0.000126724510293584,0.000115667057528298,3,2.57791512657194,-0.00207746093749492+0.251192248187175i,0.304843105455834-0.00018921116782122i,2391.62109375,0.740221338231328
950,2.6885133767904,Az_0to10,0.000124716553287982,5.5557652939001e-06,-0.00013157231921706,0.000120451483854148,3,2.55067656156477,0.00169953025433033+0.281127710425361i,0.315917156857551+2.27980323459463e-05i,1007.75390625,0.739209472904701
951,1.03852686325753,Az_0to10,0.000124716553287982,2.66747589038954e-06,-0.000132268917947747,0.000126981098496983,2,1.22527288911399,-0.00245762262625038+0.11568231070066i,0.322138672124886+0.000339033157045025i,961.81640625,0.741248576891217
952,9.76213167518021,Az_0to10,0.000122984557056863,2.11430080648759e-05,-0.000144174056850369,0.000101883929142927,10,9.75470436520743,0.00118667219040468+0.930328587061741i,0.308563320171763+0.000111419540245631i,691.93359375,0.741298163152357
953,8.63627562157094,Az_0to10,0.00010984361499351,1.66726179064683e-05,-0.000126466987848822,9.29492260841242e-05,9,8.63076423437406,0.00267234512617284+0.774597821751517i,0.313208486869422-5.05572897985702e-05i,1604.94140625,0.739651492796847
954,3.37308603545876,Az_0to10,0.000105773466537059,6.24002910699031e-06,-0.000111975294723834,9.95797681490684e-05,3,3.37620990539193,-0.00149123895807278+0.40146938677016i,0.301676826114865+6.10110517578755e-05i,2279.6484375,0.743709952651011
955,0.184211127389,Az_0to10,0.000124716553287982,3.19813366985256e-07,-0.00013210295451439,0.000131663374806415,0,0.146924490074791,-0.0104440962924327+0.00674291121993709i,0.295336489918036+0.000282542634571198i,430.6640625,0.737579426514557
956,0.597707706375568,Az_0to10,0.000113676232307883,1.49280088755224e-06,-0.000115150218611657,0.000112095443129708,0,0.752367250836599,-0.00742751940791518+0.0803717043626156i,0.306591950724104+0.000112152601206721i,884.296875,0.739659955648498
957,2.62183246753246,Az_0to10,0.000124716553287982,6.09027887061934e-06,-0.00014126746787316,0.000128912938080099,3,2.79570184552234,0.00762575516178885+0.377516224129445i,0.290854290018493+6.76876925505623e-05i,1458.515625,0.736765134891735
958,2.23276027959142,Az_0to10,0.000124716553287982,5.01451108771409e-06,-0.000138628773723332,0.000128542270506052,2,2.30246619102587,0.00898303234072014+0.238725446653221i,0.314550809421918-0.000330032807484955i,844.1015625,0.740314541036964
959,7.77410977763851,Az_0to10,0.000124716553287982,1.79310659479634e-05,-0.000148569744749021,0.000112646638633873,8,8.18160784088692,0.00497821736893841+0.883276231289274i,0.306556882134597-3.11104820441797e-05i,2070.05859375,0.740751527757478
960,5.35220851079428,Az_0to10,0.000102578453990976,9.65826479537494e-06,-0.000112390004487608,9.27975705477683e-05,6,5.37882151324741,-0.00490706426342958+0.454891088200658i,0.323341359499975-0.000241859228786258i,2153.3203125,0.739316267481355
961,9.17951136615443,Az_0to10,0.000124716553287982,2.10828880696087e-05,-0.000149653060626922,0.000107630696639293,9,9.59493603241639,-0.000472965188875934+1.20084236188497i,0.292482638028153-0.000233705779793484i,1059.43359375,0.740277606346003
962,8.34625654500033,Az_0to10,9.85510334199786e-05,1.41132855525786e-05,-0.000112684047027814,8.46114052364447e-05,6,8.14979579021997,-0.000886278514772777+0.635760160178485i,0.331477919546158+0.000195386924454061i,1702.55859375,0.741708261814988
963,5.65383179601781,Az_0to10,0.000113673442709547,1.12933882532833e-05,-0.00012496074535105,0.000102406069660224,7,5.67368316860032,0.0259836017880982+0.514174977373983i,0.319331499187225-1.52137876844489e-05i,1765.72265625,0.736235405582453
964,1.0874119930817,Az_0to10,0.000118550321638056,2.61846402168959e-06,-0.00012120309126451,0.000115907414468139,2,1.26530696293764,0.00838649815888397+0.143551592719377i,0.304592103188868-4.5288764873766e-05i,1650.87890625,0.742423445229231
965,3.57833462607163,Az_0to10,0.000124716553287982,8.6035469373573e-06,-0.000142742569247124,0.000125469312536787,4,3.94628602506102,0.000244351571506695+0.525002156142021i,0.29289074092468-0.000221064396922148i,1223.0859375,0.742247693271175
966,1.84638619774999,Az_0to10,0.000124716553287982,4.28383120861374e-06,-0.000139054291296523,0.000130491393075865,2,1.96725280557837,0.0124128781549284+0.201094259070251i,0.300611495163792+0.000105091284986786i,1136.953125,0.737723526072408
967,5.33447223436419,Az_0to10,0.000124716553287982,1.19501605069519e-05,-0.000142648829364617,0.000118697114155985,5,5.47328943589068,-0.0176046140857356+0.625676567057849i,0.308095596273339-0.000193390245173054i,2199.2578125,0.741052027387653
968,1.68990384921175,Az_0to10,0.000124716553287982,4.00569045009996e-06,-0.000132602451109826,0.000124534610882387,4,1.83961374738542,0.0104138852903595+0.193843513790826i,0.309600354922474-3.08774242110087e-05i,1171.40625,0.735565326422351
969,8.76688296353959,Az_0to10,0.000109425882729605,1.70760657571988e-05,-0.000126326800509419,9.24295091598408e-05,9,8.86955287805305,-0.00896806571982979+0.762914113404388i,0.316142267729351+3.57255313392681e-05i,1673.84765625,0.739811640486685
970,6.99967374407908,Az_0to10,0.000124716553287982,1.53425368335328e-05,-0.000141606342344855,0.000111032579907806,7,7.01324659974673,0.0257904056145637+0.886444453962793i,0.303968665888066-0.000256251278501513i,723.515625,0.738278122190796
971,18.4279643496194,Az_10to20,0.000116202115194863,3.84801683663594e-05,-0.000154756687993392,7.7733464429025e-05,18,18.3222169497084,-0.0046267974248296+2.1673982913215i,0.315938537282694+2.82175619130791e-05i,890.0390625,0.740404939175341
972,18.3140377376853,Az_10to20,0.000123670638432307,4.08186608443971e-05,-0.000164376324031543,8.30160497709844e-05,19,18.265960751585,0.0120374720254155+2.17835481212477i,0.308474776143633+0.000182649949387149i,1935.1171875,0.742318688305185
973,16.2187626033041,Az_10to20,0.000106790965708817,3.05769721475017e-05,-0.000137255280465212,7.61995223412816e-05,16,15.977765417452,-0.0198242529979497+1.90777103346092i,0.3098439938308-0.000196189394845725i,1757.109375,0.738846213110173
974,18.521350561368,Az_10to20,0.000124716553287982,4.32093513727754e-05,-0.000170993930668404,8.46809309277021e-05,17,19.1091771771667,0.00176212693792291+2.50716782992019i,0.291496759240471-2.94233702771256e-05i,1159.921875,0.739138015010783
975,11.2404152275029,Az_10to20,0.000124716553287982,2.56586277354482e-05,-0.000153214444873046,0.000101679655119183,11,11.6255641893891,-0.00993991307476253+1.20878326303019i,0.304303013568304+4.76870947987637e-06i,1613.5546875,0.733658348241008
976,15.8185600625235,Az_10to20,0.000124716553287982,3.69122839912897e-05,-0.000166803000472774,9.30983340643744e-05,16,16.4871419097553,-0.00998160255975743+1.6907377724458i,0.306371962077398-5.75301682739331e-05i,1946.6015625,0.740720671505697
977,10.5588879186538,Az_10to20,0.000102110349547995,1.89623044811951e-05,-0.000121195258598287,8.30847476421761e-05,11,10.520216872417,0.0127681459794586+1.04256493686453i,0.312137438826219+0.000333527777183415i,1464.2578125,0.737189864232906
978,12.8080206425855,Az_10to20,0.000124716553287982,2.98921673217433e-05,-0.000161482155758963,0.000101671363490419,12,13.4784410405399,0.00677618433307226+1.32141515453847i,0.306055681060854+3.36383307352021e-05i,1533.1640625,0.740419263364606
979,19.3861977187252,Az_10to20,0.000111737279546535,3.98928287014918e-05,-0.000151814605211177,7.19176724919519e-05,19,19.6477560787242,0.0228877754562015+2.09559847886147i,0.307509781464806+0.000185940090025316i,496.69921875,0.739945148792231
980,14.875852838847,Az_10to20,9.82358322391468e-05,2.60890881069281e-05,-0.000124401514525241,7.21064413005704e-05,16,14.8730642617258,0.00547298816535881+1.44989073277476i,0.307604265987649+2.66276150314541e-05i,2026.9921875,0.744413254266135
981,17.5513048676637,Az_10to20,0.000123984433038776,3.94156236430158e-05,-0.000163261298141668,8.47325209359567e-05,18,17.6358685785205,-0.00792704985946008+2.41710596050819i,0.302484379316327+0.0001074503760706i,829.74609375,0.741207456483451
982,10.0037920371027,Az_10to20,0.000124458717383217,2.22595775082071e-05,-0.000146603192641246,0.000102322056488444,10,10.1401992707401,-0.00721079790400484+0.999037191028595i,0.314188904880447+0.00023813247217494i,666.09375,0.738529477279623
983,16.7156491119721,Az_10to20,0.000119095368931133,3.55042780928861e-05,-0.000154570281562966,8.35438464058528e-05,16,16.6001796541432,-0.0071603312427027+2.30524671211978i,0.295799942503357+0.000639599646372523i,846.97265625,0.741538049629779
984,10.840201635923,Az_10to20,0.000124716553287982,2.56957559042766e-05,-0.00015818136107913,0.000106691854933157,9,11.6419275498475,0.0154464148412206+1.35141312842462i,0.305310589868698-7.42009098125447e-05i,2144.70703125,0.740263796450792
985,14.3612348254848,Az_10to20,0.000124716553287982,3.38147664658391e-05,-0.000165416655484062,9.74642020001451e-05,15,15.1700602361898,-0.00452338881652429+1.79241476597984i,0.303603514549547-0.000474237494767719i,1128.33984375,0.740742452561702
986,13.6080840510692,Az_10to20,0.000124448027134007,2.95381349846471e-05,-0.000154148720890362,9.49360939087989e-05,14,13.3522551786198,0.00254166860060699+1.57618949263883i,0.307010101506125+0.00034501160708424i,2451.9140625,0.7430477339404
987,16.6847188754293,Az_10to20,0.000124716553287982,3.89444387336072e-05,-0.000168440199432508,9.07444508368695e-05,16,17.3416836379603,-0.00454307406685065+2.17296200348744i,0.303697116908376-0.000143449767070293i,1662.36328125,0.74137346508746
988,14.6332661557543,Az_10to20,0.000122988433633589,3.22352341108682e-05,-0.000155313219668484,9.07354200134368e-05,16,14.6868459231497,0.013790042687574+1.83453196203799i,0.302167158546216-0.000107085038202694i,976.171875,0.742413111368269
989,11.8340299310164,Az_10to20,0.000113832341845168,2.38099362078447e-05,-0.000137942004433412,9.00432449125491e-05,12,11.8140439349106,-0.0318320577635854+1.49673092073055i,0.295042093879823+0.000174181734159576i,1803.046875,0.74063233233158
990,11.6078168375102,Az_10to20,0.000120619085985639,2.47652468273851e-05,-0.000145461435316795,9.5857764045093e-05,12,11.6026000386043,-0.0160160437569714+1.19152825912521i,0.310246848648075+0.000124922088841305i,2101.640625,0.740418441178348
991,18.6254586334362,Az_10to20,9.66270079149062e-05,3.22721343434539e-05,-0.000129090015072452,6.43947604456565e-05,19,18.4686332343684,-0.0196133318152495+1.79680543011602i,0.302336919143959+0.000283381859909788i,2558.14453125,0.738475759362568
992,16.0560841342289,Az_10to20,0.000121736758435799,3.52334006812338e-05,-0.000156962112943269,8.6661911617994e-05,16,16.1416518282798,-0.000303199453725748+1.97746320925743i,0.302716476956054-8.45139580728932e-06i,1969.5703125,0.740746548013227
993,18.5467251500995,Az_10to20,0.000124716553287982,4.26347262279215e-05,-0.000169798475852323,8.46347209635326e-05,19,18.8731464306012,0.00596455935048327+2.11617165607302i,0.308103684423038+7.11685383379505e-05i,1389.609375,0.739473818788371
994,17.8202792430404,Az_10to20,0.00011293916948336,3.63392105846919e-05,-0.00014918049626216,7.65158971836485e-05,18,17.836054103429,0.0208932163955675+2.097409704235i,0.298867712341113+0.000257391175360604i,671.8359375,0.739978702332761
995,10.3968176258947,Az_10to20,0.000120678666853687,2.20254561617916e-05,-0.000142784162578567,9.8643143981652e-05,11,10.3433920531011,0.00901062287901348+1.02952103900678i,0.321374123917388+4.48453324643217e-06i,1648.0078125,0.741373711676107
996,15.4084466000876,Az_10to20,0.00010331462322004,2.82603176023813e-05,-0.000131620209714286,7.49526248102863e-05,16,15.2982637720203,-0.00150400741256971+1.33006188026136i,0.315565415959507+6.17156595473026e-06i,720.64453125,0.740236762436097
997,11.3472712398459,Az_10to20,0.000119634306294699,2.377321754497e-05,-0.000143402251625015,9.59013277727834e-05,12,11.2391614618352,0.0200679682197656+1.18263732967554i,0.3060539595381+0.000156306256554616i,2032.734375,0.743884436750639
998,11.0359276221266,Az_10to20,0.000119507384673985,2.33136218390765e-05,-0.000142828372072738,9.61723857261946e-05,11,11.0386806842437,0.00051157522803868+1.24293523342761i,0.305894795096228+7.83861780428406e-05i,1036.46484375,0.738518470334426
999,16.6525094033539,Az_10to20,0.000124716553287982,3.85418765078504e-05,-0.000167968284988486,9.10583161882985e-05,17,17.1730200181182,0.00594718678722643+1.79622032083762i,0.309312508503537-0.000279930897530315i,2434.6875,0.743561005637145
1000,12.8565486583993,Az_10to20,0.000124716553287982,2.96542696279571e-05,-0.00016005815838998,0.000100612136597568,13,13.375041755923,-0.0189563743079638+1.44291801037958i,0.316470448525845-1.50668537496831e-05i,2176.2890625,0.738790587893187
1001,13.5574937610267,Az_10to20,0.000101048680695486,2.46169837438893e-05,-0.000125811637295999,7.64746178296511e-05,14,13.6914206697903,0.0149007375059494+1.12170071214337i,0.310388578298754+1.42993420711897e-05i,2609.82421875,0.742503194726162
1002,10.4416999789899,Az_10to20,0.000122358907185526,2.21590852101644e-05,-0.000144361061111872,0.000100115123976699,10,10.2649582346717,-0.0195892023539838+1.00976745217246i,0.311483854868093+0.000439658137387385i,1355.15625,0.740799384548771
1003,14.5138613410543,Az_10to20,0.000124716553287982,3.23553546666378e-05,-0.000157540395422563,9.27295540586069e-05,15,14.5436812257551,-0.00399605622455332+2.12117214499481i,0.294571502393677-6.80883027291135e-05i,1024.98046875,0.743359990613148
1004,11.4050868443396,Az_10to20,0.000122066149497861,2.46359872277158e-05,-0.000146697283257921,9.7392319143366e-05,11,11.410434130017,0.0267816292464437+1.12845505886448i,0.307762474366102-1.41612991297856e-05i,2098.76953125,0.738503703465259
1005,13.4515258768786,Az_10to20,0.000101128343857385,2.41476213992159e-05,-0.000125361660502237,7.7096760092875e-05,13,13.4297259248317,-0.00460899119581253+1.56901826572911i,0.304260418619677-5.66150949169592e-05i,689.0625,0.739679417111878
1006,13.8359830385225,Az_10to20,0.000122683125124154,3.03759376822278e-05,-0.000153014753918534,9.23335081393594e-05,15,13.9065716856431,0.0290249486757739+1.39866065603346i,0.315694618483275+0.000256757276174649i,884.296875,0.739837329796101
1007,11.3363967474781,Az_10to20,0.0001008149413563,2.0160337089014e-05,-0.000120729730374642,8.06680946983274e-05,12,11.308483681583,0.00105893813371684+0.991591990154676i,0.317908167205862-0.000138040443438098i,1157.05078125,0.738647870458757
1008,17.0754031284877,Az_10to20,0.000106760192171525,3.27194775338655e-05,-0.00013940972989187,7.38725393742137e-05,17,17.0390651626455,0.00597547574620151+1.4864087697023i,0.319803973116117+6.05852929751391e-05i,2156.19140625,0.738650782030093
1009,18.0266738604133,Az_10to20,0.000121973278637205,3.95209559087553e-05,-0.000161362295323893,8.2721128375049e-05,19,17.9530102830284,-0.0121905838127139+1.89712047933447i,0.308877739713583-0.000134066033099629i,2052.83203125,0.737937017988265
1010,16.379788034478,Az_10to20,9.43117164709835e-05,2.76683360700646e-05,-0.000121960809976659,6.65838800977337e-05,16,16.3501662343096,-0.0101813561592828+1.72859972492187i,0.310611925836586+0.000230749138555714i,508.18359375,0.741012800106919
1011,16.9372651783699,Az_10to20,0.000124716553287982,3.85228243370895e-05,-0.000165121873803911,8.81471938868393e-05,18,17.1650299938899,0.0102394015065045+2.12995938057031i,0.305435731447929-0.000145164138212393i,1039.15070564516,0.740312317216616
1012,18.627761403992,Az_10to20,0.000124673730941896,4.21200740705515e-05,-0.000167046338292155,8.28385725405271e-05,18,18.6671495456447,0.00704809487605203+1.84647316804466i,0.299560057901696+3.08467091736896e-05i,2440.4296875,0.737186312637037
1013,12.7278642001802,Az_10to20,0.000124716553287982,2.89711813237941e-05,-0.000159120291930142,0.000101113527021465,13,13.0776542135927,-0.00204476558490918+1.79248103462305i,0.294608866140727-0.000266716864054634i,1935.1171875,0.741442906411101
1014,17.4684965511004,Az_10to20,0.000117846399492024,3.65386003925397e-05,-0.000154354628447145,8.14027257460632e-05,18,17.2261935867979,-0.00962273124529667+2.30288227570506i,0.295173489674753-2.98430333170521e-05i,1366.640625,0.738608999157055
1015,13.7012834872699,Az_10to20,0.000124716553287982,3.15489737430692e-05,-0.000160825079718124,9.74646559366645e-05,14,14.1960424655603,0.0115710544712293+1.6343444587972i,0.296944358929416-6.60919452239311e-05i,1111.11328125,0.740148943886198
1016,14.0486010388899,Az_10to20,0.000124716553287982,3.22898301315841e-05,-0.000162793536015342,9.82469210121438e-05,14,14.5154734028162,0.00380319859661808+2.00263709079605i,0.295239842832775-0.000179967102937773i,643.125,0.738744873875502
1017,19.7667501392037,Az_10to20,0.000124716553287982,4.47139150580496e-05,-0.000170288832529597,8.07803189595598e-05,20,19.7239904881705,-0.0151828737027981+2.82141501933036i,0.299306674841424+4.37699797679499e-05i,1309.21875,0.738262487637513
1018,11.9477118664259,Az_10to20,0.000102859961005428,2.14124323407365e-05,-0.000124017752747086,8.14445095001051e-05,12,11.759359255538,-0.00286316787041941+1.14994180595128i,0.308946747896422+2.06281811932808e-05i,436.40625,0.74239865286635
1019,19.754142471611,Az_10to20,9.9425736990115e-05,3.5750430338219e-05,-0.00013516344800961,6.37410927711123e-05,20,19.777021028325,-0.0361572779179773+2.18954346664922i,0.312749755645076-0.000356325180451592i,666.09375,0.737973774384586
1020,12.5247559358934,Az_10to20,0.000124716553287982,2.86307844259953e-05,-0.000156325576154783,9.88052739991896e-05,13,12.9291907016253,-0.00727711628482636+1.53462180135831i,0.297887636159782+0.000219179740408203i,953.203125,0.738996014162533
1021,13.9581533363511,Az_10to20,0.000112339587861248,2.82624337452532e-05,-0.000140619489988778,8.41041518550472e-05,14,14.1214332336868,0.00551576384868814+1.287019654379i,0.311689939306226-0.000103604524645477i,663.22265625,0.742381169522518
1022,18.7284435281927,Az_10to20,0.000107793917976016,3.64258596515252e-05,-0.00014403617715288,7.12601217939173e-05,18,18.6712057204936,-0.00539491353057522+1.72041114158029i,0.318826494971211-0.00010568051905856i,1007.75390625,0.740551423926791
1023,13.1230904695454,Az_10to20,0.000124716553287982,3.00518056039473e-05,-0.000160172566655707,9.98657236264185e-05,14,13.5477757683799,-0.00102774493972679+1.43281693302735i,0.29985715922884-9.51961750886333e-05i,2807.9296875,0.739600912724195
1024,17.9297645625211,Az_10to20,0.000124383580009136,4.05660405791391e-05,-0.000164997476151844,8.38978237062541e-05,18,18.063044004657,-0.000263555586628002+2.56277101869987i,0.295568032933385-0.000105309158202619i,953.203125,0.73942617028679
1025,14.2258951148372,Az_10to20,9.59643599679703e-05,2.40210918826509e-05,-0.000119899255938826,7.19875737130721e-05,15,14.0531012481596,-0.0106032270883587+1.46079167652441i,0.305785026178115-2.50073487786211e-05i,815.390625,0.738143778462466
1026,15.8529129010296,Az_10to20,0.000124277711764429,3.54595391861993e-05,-0.000159723227604698,8.871532817627e-05,18,15.9247731649196,-0.0011666333842645+1.74047651450755i,0.312588547962416+0.000214068049746382i,2268.1640625,0.74202701335458
1027,14.6667965470739,Az_10to20,0.00011269524697762,2.92977689363444e-05,-0.00014204761494782,8.34047036978015e-05,15,14.5727897748457,0.00347165437820069+1.52786719976714i,0.305007675337774-4.97634933070527e-05i,1177.1484375,0.739061480635653
1028,17.0933876518106,Az_10to20,0.000121548934813214,3.77342554206998e-05,-0.000159265895163379,8.39859664773938e-05,17,17.2466929132621,0.000217603631935784+2.22079679093731i,0.311641764518931+0.000337129030202193i,2388.75,0.736829916292391
1029,13.2161219082499,Az_10to20,0.000124716553287982,2.96822865750606e-05,-0.00015595955040926,9.64027802883945e-05,13,13.3872235994604,-0.00638301299598211+1.33012808206839i,0.310566960485304-0.000296828160795615i,2164.8046875,0.740805851120254
1030,13.9270036109693,Az_10to20,0.000124716553287982,3.12281833356666e-05,-0.000158723184570754,9.57343672424527e-05,15,14.0574477830812,-0.0196768204222263+1.61284179716626i,0.305955312773816+0.000251855872575583i,2693.0859375,0.741845309017814
1031,10.9426025017482,Az_10to20,0.000104012151183002,2.01648855208473e-05,-0.000124098616796912,8.38932393449689e-05,11,10.9718496923775,-0.00155850949936552+0.8854412488992i,0.321329349518895+8.55521625496881e-05i,766.58203125,0.738041145243001
1032,19.6853162302472,Az_10to20,0.000120524427975851,4.31016381485109e-05,-0.000163479854081189,7.76557979383312e-05,18,19.6779363742138,0.016486783929218+1.98955087486054i,0.309149158783023-0.000255932155001044i,2239.453125,0.743207975121052
1033,11.102186651039,Az_10to20,0.000124716553287982,2.56453360312841e-05,-0.00015685235256589,0.000105540705694353,10,11.6197057182018,-0.0036667989905677+1.48387037454703i,0.304055688324757+0.000183641736076268i,884.296875,0.737270639005907
1034,18.9734466955258,Az_10to20,0.000107405277145319,3.67640042386573e-05,-0.000144015667956173,7.06171585016596e-05,19,18.8956827786593,-0.00623080013982697+1.89761225512336i,0.316390795800564-7.20899135985067e-05i,700.546875,0.73503221693445
1035,12.9226855487498,Az_10to20,0.000115214071894081,2.65308575993648e-05,-0.0001416847227804,8.88123746582418e-05,14,12.9676986599696,-0.0147054564309679+1.67884662672242i,0.304331038211423-7.83289506670129e-05i,2282.51953125,0.740460161443957
1036,17.8827049630547,Az_10to20,0.000115201314398032,3.71875621572566e-05,-0.000152269187501141,7.80919555293094e-05,18,17.8903397032576,0.0288500705095856+2.07758591092438i,0.300214406924431-0.000369368864520759i,577.08984375,0.743299684735433
1037,17.4844583034066,Az_10to20,0.000116940651454561,3.69048506162107e-05,-0.000153977293466931,8.0077839878304e-05,17,17.5149748397198,0.0101329604800498+2.10779366674317i,0.303256974691467+0.000103237125502816i,2454.78515625,0.741983770236697
1038,14.0587049430693,Az_10to20,9.93191662330955e-05,2.48913699557068e-05,-0.000124272219140242,7.4409075212702e-05,14,14.0696726391585,0.000239975006887741+1.51358526166986i,0.306465109133799-9.85004579707321e-06i,869.94140625,0.738926193495918
1039,17.4766127123121,Az_10to20,0.000114227597815973,3.6076564850436e-05,-0.000150278911206149,7.81371717813991e-05,17,17.527708344428,-0.00581753375073009+1.63759240610493i,0.311975061384689-1.34331393993915e-05i,2070.05859375,0.739305258466985
1040,17.7927151867411,Az_10to20,0.00010504941054334,3.36837490952687e-05,-0.000138662570931112,7.12747224942408e-05,17,17.7782778100359,0.000635211025114849+2.18891228544147i,0.307564226466645-0.00010251377721426i,706.2890625,0.737644341299883
1041,16.3570740589826,Az_10to20,9.71158690597429e-05,2.85922391359121e-05,-0.000125833022343262,6.84470541597488e-05,16,16.4051494036252,-0.00569133477994764+1.46446161305362i,0.323459777947529-0.000120047758288024i,2118.8671875,0.741145415132093
1042,18.7353033188159,Az_10to20,0.000124716553287982,4.32193828167858e-05,-0.000170348103213762,8.39743189975468e-05,19,19.1132917016432,-0.00241140057231211+2.23976581667511i,0.306490534293907+2.62420690305305e-05i,749.35546875,0.741450026416024
1043,10.3382402832006,Az_10to20,0.000124716553287982,2.39488611596343e-05,-0.00015511741088035,0.000107154590898765,11,10.8699799148459,-0.000207223984886812+1.52577898340612i,0.286651808351305+1.71463992079679e-05i,548.37890625,0.740010686827372
1044,16.4629579322905,Az_10to20,0.000124716553287982,3.84058171227803e-05,-0.000167889790145499,9.12115772686063e-05,17,17.1159448823602,0.00197305144734284+2.30627660572152i,0.288208704876907-0.000144898371236032i,2095.8984375,0.737912473388089
1045,11.6971078241031,Az_10to20,0.000124716553287982,2.63984026113544e-05,-0.000154705079325484,0.000101652054413416,13,11.951236792716,0.0115204246523936+1.73022610476518i,0.287846417149109+9.39818746963743e-05i,1920.76171875,0.741167719009682
1046,11.6714383289409,Az_10to20,0.000103453062002086,2.14920763087497e-05,-0.000124838638535855,8.17989565502345e-05,12,11.736095100492,0.00459718348986224+0.967671786527682i,0.320388116892423+0.000176450935145053i,691.93359375,0.74206251552902
1047,15.020543347341,Az_10to20,0.000124716553287982,3.39815671476946e-05,-0.000160980066130355,9.31467260172563e-05,15,15.2414181451579,0.000586539655675021+1.68646970055204i,0.308463403054549-3.26204378470647e-05i,1705.4296875,0.741004496095057
1048,16.1697267435559,Az_10to20,0.000122188892452767,3.53324330862817e-05,-0.000157527819527183,8.70115707615159e-05,16,16.1278809644323,0.00607589582574298+1.56520696149377i,0.314637201198893+0.00024912552973505i,763.7109375,0.738190541409308
1049,16.3774414158453,Az_10to20,0.000105423930162387,3.09570853361615e-05,-0.000136419613680646,7.43722489019987e-05,17,16.3645502095443,0.00355352234960165+1.4712835390414i,0.322685783806024-1.34703289020321e-06i,2253.80859375,0.740113014346527
1050,10.2192641582136,Az_10to20,0.000100900776183247,1.80930226498892e-05,-0.000119043220703332,8.28657676021963e-05,11,10.1659532752336,0.0037038062388447+0.944576685007073i,0.323828900042825+6.43997726762803e-05i,1464.2578125,0.73869100053882
1051,12.8795069643098,Az_10to20,9.920162594233e-05,2.27976284022612e-05,-0.000122061392790554,7.65063131732373e-05,16,12.9424811978515,-0.0216082386286436+1.35518491960702i,0.308205067720992+8.42734800219867e-05i,2029.86328125,0.740041819742769
1052,18.0293348569777,Az_10to20,0.000102438512610055,3.29272337674369e-05,-0.000135248368607953,6.93932656018292e-05,18,17.8191773647103,0.013273418787949+1.83469579351862i,0.312539992859428-5.3024379093658e-05i,1168.53515625,0.741002844509148
1053,19.356403365671,Az_10to20,0.000124716553287982,4.44109084774329e-05,-0.00017120018413165,8.24232888494332e-05,19,19.6005469313774,0.00296056035312927+2.29207871660004i,0.308114660678669-0.000241377802356061i,1846.11328125,0.740574909056752
1054,17.7777465877308,Az_10to20,0.000124716553287982,4.09834033017122e-05,-0.000168268989251978,8.63909273970762e-05,19,18.1911633496361,-0.00855987276832932+2.04680236504941i,0.301669899512213-9.22014933811555e-05i,1475.7421875,0.740781535830983
1055,15.1685810001123,Az_10to20,0.000122813384963121,3.32316834428252e-05,-0.000156065863666752,8.95322462832151e-05,15,15.1409083430566,0.01997027890324+1.8770776882316i,0.304550826776719+0.000276073639656857i,979.04296875,0.739467466530849
1056,17.128080949925,Az_10to20,0.000124716553287982,3.84489937850746e-05,-0.000163225562016132,8.67915335213159e-05,17,17.1340607275962,-0.0137235302997185+2.4972780418184i,0.290164734235422-0.000175225046196131i,1751.3671875,0.736528969041978
1057,10.9792633403848,Az_10to20,0.000121911422195263,2.34693172285256e-05,-0.000145396651769505,9.8396350199109e-05,11,10.8967723041168,-0.00595560238243609+1.34929281750587i,0.306690425856579+5.54374257774326e-05i,1042.20703125,0.737706432794674
1058,14.8779196544731,Az_10to20,0.000100882359897886,2.67961883524267e-05,-0.000127825058301913,7.40727634762461e-05,14,14.8753167437882,-0.00171250591461875+1.20391254816744i,0.314510636825453+2.34146557500405e-05i,1762.8515625,0.744062919347886
1059,18.4157195129132,Az_10to20,0.00012108196644985,4.02376529032864e-05,-0.000161360722528649,8.1005746283764e-05,18,18.382548718639,0.017404281260227+1.9989468319619i,0.308137861964048+0.000210847941720379i,2463.3984375,0.736923277970975
1060,14.3976850537336,Az_10to20,0.000124716553287982,3.27448240643025e-05,-0.000160816539762265,9.53983421467426e-05,14,14.711195860955,-0.0207653717348181+2.10984163468673i,0.29302248575152+0.000312084457911404i,1972.44140625,0.739824398941411
1061,11.2210046058028,Az_10to20,0.00011515920090972,2.26480563377913e-05,-0.000137798080105334,9.25253128036833e-05,11,11.1262133882229,0.0110897011668689+1.44747812599284i,0.298385768422519+4.06520919112377e-06i,1013.49609375,0.741256950939297
1062,10.9960824356251,Az_10to20,0.000124716553287982,2.53773802237322e-05,-0.000155170818464184,0.000104259862884978,12,11.5015487201104,0.000159399503077351+1.31927976498903i,0.299063904448617+8.68615963070495e-05i,2368.65234375,0.739423984545804
1063,18.7512182389088,Az_10to20,0.000111959310988405,3.80045021782031e-05,-0.00014991472965943,7.3941512109617e-05,18,18.7497417625325,0.000848337828691314+2.22574612424397i,0.299526140101823+0.000166130115317215i,786.6796875,0.738170162364287
1064,10.0307111315026,Az_10to20,0.000108823428928026,1.92344639806478e-05,-0.000127962703427597,8.96607484080009e-05,11,10.0234653221951,0.00315091330590701+0.869577164649766i,0.320884139386834+0.000138592899447617i,1111.11328125,0.738387175209278
1065,12.7821856651299,Az_10to20,0.000100776492511996,2.29247971286037e-05,-0.000123756175728342,7.78342472629391e-05,13,12.8156449404718,-0.00161445615213087+1.25503033515406i,0.313075384209215-1.40977251201629e-05i,430.6640625,0.740355985325943
1066,19.0825377595743,Az_10to20,0.00012106585041852,4.17288893456543e-05,-0.000162735030294887,7.94268128479677e-05,19,19.0180110380089,-0.0058700977668106+2.38424395751154i,0.303514877928468+0.000132524468268697i,554.12109375,0.741387018457037
1067,27.7401150957054,Az_20to30,0.000110377654565238,5.80869611072791e-05,-0.000168334180073314,5.22638455363698e-05,27,27.7558815778873,-0.0122669306632793+2.84003363401349i,0.303794667960769-0.000159521471772662i,2595.46875,0.742028917538959
1068,29.8110985217794,Az_20to30,0.000103340832382517,5.86077161412792e-05,-0.000161828866295722,4.46482035102766e-05,30,29.5588852803611,0.00863572381963931+3.8002182674354i,0.296271546427733-3.30436202399999e-05i,1271.89453125,0.743223731674261
1069,22.3464276805216,Az_20to30,0.000123905286434908,5.09164508307845e-05,-0.000174870405369112,7.30512978332471e-05,22,22.3392515066441,0.00749147980039575+2.42736467158124i,0.29818301025587-3.16762938438325e-07i,921.62109375,0.741389601823625
1070,23.8662259869177,Az_20to30,0.000100255244933815,4.43155397527962e-05,-0.00014435034482079,5.61029996030364e-05,26,23.8467297888277,-0.00101014739766803+2.0289046281092i,0.324104623546873-4.21311725188039e-05i,611.54296875,0.742997565368968
1071,29.4355483275746,Az_20to30,0.000107049342736111,6.02115858936629e-05,-0.00016711273616166,4.68354343189024e-05,30,29.3562616089508,-0.00343898651417267+3.89059534111104i,0.298692031128235-3.65248273390597e-05i,1716.9140625,0.740825429393816
1072,25.923393757863,Az_20to30,0.000117965548586254,5.73840379551901e-05,-0.000175457546192248,6.06465640344577e-05,26,25.9404859532507,-0.0109521496594721+2.72194258077307i,0.311662796176735+0.000244854889714229i,1593.45703125,0.739881801356806
1073,23.9065600802082,Az_20to30,0.000112760721685361,5.00310355185872e-05,-0.000162900683570365,6.26325425557055e-05,26,23.9264805611865,0.022910870298629+2.86990698532026i,0.3066989306439-4.33802601745477e-05i,1515.9375,0.740739626648476
1074,26.5602148245198,Az_20to30,0.000114636043507963,5.75895158903226e-05,-0.000172191559784196,5.7096537154361e-05,27,26.6735038207179,0.000241286061040286+3.66858739619617i,0.291245835170935-9.11960590498292e-05i,1157.05078125,0.741656365658867
1075,26.1459560344785,Az_20to30,0.000108546126440295,5.31802613709259e-05,-0.000161895559088035,5.51319726732623e-05,26,26.1017294131832,-0.0265642465599576+3.07464933354906i,0.30911855329081-0.000947657676759502i,2104.51171875,0.739020994832766
1076,27.9594681623364,Az_20to30,0.000118903780502632,6.33092457267582e-05,-0.000182165809600394,5.56642349143765e-05,29,28.0326667057195,-0.00181066774944511+2.78745340786928i,0.309631783393705+5.35302691089153e-06i,2609.82421875,0.741233095468612
1077,28.3388237213432,Az_20to30,0.000109287794622638,5.87365088578696e-05,-0.000167951799565419,5.04563025473024e-05,28,28.2557189077647,0.00961313299193681+3.30827029192151i,0.29382195037392-2.04555744168777e-05i,1223.0859375,0.741792448095584
1078,26.0796475494559,Az_20to30,8.91123764892927e-05,4.39634278963291e-05,-0.000133069438488858,4.48219035260214e-05,24,26.2593432515206,0.0127741244131312+1.91926201671947i,0.315175326429339+1.39210921652772e-05i,2095.8984375,0.739721784093308
1079,26.7821525312589,Az_20to30,0.00010100607594788,5.08763416939604e-05,-0.000151986176547035,5.00915361973279e-05,27,26.7342060894878,0.00327558874778704+2.92512095614869i,0.305757158863891-9.42916117725855e-05i,2207.87109375,0.738338103971579
1080,23.9278782958737,Az_20to30,0.000117162859242307,5.21658755726293e-05,-0.000169205128403127,6.49477951744831e-05,24,24.0006569899189,-0.0012060939487858+2.68606295784641i,0.301715767961817+0.000145196631030506i,1742.75390625,0.739338950272354
1081,27.7413799138471,Az_20to30,0.000101823324203293,5.36075799676723e-05,-0.000155497379438069,4.80373935001567e-05,27,27.7657475035382,-0.0061195606581013+3.12417434233395i,0.310771264442649-6.6580480892111e-06i,1848.984375,0.739610544594194
1082,28.2548389896609,Az_20to30,8.81596648229553e-05,4.71017730324285e-05,-0.000135139574622107,4.10537889027042e-05,27,28.1146114034606,0.00567920927484447+2.85614251884913i,0.309569107326257+0.000186760605937739i,1481.484375,0.740622894805553
1083,24.6790661622669,Az_20to30,0.000122055186923603,5.6076318927201e-05,-0.000178274453428223,6.60111813975132e-05,24,24.6756649740671,-0.0120783430598889+3.11467047376431i,0.302596317273906-5.35554127852403e-05i,2199.2578125,0.738536405692161
1084,28.3362495313621,Az_20to30,0.000110327308697899,5.93262168429178e-05,-0.000169515138040463,5.08845183760981e-05,28,28.2682178372169,-0.00145927472375105+2.8655085925531i,0.308794480321907+4.88425790704031e-05i,2248.06640625,0.738017886030435
1085,20.1728029995024,Az_20to30,0.000119540270520662,4.40413164238605e-05,-0.00016341779497292,7.55188130344835e-05,20,20.2249286957129,-0.00764517152802265+2.08191325864096i,0.3008622741105-8.92996017580645e-05i,2210.7421875,0.737823380242849
1086,26.5125870587604,Az_20to30,0.000100985522940235,5.02372675415716e-05,-0.000151373762805949,5.06647218345236e-05,26,26.448966948385,-0.00237708257789623+2.68655996289676i,0.310687176963804+9.35299384149067e-06i,453.6328125,0.73998768275646
1087,26.7631113225987,Az_20to30,9.60454973241701e-05,4.80253179089377e-05,-0.000144147054663575,4.79292340991838e-05,25,26.566277307861,0.00125127254856229+2.8474833368738i,0.301687215934593-3.13282240165993e-05i,2486.3671875,0.739609205335215
1088,29.7801561458708,Az_20to30,0.000116163654141111,6.64741536571988e-05,-0.000182584017946308,4.96707844988059e-05,30,29.7801632292265,-0.00107681101495091+4.02296999264739i,0.301605660263098+6.31343014006695e-05i,2202.12890625,0.74196727383328
1089,24.2199831212769,Az_20to30,9.57532976584535e-05,4.31380128463407e-05,-0.000138849520379204,5.265251772646e-05,24,24.2521376162717,0.00105674538835391+2.7033356369096i,0.30318769496723+0.000131147356907946i,1062.3046875,0.739609882891227
1090,26.3811579100568,Az_20to30,0.000121144334269358,6.02999364152978e-05,-0.0001814576287378,6.10272285575255e-05,26,26.4619563864231,0.00225973333877888+3.39018472000308i,0.289025903419221-0.000195630960473401i,1877.6953125,0.739798492954034
1091,25.8673108090664,Az_20to30,0.00010108675300895,4.91827064765285e-05,-0.000150405822306667,5.1818334444697e-05,26,25.944755356442,-0.00893745616381489+2.2558649951589i,0.312472176937493+9.48423705670835e-05i,1857.59765625,0.740358798667354
1092,28.8619433433403,Az_20to30,8.80585447527818e-05,4.82905639147739e-05,-0.000136341865786082,3.97521258251926e-05,29,28.7399924854272,-0.0108671377504857+2.65745571294815i,0.316363155430207+5.63212748934065e-05i,1323.57421875,0.739654126299486
1093,22.8555543520805,Az_20to30,8.92729395937812e-05,3.73548151372274e-05,-0.000126784216910467,5.1935318822419e-05,23,22.7060822518896,-0.0190728059825229+2.01262265115377i,0.313149760112113-0.000240760761544515i,1507.32421875,0.739317397159968
1094,24.2101564053704,Az_20to30,0.000121185430982863,5.42945757852745e-05,-0.000175599131097818,6.69438212467042e-05,24,24.1337588196294,-0.0088262072120124+3.31369249654155i,0.299951816673778-8.66090394854337e-05i,2431.81640625,0.740628721160471
1095,25.1369628896173,Az_20to30,0.000101097367068487,4.7572721707195e-05,-0.000148852469426547,5.33242876214407e-05,24,25.1999590942017,-0.00458176691084569+2.31899729588767i,0.310113558400625+0.000194120517295291i,772.32421875,0.74066927308433
1096,29.5715118621338,Az_20to30,9.3718686141109e-05,5.33404491389711e-05,-0.000147193875353327,4.04631443124228e-05,30,29.6465800981392,-0.00946113110886247+3.39438351545561i,0.307350344680296+5.55336608543382e-05i,554.12109375,0.742247378911509
1097,27.1418804790873,Az_20to30,0.000107383760540643,5.49788174714049e-05,-0.000162298671885947,5.22588361687262e-05,27,27.1117413218481,-0.000273114265187404+3.37214451335423i,0.302003683267303-4.56491826720182e-05i,465.1171875,0.738049289780831
1098,21.0176762471598,Az_20to30,9.27857387599702e-05,3.53085321583413e-05,-0.000128149975437831,5.75371500825962e-05,20,20.8337394642194,-0.00217064785009079+1.80604683407662i,0.324201647638635+0.000157441729609693i,2141.8359375,0.740355034176098
1099,24.2186192311074,Az_20to30,0.000122981524292026,5.47132743489548e-05,-0.000177863914841301,6.82084367787854e-05,25,23.9838123596394,0.0111352859959173+2.44808626924026i,0.317811012687209-0.000373106834025002i,1142.6953125,0.738517449585165
1100,23.2279306320507,Az_20to30,0.000109681903907202,4.70413193559053e-05,-0.000156768777547284,6.2801472906256e-05,23,23.2139419555621,0.00344028251869292+2.17152826842346i,0.302824511259535+8.97920818612123e-05i,2773.4765625,0.742127449347529
1101,28.4975990525079,Az_20to30,0.000107230412947355,5.82635831125341e-05,-0.000165444419377041,4.89618026560814e-05,29,28.5174196828245,0.00142475521306836+3.44012640445054i,0.303246582910205+0.000132900234710695i,1429.8046875,0.741930358489881
1102,25.5586791812067,Az_20to30,0.000120060279332446,5.73479081105792e-05,-0.000177508652004495,6.29505944612058e-05,25,25.5319071064625,0.00670915583227344+3.65349464104718i,0.286026462684662+0.00022255057066833i,1834.62890625,0.742379520789969
1103,25.99307665556,Az_20to30,0.000102397657913463,4.98022817060723e-05,-0.000152236970761714,5.26694245427546e-05,27,25.9365059413625,-0.00124888363289584+3.20738247253643i,0.30478019034486+0.000111448229118273i,2391.62109375,0.736810934212856
1104,25.0397401809207,Az_20to30,0.000109325690044576,5.12867770600242e-05,-0.000160372011029251,5.78087500255612e-05,25,25.1321739585447,0.0132616794223633+3.09982880072127i,0.302551299916518-0.000298167963572654i,2405.9765625,0.736908093972182
1105,28.6143206820721,Az_20to30,8.51672603520816e-05,4.64223405099934e-05,-0.000131579648053032,3.87876459267562e-05,30,28.5935912975333,-0.00880315453903192+2.598858908765i,0.313491896407512+5.99431977404887e-05i,1495.83984375,0.742372866319744
1106,28.3970477931252,Az_20to30,9.04703935615661e-05,4.87455929681246e-05,-0.000139211531674327,4.17049523525822e-05,29,28.3158583418719,-0.018068612128881+3.18542548554615i,0.31314061837097+2.7267618154924e-06i,973.30078125,0.740371462968764
1107,20.9977160436973,Az_20to30,9.64152955116305e-05,3.70506510230678e-05,-0.000133262924978299,5.94652507469859e-05,20,21.0208631839075,-0.03866042485248+2.08236014580295i,0.311880900895576-0.000166121402453041i,1202.98828125,0.740513264931733
1108,27.4264572014056,Az_20to30,0.00010709527539514,5.56607080858028e-05,-0.000162607162741619,5.13107989362477e-05,28,27.462287075571,0.00411539003510898+2.93763345520177i,0.31307289859051-0.00013653626975608i,2207.87109375,0.738561264917784
1109,27.7312897927154,Az_20to30,0.000119260030660924,6.25318598609054e-05,-0.000181688151019594,5.67974383878548e-05,28,27.6694643392825,-0.00876755504051133+3.79154327409696i,0.295677623016868+1.31108865140846e-05i,502.44140625,0.73672874931414
1110,24.6989663082126,Az_20to30,0.000121974581120339,5.61134672556339e-05,-0.000178184995864241,6.58647571154099e-05,24,24.7044306963399,-0.0022703120183804+3.35637688297792i,0.301198672629071-1.12435311953978e-05i,1337.9296875,0.741834943922312
1111,21.5827046058595,Az_20to30,0.000121251432652639,4.77155085183236e-05,-0.000169022524924248,7.34688328469442e-05,22,21.4808937857634,0.00900096029114239+2.2157442970607i,0.306137638108255-9.64565003383974e-05i,502.44140625,0.73914767985227
1112,22.8728236223724,Az_20to30,0.000111789768210529,4.69480254146231e-05,-0.000158680931108353,6.48150400652225e-05,23,22.7808036220562,-0.00585432679261465+2.93873410619302i,0.305352470692565-6.08020498531689e-05i,1234.5703125,0.741110162290249
1113,26.3258998068115,Az_20to30,9.31879583277736e-05,4.61286109561765e-05,-0.000139266423703628,4.6996566652513e-05,25,26.335692273225,-0.00882791915083881+2.07277902032574i,0.31361053699735-8.13203036895138e-05i,878.5546875,0.737844952476551
1114,23.3728699957484,Az_20to30,0.000118375011066137,5.14809115922554e-05,-0.000169952327997859,6.70105700713652e-05,24,23.5040671726562,0.00241367403454186+2.9264332545413i,0.295519507280271+8.38670208931566e-05i,2816.54296875,0.741581012215926
1115,25.9096634049363,Az_20to30,0.000116093757782413,5.71655150701266e-05,-0.000173362571197594,5.89405395434688e-05,26,26.2160117882921,0.0182406008923221+2.46702349120593i,0.316724362147639-0.000586341022267647i,1102.5,0.737071450519165
1116,28.203368891099,Az_20to30,0.000119173620873662,6.39648866868629e-05,-0.000183121532285105,5.53316025450192e-05,28,28.2240992777144,0.00396931334608403+2.95978513317463i,0.301458796641577-0.000120555797149575i,775.1953125,0.739421119757036
1117,21.640223088154,Az_20to30,0.000120611503332133,4.78871025842248e-05,-0.000168594696663745,7.26760683495075e-05,21,21.6548568602504,0.00991296248865546+2.94133275563958i,0.295108752397498+0.000131704023907237i,1125.46875,0.739459258392011
1118,28.6526654719763,Az_20to30,0.000115079996595068,6.262462738535e-05,-0.000177715814952805,5.24738505595168e-05,29,28.5542999372573,-0.00824304696722168+3.79174681965822i,0.296743712283274+5.58098418302743e-05i,1188.6328125,0.738092214472497
1119,28.4821378524041,Az_20to30,0.000113333130040803,6.08267635309271e-05,-0.000174171942526188,5.25002652978344e-05,29,28.2227978374331,0.0128294565630028+3.55374614324807i,0.298338734644682+9.32148853538053e-05i,450.76171875,0.737736763392639
1120,26.2155179963674,Az_20to30,0.000120562452123419,5.91642999211576e-05,-0.000179833436261395,6.15936413638749e-05,26,26.1388355651846,-0.00182179821815564+3.26332966959121i,0.302921729627624+7.81103037041687e-05i,645.99609375,0.734784412879578
1121,27.0360050352539,Az_20to30,0.000106341804930111,5.40710358072321e-05,-0.000160371017465497,5.21709052371825e-05,27,26.9517215453109,-0.00624380843274305+3.05294072965193i,0.305115407782158-9.60524319440666e-05i,1613.5546875,0.738819215801515
1122,25.2787357434514,Az_20to30,9.24631489251565e-05,4.34744722883584e-05,-0.000135942696882434,4.89470262154951e-05,26,25.1820467596384,-0.00111945798841168+2.62517887840025i,0.309421839269017+0.000134760886966009i,1513.06640625,0.73843688433853
1123,26.3647373970901,Az_20to30,8.8658746508073e-05,4.40615059540726e-05,-0.00013267666371823,4.46320028562906e-05,27,26.4263963284375,-0.0110613333975699+2.14073190544438i,0.314442466795519-0.000298678728419544i,2494.98046875,0.738315535083187
1124,22.5131607160983,Az_20to30,0.000122997956852601,5.09566710793939e-05,-0.000174085239718885,7.18871401297273e-05,23,22.5036774635176,-0.00338653307303154+2.35291052441806i,0.307643622819652-9.47236954210538e-05i,941.71875,0.73936122001149
1125,26.7041251560066,Az_20to30,9.50677233773541e-05,4.79065953083499e-05,-0.000142874616436888,4.71234391820241e-05,26,26.7444816112152,0.000911096162227673+2.37678605183307i,0.310661716840217-0.000328451657627711i,528.28125,0.739090482364455
1126,25.2272810107945,Az_20to30,9.69570269977925e-05,4.57282908332744e-05,-0.000142639307371323,5.11221888268216e-05,25,25.2501876583498,0.010241380933008+2.69239012311088i,0.31106112395394-6.36093984263866e-05i,1992.5390625,0.743601726476035
1127,22.4583835174749,Az_20to30,0.0001178658253475,4.88627955130493e-05,-0.000166711131243777,6.89740456429577e-05,22,22.5170810648654,0.00562352264043318+2.73332388422287i,0.301337138812273-0.000108118016982215i,2354.296875,0.741165912286012
1128,29.8941020566811,Az_20to30,8.28145059729272e-05,4.72142504536382e-05,-0.000130170954468578,3.55578110655744e-05,30,29.6883524898233,-0.00803957956013716+2.49542913631012i,0.315361797084405-8.76581807597986e-05i,749.35546875,0.738905395684634
1129,22.728009887882,Az_20to30,9.45015411694081e-05,3.95986173064931e-05,-0.0001341454794094,5.49402620936683e-05,23,22.7349587041138,0.00530656784037753+2.45281040032694i,0.306309205527493+0.000107284293934147i,1636.5234375,0.739626431994916
1130,26.5706394799511,Az_20to30,0.000102247145281292,5.09062032327472e-05,-0.000153204761382959,5.12339535830687e-05,26,26.4675232713622,0.0082337888959183+2.62925708770007i,0.316645626343829-6.711476298785e-05i,591.4453125,0.736186452483454
1131,25.5689242126503,Az_20to30,0.000102753041674324,4.94969173644629e-05,-0.000152232830108492,5.29580757870303e-05,26,25.7204685995053,-0.00334958288016205+2.18338095199938i,0.308188775283294+0.000238708569904364i,450.76171875,0.740554594368772
1132,24.6743511673311,Az_20to30,0.000120692960639331,5.55630674439117e-05,-0.000176375251606658,6.51441678807188e-05,24,24.7197874018807,0.0116584351164726+2.90112267645458i,0.30318543275551+8.88074933916468e-05i,1751.3671875,0.743544815750806
1133,25.6007985359006,Az_20to30,0.0001186143634274,5.71056771123413e-05,-0.000175937588911008,6.16470795978454e-05,26,25.7080156901229,0.00653979820240282+3.65847509904304i,0.288103803431436+7.10851811244403e-05i,2001.15234375,0.739915705615362
1134,29.2529911966577,Az_20to30,0.000115966969868887,6.53407290057608e-05,-0.000181233985361985,5.04791559835451e-05,29,29.3987623543542,0.0162303074116376+3.82061038212601i,0.287777042009526+0.000102184344290381i,2253.80859375,0.738442783630312
1135,26.6211632673429,Az_20to30,0.000120406676238078,6.04758059411903e-05,-0.00018086920349244,6.00568715469393e-05,27,26.6686807887193,0.0204319220051938+2.83149350499237i,0.299918376342705+2.80889584002679e-05i,588.57421875,0.743405408036363
1136,25.9161624368726,Az_20to30,0.000110022648187431,5.34087844131268e-05,-0.000163354974830446,5.65720294082924e-05,26,25.8935340014142,0.00290729378376009+2.77637411106544i,0.309654640590716-1.6852902957715e-05i,904.39453125,0.738511624204869
1137,22.2762101370489,Az_20to30,0.000100498945166941,4.08858110648418e-05,-0.000141318021606401,5.97094870141605e-05,23,22.1378810519508,0.00647699022784149+2.38154734040316i,0.310658363156979+3.20466643938984e-05i,2362.91015625,0.740498823783435
1138,26.5831588253934,Az_20to30,8.95458661327472e-05,4.45996001733538e-05,-0.000134213684980119,4.49386082070185e-05,27,26.4762570770845,-0.00975531078711825+2.49205973266376i,0.315971470075868-4.54005807382259e-06i,3097.91015625,0.739374283421543
1139,28.9260636758513,Az_20to30,9.431412612184e-05,5.16330470574898e-05,-0.000145948667519133,4.26358837527036e-05,28,28.6988647929475,0.00113889953921767+2.74384460564377i,0.320305044631905-1.41189266595169e-05i,1814.53125,0.739461499345148
1140,26.2935838915789,Az_20to30,0.000121362214981063,5.93695732980027e-05,-0.000180740391269401,6.21289277557202e-05,28,26.0675670516222,0.0084535162729619+3.36670592226901i,0.294046162217486-5.64463975533218e-05i,1246.0546875,0.740881608836147
1141,23.5519999714164,Az_20to30,0.000108597850102527,4.76176940863742e-05,-0.000156199268974158,6.10640849043866e-05,24,23.6763609594985,-0.00179648793165155+2.60745198662927i,0.294863723124888+0.000237046541629978i,691.93359375,0.73836341577236
1142,25.5681627571861,Az_20to30,0.000116107442200493,5.56041948141087e-05,-0.000171769016829447,6.05030449322087e-05,26,25.5898971552674,-0.00753762066343632+2.49360103664852i,0.315748641629226+1.73437460955876e-05i,1785.8203125,0.737678707117537
1143,22.504381357404,Az_20to30,0.000118271582696427,4.88397746228569e-05,-0.000167253811682365,6.95961768122115e-05,23,22.4379811053333,0.00131263982905919+2.6101448539203i,0.304743383183098+0.000122215491284307i,898.65234375,0.740255757992603
1144,29.1297789213037,Az_20to30,0.00011502685935365,6.41860608995929e-05,-0.000179101436081168,5.08207243079699e-05,29,29.1619249297937,-0.00336655190755484+4.09546625622378i,0.287740654037318+0.000376617513614305i,964.6875,0.740931153855993
1145,26.6759310364062,Az_20to30,0.000107769289577805,5.39698421701728e-05,-0.000161702517196878,5.37504015986551e-05,28,26.601276017088,-0.00626273804875265+2.7027628776063i,0.306170822434773+1.57787860346672e-05i,1782.94921875,0.739865279105439
1146,26.214823196089,Az_20to30,0.000100104923842278,4.90906538611705e-05,-0.000149211050097651,5.1007909077126e-05,27,26.1229626246654,0.00789882387474574+2.70698799343386i,0.309212359064378+0.000199539627055741i,1202.98828125,0.740785057380496
1147,20.3118767184593,Az_20to30,0.000119155172028167,4.40518114785335e-05,-0.000163171959516984,7.50862925557728e-05,20,20.2894143614784,0.00421921026656023+2.86373379356544i,0.289403624018787+0.000107089340977824i,1498.7109375,0.738040696625554
1148,29.0257839842137,Az_20to30,0.000114216809190204,6.34399062246408e-05,-0.000177643438325984,5.06843650511837e-05,30,29.0492844979174,-0.0110103687308543+3.22795443310055i,0.308380667826196+4.0342940282637e-05i,536.89453125,0.737927897624611
1149,22.5644538118158,Az_20to30,0.000114834228104394,4.79874951438009e-05,-0.000162635823828633,6.68371415647885e-05,22,22.6793156698367,-0.0322756659775595+2.44458614398019i,0.302002435529082-0.000126655445242221i,766.58203125,0.738251324114784
1150,24.3070321419791,Az_20to30,0.000109215630693404,4.93041553388185e-05,-0.000158538758966843,5.99179969489665e-05,24,24.2962553997584,0.00476616005747217+2.55274639602252i,0.302401692718765-0.000109984765000284i,691.93359375,0.740166449344486
1151,22.615924571415,Az_20to30,9.79470829932916e-05,4.05726986577103e-05,-0.000138451982925225,5.742239210945e-05,20,22.500843056912,0.00325604381792123+1.88940746994189i,0.306417538247033+0.000525031900614778i,2457.65625,0.741967101513187
1152,25.3679034885294,Az_20to30,0.000112224940655689,5.31876077505132e-05,-0.000165400848774797,5.89984255850703e-05,25,25.3580276571159,0.00833191028304122+2.80731099632851i,0.309242009139401+0.000100255864354436i,1765.72265625,0.740215825473318
1153,24.5936671564244,Az_20to30,0.000112334843142428,5.11346306250936e-05,-0.000163420744107605,6.12996037377926e-05,24,24.4749478499257,0.00768913211785312+2.53405457836304i,0.309782172586686-0.000130996888625086i,970.4296875,0.740792011957498
1154,27.7793296294154,Az_20to30,0.000118627073270518,6.2526360854062e-05,-0.000181160093551172,5.61619483073227e-05,27,27.7929701375082,0.00251762800934095+3.67942643802354i,0.300447983172768-7.78166222075681e-05i,2704.5703125,0.739579914681267
1155,26.5730388387677,Az_20to30,0.000120700578263484,6.01286387327403e-05,-0.00018083007793458,6.07364810654028e-05,27,26.4808165611949,-0.00180686244364292+2.74406706751769i,0.306054880354456-3.57577537287174e-05i,582.83203125,0.742086788822424
1156,29.7746124640773,Az_20to30,0.000114947305375369,6.59191968591654e-05,-0.000180861122760564,4.9020944695893e-05,30,29.833114706141,-0.010813471758814+4.25593626556627i,0.299197311797491-0.000102722140370552i,2388.75,0.739269081737947
1157,23.8305971208731,Az_20to30,0.000119010032927709,5.26118465445896e-05,-0.00017172874980728,6.64137629339432e-05,24,23.8492192641353,-0.0108063036835439+3.3008619343891i,0.297023681384769-8.89644540464328e-05i,895.78125,0.741132028317485
1158,28.6423343689389,Az_20to30,0.00010155460025846,5.58340869969854e-05,-0.000157324820862161,4.56682724337186e-05,29,28.8017212838604,0.00449955875257451+3.43532400836051i,0.305117984201459+0.000156684524426838i,996.26953125,0.739775182514359
1159,37.0530824222484,Az_30to40,9.20682313228593e-05,6.9567695874153e-05,-0.000161572979902785,2.2493499602105e-05,37,37.0750668407967,0.0128192515354679+3.15684199027601i,0.32045929914038+8.50809718965567e-05i,824.00390625,0.740493627819761
1160,36.1998300769598,Az_30to40,8.42376851306564e-05,6.1670871063344e-05,-0.000145759745228002,2.25698716342085e-05,36,36.2080626518967,0.0149574285120818+3.40993316189895i,0.313364429128293+0.000105951116699519i,2391.62109375,0.739102851785903
1161,32.8241348278523,Az_30to40,0.000112277248913779,7.21129926226542e-05,-0.000184388149202977,4.01607452688725e-05,33,32.7116634090768,0.00142917464044353+3.24763208535216i,0.311173946492009+6.63434245172147e-05i,1604.94140625,0.739256136301834
1162,31.8178975524456,Az_30to40,8.93142683661641e-05,5.5273677165633e-05,-0.000144464343783445,3.39879436748138e-05,33,31.7520089327182,-0.042705001972996+2.42403667205282i,0.318595733220625-0.000242470383619686i,1673.84765625,0.737365886283993
1163,33.0210386338339,Az_30to40,0.00011203427226605,7.26254948759455e-05,-0.000184644488403345,3.93994515669988e-05,33,32.9530642516739,-0.00411747068955116+3.48231286493309i,0.312480988176446+2.91226989540851e-05i,780.9375,0.73822761255725
1164,32.7194606764717,Az_30to40,0.000112169547759335,7.21975277609876e-05,-0.000184351173191478,4.0022464482376e-05,33,32.7672131678149,-0.00798553490483897+4.13835638588228i,0.301131776898932-7.07244701746781e-05i,1320.703125,0.738573347873609
1165,35.1186536946934,Az_30to40,0.00011026866907776,7.7502492994942e-05,-0.000187667734567566,3.25785037667715e-05,36,35.1015213995673,0.00522042752631624+3.71081035951555i,0.310380605731622+8.78235653533196e-05i,703.41796875,0.738679137132334
1166,34.1318245753985,Az_30to40,8.6259298518304e-05,5.84440470008896e-05,-0.00014463187572753,2.76508094053546e-05,35,34.1191752578613,0.00250791005568995+2.75887140947667i,0.322807525791914+7.80280103547994e-05i,2070.05859375,0.738466425425489
1167,30.6914504489659,Az_30to40,8.29876494512993e-05,4.91015376166741e-05,-0.000132109358857029,3.37685182966145e-05,31,30.6116500804852,-0.00781335534199573+3.21387964148389i,0.299695760574786-0.000201827873941978i,2325.5859375,0.741232766295563
1168,39.6060351740325,Az_30to40,9.15894697050196e-05,7.54368978295856e-05,-0.000167133909629842,1.62100485059756e-05,40,39.4762900489909,-0.00703083072768555+4.65430005642237i,0.303884713332966-0.000264178515810389i,887.16796875,0.740206001300707
1169,32.7423467639893,Az_30to40,8.46308154617541e-05,5.43056513624657e-05,-0.00013893077183064,3.02671051843016e-05,33,32.687357642124,-7.70289434777723e-05+3.36448218011424i,0.321228198583945+1.15648609512291e-05i,1826.015625,0.738222094780718
1170,32.7922368032098,Az_30to40,0.000110593891553651,7.12658820775723e-05,-0.000181853818841319,3.91992395985041e-05,33,32.7974312224821,-0.00857208955885035+4.07357420240677i,0.30427605021824-9.80440008330821e-05i,2179.16015625,0.738938384118064
1171,33.9868890440389,Az_30to40,0.000109454601782261,7.30126299904249e-05,-0.000182599366345059,3.63902667730063e-05,33,33.7056100170398,-0.0280665981920475+4.48133679528648i,0.299717048066106-0.000261113654576001i,1739.8828125,0.741769225486198
1172,31.3567820944026,Az_30to40,0.000111064034162644,6.78003035369491e-05,-0.000178709579277651,4.31345038681601e-05,32,31.4024532755659,0.00519737077641874+3.37557330750842i,0.313873059714126+3.01817202597223e-05i,1653.75,0.741358561351972
1173,37.6689975542629,Az_30to40,0.00010565878495441,8.17188201588071e-05,-0.000187264518658557,2.40430334944356e-05,38,37.7191523115681,-0.00350148701051658+4.69819381099495i,0.294547736914077-0.00013695668641903i,1866.2109375,0.739753796113558
1174,38.2427745986591,Az_30to40,0.00010018753396612,7.82502460836714e-05,-0.000178417249108525,2.19345916642286e-05,38,37.9911798713167,0.0123092518409533+3.81124521421981i,0.299711908029869+1.67231634919177e-05i,1567.6171875,0.740852983673252
1175,30.3641242378856,Az_30to40,9.03706800052995e-05,5.27376791120744e-05,-0.000142997327960593,3.76905587781244e-05,32,30.266582457974,-0.0129264997174184+2.44816343243841i,0.319929385760797+0.000160574521046911i,829.74609375,0.738434944719982
1176,35.0185634174893,Az_30to40,9.46247847630284e-05,6.65542581728392e-05,-0.000161297767867047,2.80697321886557e-05,35,35.1206028263682,0.00312660673161291+2.95409536705326i,0.316167646712439+5.85754830489758e-05i,2164.8046875,0.73823630531219
1177,31.1775900187922,Az_30to40,9.99704478961359e-05,6.0654902260222e-05,-0.000160576723095244,3.94321337212116e-05,32,31.246374540109,0.00751970141795141+3.37094198692409i,0.310498143799303+4.0062152166882e-05i,2434.6875,0.73905186642621
1178,32.6835929631341,Az_30to40,0.000100625402029962,6.48484310811649e-05,-0.000165381863484842,3.58794698131059e-05,33,32.7999133767943,-0.00253486465942766+4.13188815356212i,0.29009086111312+0.000261295626735243i,1389.609375,0.739540573596272
1179,39.0338247513718,Az_30to40,9.36399585473355e-05,7.58517570594873e-05,-0.000169618115497358,1.79509430924096e-05,39,39.0087252558165,0.0225386397589935+3.72448444775186i,0.315638491452741+0.00021446073537369i,2583.984375,0.738359252109075
1180,34.6006700690312,Az_30to40,9.14151149069778e-05,6.31077523762171e-05,-0.000154471920125988,2.8321582549504e-05,35,34.6189734767735,-0.00499380129195109+4.07649424001214i,0.299398349666834-8.99643220552172e-05i,2655.76171875,0.742446001895569
1181,32.0631232223442,Az_30to40,0.000107897721008609,6.73057080249703e-05,-0.000175184479034662,4.07005277252588e-05,33,31.9555744391327,0.000327906987523924+3.64833411595003i,0.304715967473472-6.86663296008243e-05i,887.16796875,0.738899917175892
1182,38.0314278715432,Az_30to40,8.98345650157666e-05,7.03113790164874e-05,-0.000160205676996435,1.94362135510534e-05,39,38.0494422737203,0.0109259943504219+3.25170512399064i,0.315529235336353-5.65829730608987e-07i,1653.75,0.740897176033601
1183,38.7609043059361,Az_30to40,0.000105426262258698,8.44954708748252e-05,-0.000189705047433411,2.09231714645586e-05,39,38.7109574273435,-0.0111768988918868+4.85683206078196i,0.305646470545283-0.00014739572165094i,976.171875,0.73824089225576
1184,30.1003463992091,Az_30to40,9.45302836640866e-05,5.45415264525049e-05,-0.000149136173812831,4.00617723053498e-05,29,29.9838331927552,-0.00855606496868737+3.50474374968273i,0.30366190287889+0.000327182890546946i,689.0625,0.739314769569945
1185,30.5346283807906,Az_30to40,0.000106479030199429,6.29204537225202e-05,-0.000169457402299281,4.37024876610454e-05,30,30.5796363867584,-0.00974558930529167+2.98367769941907i,0.3108178104642+8.725925872702e-05i,2012.63671875,0.73945809493904
1186,32.5918294375125,Az_30to40,0.000106219650990761,6.78243304001042e-05,-0.000173955906245828,3.84161466824617e-05,32,32.5594127383717,0.0208440771869914+3.53700675159185i,0.301439199817474+0.000170984484400383i,1188.6328125,0.741653497886172
1187,33.5797087580437,Az_30to40,9.48513288369413e-05,6.31985966058986e-05,-0.000158139813361846,3.17712074608397e-05,34,33.6751677585884,-5.00343036320893e-05+3.00420733979115i,0.32279042233531-9.72961375442409e-05i,818.26171875,0.739633664793071
1188,30.8575535191596,Az_30to40,0.000100919238653141,5.99163743640931e-05,-0.000160682148734292,4.12612268488158e-05,30,30.697865679948,-0.019226216804281+3.1470634818028i,0.31939844557325+8.80882999146782e-05i,898.65234375,0.742809658039686
1189,37.4296656164719,Az_30to40,7.85397711974051e-05,6.00647698203758e-05,-0.000138477652018636,1.86519884972873e-05,37,37.4076327755764,-0.0035380608213813+2.6782094723026i,0.320157986966129-0.000149693441554809i,1791.5625,0.739301152639641
1190,31.5291075687517,Az_30to40,0.000104976725974307,6.46286927005886e-05,-0.000169476263269174,4.03753829885177e-05,32,31.6184392684818,-0.000783151720332681+2.94704179031837i,0.324861090316987-3.42296189936638e-05i,1808.7890625,0.738224962897386
1191,30.2904121612093,Az_30to40,0.000116832147640382,6.84158466608782e-05,-0.000185151876507855,4.8441813346843e-05,31,30.3528529933164,0.0141603223804101+4.28627185391975i,0.285110394294943-0.000155088437243378i,525.41015625,0.739952295451271
1192,35.1124127916608,Az_30to40,0.000110243616529862,7.70409033708199e-05,-0.00018715234490676,3.30732257517854e-05,34,34.9467802309184,-0.00652876323560431+4.96624136720366i,0.296067192533664+2.26193799931305e-05i,617.28515625,0.739642432307731
1193,34.665343521794,Az_30to40,0.000108408092401217,7.49038976304243e-05,-0.000183316628255616,3.34406929899018e-05,35,34.6422929987009,0.0159550776260195+3.68516857621795i,0.318764237439186+0.000200135187030836i,1375.25390625,0.739549790360261
1194,34.3581469785181,Az_30to40,0.000106880216711394,7.31495234355486e-05,-0.000180042238702941,3.35926083767075e-05,34,34.3879951584775,0.0247045465745149+3.54987804873854i,0.314991689349852+0.000177796223762527i,890.0390625,0.74194583715521
1195,38.2232913120038,Az_30to40,0.000105762534558792,8.36166976683881e-05,-0.000189195795869046,2.20871302912387e-05,38,38.3301757890563,-0.0128435520043896+4.99651196933021i,0.292977130818861+2.30741413619999e-05i,482.34375,0.739144834379636
1196,30.5891224503147,Az_30to40,0.000108542645786428,6.43142529184238e-05,-0.000172882205521975,4.43263648367091e-05,30,30.6478101163158,0.0123368566697024+3.83366507317574i,0.287939580548231+4.52428776340028e-05i,2070.05859375,0.741988921435159
1197,33.1573784737203,Az_30to40,0.000108348130835221,7.05770768737981e-05,-0.000179006510363407,3.76944096767081e-05,34,33.0798885112499,0.00630260225576266+4.01284406911565i,0.301947481423163-0.000199068276631527i,1033.59375,0.74073189663298
1198,30.2070493452293,Az_30to40,0.000112326992872506,6.54556258423348e-05,-0.00017786546480557,4.68586760299494e-05,30,30.2303784207185,0.00415694974717602+3.94817963578249i,0.298463316342118-3.20175139922937e-05i,1900.6640625,0.740582195334163
1199,33.143813783153,Az_30to40,0.000107367003251682,6.97264053944242e-05,-0.000176954671274117,3.76756949050638e-05,33,33.0005473386657,0.003589733077764+4.12899879729233i,0.302048758185932-0.000299132838377627i,2337.0703125,0.737226201245969
1200,30.2125392413442,Az_30to40,0.000116258789154439,6.77578321377159e-05,-0.000183945071305231,4.85030552530985e-05,30,30.2344452435717,-0.00491136463830822+4.36233557786768i,0.285211782613474-3.18408202258577e-05i,2294.00390625,0.738923031772304
1201,34.9984505756342,Az_30to40,0.000109519177589388,7.69643615366777e-05,-0.000186414486005002,3.26140628419234e-05,35,35.0975466499706,0.00605723213202042+5.01800075414165i,0.291167655127831-0.000206651374315936i,2159.0625,0.741566461000614
1202,39.6797102075409,Az_30to40,8.91973056879081e-05,7.39143819116511e-05,-0.000163059897360206,1.52426436994267e-05,40,39.6472381250649,0.00924079742961631+3.88518448336251i,0.313031919791638-6.26731153399256e-05i,2236.58203125,0.74152889287509
1203,36.1926337558295,Az_30to40,9.39182918862796e-05,6.85688401308131e-05,-0.000162420530580833,2.53782644774301e-05,37,36.1328216551561,-0.0112221429254058+4.16490139658789i,0.307133567143667+0.000144082525603216i,2575.37109375,0.737827211683034
1204,37.7151813022206,Az_30to40,0.000101563475322103,7.83387163228426e-05,-0.00017995503989297,2.31825042754729e-05,37,37.6439952338559,-0.00542359937586058+4.68190933700361i,0.302387663369788-0.000307978888265282i,1570.48828125,0.739166194609728
1205,33.6532856893811,Az_30to40,8.11946308891028e-05,5.39754834255596e-05,-0.000135048133994347,2.7123931769053e-05,34,33.6146350910193,0.0171250239846676+3.00335157256043i,0.314469146237865-3.80515313040423e-05i,1458.515625,0.740319435493533
1206,37.337752733244,Az_30to40,9.717791037275e-05,7.46250423998262e-05,-0.000172076826314819,2.27437459677613e-05,38,37.5214466805239,0.0294424382922402+3.99327618847891i,0.304940132460975-3.21827918216538e-05i,600.05859375,0.737456601263038
1207,37.7967772594223,Az_30to40,9.24674098924273e-05,7.1463533803165e-05,-0.000163932655822032,2.09995409955316e-05,37,37.6986802787277,-0.00391073592232677+3.17715948764843i,0.317110388162647-6.8095256392591e-05i,1378.125,0.738174450189235
1208,32.0437333760974,Az_30to40,0.000100628605148907,6.28972367858907e-05,-0.000163350289930963,3.78906849410691e-05,32,32.0071677489629,-0.00876891279731312+3.94798268434794i,0.311840244086832-7.98137194565653e-05i,1102.5,0.740112490624362
1209,38.0505077630715,Az_30to40,9.83765803608697e-05,7.71835814268662e-05,-0.000175673343624901,2.11737565881595e-05,38,38.1167633643934,0.00372861852033135+4.11217864937281i,0.30800866255173-0.000160695458284065i,1932.24609375,0.73966406399501
1210,39.5592917555949,Az_30to40,7.65604813985382e-05,6.35021311885769e-05,-0.000140003447017567,1.31840801697131e-05,40,39.6735837381427,0.00435786392979929+3.77047390965115i,0.311285044241613-5.3792584279966e-05i,2566.7578125,0.740166887756115
1211,33.786486940811,Az_30to40,8.75935670104998e-05,5.86884513158605e-05,-0.000146352718452015,2.88332885896194e-05,34,33.8224289605014,0.00474437108355207+3.08947270488428i,0.315259971931714+6.23428297382711e-05i,1656.62109375,0.740693181981041
1212,32.4960340715882,Az_30to40,0.000108607296729731,6.9509727220483e-05,-0.000178108626956241,3.91598368452351e-05,33,32.6196387744059,0.00942833041981113+4.10526715763434i,0.302972988520903+1.57927227611692e-05i,1185.76171875,0.73552242943998
1213,31.4912718244417,Az_30to40,0.000109449564463024,6.70154559841161e-05,-0.000176747015100045,4.2506736275078e-05,32,31.4789405673906,0.0346317294431675+3.81463669735852i,0.298620358010615+5.54721512817241e-05i,1650.87890625,0.741141072520164
1214,37.9183715284926,Az_30to40,0.00010360656382521,8.04789309117777e-05,-0.000183948301667888,2.31946080914282e-05,37,37.8391475044387,0.00952856204042045+5.04664869037683i,0.291038424664454+0.000267668299670868i,1966.69921875,0.738839252065263
1215,37.0151296060805,Az_30to40,0.000100613658557854,7.62278247115089e-05,-0.000176832862623422,2.43627194177864e-05,37,37.148624551227,-0.00403565716909929+4.2964547335708i,0.304873617792735-5.44116513698555e-05i,1828.88671875,0.737103625248554
1216,31.7465353310882,Az_30to40,9.36960462409572e-05,5.78921474046315e-05,-0.000151709132902915,3.58707644110735e-05,31,31.7107508180796,0.00572558155122256+3.07357364567185i,0.310718583410471+0.00022786571608577i,1105.37109375,0.74151210664882
1217,30.8603808639912,Az_30to40,0.000110038148917718,6.56663307388678e-05,-0.000175718917188447,4.42983880029216e-05,31,30.8270491883496,-0.00451051107740322+3.8845994457534i,0.307462818024199+1.52943852868691e-05i,2414.58984375,0.740313071644281
1218,34.4167957250862,Az_30to40,8.47484867298753e-05,5.80876402076921e-05,-0.000142657772292437,2.66516074985621e-05,35,34.4272119709498,0.0137681995745656+2.90130383167056i,0.323859392675556-0.00023465222038777i,910.13671875,0.73951568121212
1219,39.0001869049054,Az_30to40,9.41227081717861e-05,7.60669300905884e-05,-0.000170204507886443,1.81308616235587e-05,39,38.9440230619876,0.00758366803836492+3.7452650810511i,0.307767773430961-1.08354469971327e-05i,815.390625,0.742872911683754
1220,33.0150771385325,Az_30to40,0.000112838345530671,7.36897954223774e-05,-0.000186403389340082,3.91800259919006e-05,33,33.1467991017686,0.0207507818672491+3.80266808152575i,0.304001466102228+4.77661187553661e-05i,921.62109375,0.74027490754557
1221,36.9796650795475,Az_30to40,0.000104816811563002,7.90563624986077e-05,-0.00018382195480489,2.56589176864158e-05,37,37.0248260562252,-0.0225817795794094+4.80619426356619i,0.296088378519069+0.000153870106208699i,1843.2421875,0.737496954049693
1222,30.3994823271623,Az_30to40,0.000114438561711384,6.7203295329449e-05,-0.000181575142940637,4.71860692147674e-05,29,30.4233068289233,-0.012909883051604+2.98510490615298i,0.311927612816329-8.5921696801829e-05i,479.47265625,0.740810084555058
1223,36.5655661713186,Az_30to40,0.000107610653869509,7.971166802591e-05,-0.000187170441699839,2.77428219950669e-05,36,36.528880315234,0.00708628694556565+4.86345957693623i,0.282974688958788+0.000148011734805257i,1662.36328125,0.73934591830124
1224,39.2411041341144,Az_30to40,0.000101139873507937,8.26206449530448e-05,-0.000183878111586604,1.85051358158897e-05,40,39.2452103665477,-0.0279876036419012+5.16573703838519i,0.296889427003376+9.66028610241343e-05i,605.80078125,0.742172223585042
1225,32.2460647641663,Az_30to40,0.000105031233458171,6.57651795938415e-05,-0.000170773545694926,3.92688484316941e-05,34,32.0526905385421,-0.0156798882293182+3.61638944901654i,0.299144403715928+0.000190572231627675i,648.8671875,0.740865002878432
1226,31.9468046228495,Az_30to40,0.000103048123930812,6.48780397452532e-05,-0.000167752376967826,3.81708577345421e-05,32,32.1940965106692,0.026683781140281+3.67185282922104i,0.304627421142563-0.000359897695037277i,1518.80859375,0.740680114497219
1227,37.9394085275117,Az_30to40,9.67907665377187e-05,7.5055315401474e-05,-0.000171945218523219,2.17234506077211e-05,37,37.791388033306,0.0210900443265274+3.70745067907412i,0.31786677181281+1.45947443648776e-05i,755.09765625,0.738484566989688
1228,36.5433817632299,Az_30to40,0.000108342836295176,8.06822343022447e-05,-0.00018895588901782,2.7572351451985e-05,37,36.6748255078727,0.00126584261979052+4.03981466952373i,0.311346712878498-0.000110509369600221i,1912.1484375,0.742056324686373
1229,30.6709504919966,Az_30to40,0.000108426116043195,6.48276303821541e-05,-0.000173196277485214,4.38262328862253e-05,33,30.8750690704401,0.0205977355990271+3.71643659427025i,0.313472789823595+0.000111427728172206i,890.0390625,0.737075999562162
1230,33.1481516842944,Az_30to40,0.000113087262706153,7.37825936100077e-05,-0.000186861564775964,3.93134709656348e-05,33,33.1220155360868,-0.00128452531809594+3.89183245658914i,0.311932599377758-2.68980109889936e-05i,783.80859375,0.739988326274494
1231,31.2007100990882,Az_30to40,9.45955223091676e-05,5.75538619305563e-05,-0.000152189841719742,3.70747107819794e-05,30,31.3171914777624,-0.00456787716858254+3.13871229764264i,0.320079730373896-0.000172801611272587i,792.421875,0.742675166500094
1232,35.5643293335358,Az_30to40,0.000109867975442499,7.88136586362908e-05,-0.000188620485066015,3.10072452199146e-05,35,35.6537196352686,-0.0309389543159379+4.05965476113998i,0.313434863897329-0.000130172544195057i,1576.23046875,0.739253230234873
1233,37.9047133311772,Az_30to40,0.000102447259953782,7.99003581352595e-05,-0.000182335874133421,2.25846363349077e-05,38,37.9512735364645,0.0171047131516652+4.3253155543742i,0.301184160118356+4.97018761435319e-05i,2296.875,0.735560819332593
1234,32.7741256799474,Az_30to40,0.000100170917367897,6.4700463331586e-05,-0.00016487775765515,3.55585135166991e-05,31,32.8584446804252,0.0143625853939136+3.64698933082526i,0.30990336077675-6.71841932305666e-05i,2492.109375,0.738759295477005
1235,31.8137077915868,Az_30to40,9.8487030541454e-05,6.16540555487574e-05,-0.000160190441701403,3.69033838150635e-05,31,32.0470570226811,0.0330770115668705+3.96839822813626i,0.307702839448424-8.50787925768971e-05i,2070.05859375,0.741433947931053
1236,32.9249274477243,Az_30to40,0.000105652967260078,6.8424339050391e-05,-0.000173855589625215,3.71711828210648e-05,34,32.9284223751314,-0.000998497734550617+3.06683628127643i,0.306924276256168-0.000141942682584869i,2153.3203125,0.741176350768413
1237,34.6850754889248,Az_30to40,0.000109377310959956,7.52045019210472e-05,-0.000184526835925396,3.40470847661557e-05,34,34.5112265093397,0.00388262921943735+3.81997037195289i,0.299660068769145+7.18756517133195e-05i,1903.53515625,0.737602176252751
1238,34.5038449528047,Az_30to40,0.000111016831155263,7.61519804125148e-05,-0.00018721447708923,3.47910989376571e-05,34,34.4481691576921,0.0126348318743708+3.34235769279806i,0.31414794763066+0.000102046696646338i,1739.8828125,0.741389558694478
1239,34.3517194675018,Az_30to40,0.000106983377595811,7.30776098139404e-05,-0.000180000730314216,3.38659762486069e-05,35,34.3359840104696,0.0108758978190409+3.74452547528116i,0.299640689920038+4.53649668694291e-05i,712.03125,0.741789393681362
1240,35.5781806388865,Az_30to40,8.0985486144641e-05,5.80388031097799e-05,-0.000138854193506162,2.29078735718701e-05,35,35.6275355586994,-0.00663554155886146+2.8710712284333i,0.314100003059217-9.66785916736417e-05i,1521.6796875,0.738221914695826
1241,32.7564406159435,Az_30to40,9.3023538518309e-05,6.01010560331338e-05,-0.000153172470682499,3.30505212371273e-05,33,32.8658713888876,-0.00874809096163777+3.08037432984486i,0.31597209371458+9.07669758710254e-05i,591.4453125,0.73816684320536
1242,31.0541842253523,Az_30to40,0.000101138682719051,6.10330605736665e-05,-0.000162047753746602,4.01802129470002e-05,31,31.109264334361,-0.00403092932531227+2.81841696930224i,0.317171543503311+0.000129131312758336i,947.4609375,0.738587311501219
1243,31.464693370216,Az_30to40,0.000112475415802758,6.91284401969917e-05,-0.000181759522938385,4.35679615977998e-05,32,31.5752719690833,-0.00491988752810132+4.02668222621735i,0.290836120339458+0.000113663620381824i,1312.08984375,0.74135154391226
1244,34.7149809287297,Az_30to40,0.000110674309608949,7.64786142990879e-05,-0.000187109865636215,3.41320829215472e-05,35,34.6454073187541,-0.00854804535636174+4.139921334372i,0.297588853145992+5.52011106782976e-05i,1461.38671875,0.741574822522177
1245,34.1871071530907,Az_30to40,0.000106965740097107,7.24538111983684e-05,-0.000179420454752932,3.44116560548839e-05,34,34.1119573047573,0.00909169068680452+4.64868620288924i,0.293931024745045+5.50147291076223e-05i,1096.7578125,0.736256201700558
1246,37.233829504612,Az_30to40,0.000101155783592699,7.64495926825307e-05,-0.000177736960761388,2.46788762247049e-05,37,37.080564712847,-0.00298699677500747+4.78821785296911i,0.301759800718921+0.000286691090721578i,1401.09375,0.73998929897216
1247,38.7684508477151,Az_30to40,9.75945708539691e-05,7.82889950134329e-05,-0.000176067439518553,1.94190884395244e-05,39,38.7360967247144,-0.0079520794188923+5.12741312741037i,0.289571315469258-6.3853314727351e-05i,1820.2734375,0.741370909814886
1248,35.1924131430408,Az_30to40,0.000104488381568756,7.33063482704461e-05,-0.000177796850603606,3.09500024364713e-05,35,35.0525073781745,0.0149803153126967+4.27688529498154i,0.30539931374366-3.4443428770025e-05i,1510.1953125,0.737205228398944
1249,36.9853365842497,Az_30to40,0.000106386040558333,8.02713538947878e-05,-0.000186341082968152,2.58998818611349e-05,38,37.0356125642063,-0.0042335587551278+4.88554770754256i,0.289318572721145-1.42704852102177e-05i,525.41015625,0.738392596472704
1250,36.3981540295454,Az_30to40,8.32482287263934e-05,6.14486558564184e-05,-0.000144849772947918,2.17013605699042e-05,38,36.432432892414,0.0125102054682762+3.88476461737692i,0.303558845427228+0.000239663881822688i,1329.31640625,0.739482986621564
1251,32.9788719207532,Az_30to40,9.16424019118159e-05,5.9420660698062e-05,-0.000151047868050751,3.2018187823596e-05,31,32.9592552352925,-0.00976032956779121+2.83548061901158i,0.312551650575307+3.67787085279146e-07i,1768.59375,0.738930473620035
1252,38.5278485811093,Az_30to40,0.000106126358973714,8.40696301492304e-05,-0.000189988528214099,2.19548185202832e-05,39,38.3850473438714,-0.0106780924880577+3.99107707037729i,0.303275916142416-0.000291955065968145i,2190.64453125,0.739319871898652
1253,30.7242010969666,Az_30to40,0.000108579990750009,6.46192707650954e-05,-0.000173175174159116,4.39681545770581e-05,33,30.7581699264032,-0.00614997278253682+3.51476433464607i,0.30355051881849+4.05234935596036e-05i,2747.63671875,0.739835266613836
1254,30.4876715854891,Az_30to40,9.50052473525719e-05,5.57796920620431e-05,-0.000150896430222166,3.92579882246388e-05,30,30.4181420282235,0.00253491319923603+3.38928865259384i,0.319396207230358-3.73606003980578e-05i,1099.62890625,0.74138586519946
1255,44.0648063608464,Az_40to50,7.95141863744065e-05,7.66978059230546e-05,-0.000156298889017103,2.79125204321015e-06,45,43.9671136628612,-0.00321911111752609+4.67297644226497i,0.302938214703466-0.000249204610368402i,2150.44921875,0.737706417162869
1256,43.3987130112356,Az_40to50,7.71340709898056e-05,7.22416923188238e-05,-0.000149552433170784,4.85781802805523e-06,44,43.1241101162653,0.00526379726584527+3.86782721638812i,0.318696879780817+4.98151293519366e-05i,723.515625,0.736309408990545
1257,47.2262053002054,Az_40to50,8.72310467879156e-05,9.40640585705055e-05,-0.000181344074590932,-6.82314378372476e-06,47,47.158456028691,0.00735649449793351+4.40408456907257i,0.30828426428291-1.74849257049692e-05i,1208.73046875,0.737852572039923
1258,45.5452327092852,Az_40to50,6.95783162990226e-05,7.05762569567892e-05,-0.000140118045934167,-1.13687838341151e-06,45,45.4079554474761,-0.00529734655723719+3.88045584777276i,0.319872973075014-0.000283709041685648i,1438.41796875,0.73938011565036
1259,40.5444043555911,Az_40to50,8.56549481587132e-05,7.30698122753907e-05,-0.00015858164296008,1.24901809778505e-05,41,40.4665562632741,-0.000390216828922741+4.482809354095i,0.303693130863354-7.83592365573727e-05i,1906.40625,0.739246255369614
1260,48.1162575038663,Az_40to50,8.98994853089279e-05,0.000100445720251582,-0.000190436553346995,-1.03686850955858e-05,51,48.1712780551027,0.0241499949381208+4.68624859180758i,0.302796862564333+0.000121925827525615i,2141.8359375,0.741988578442525
1261,43.7705152554155,Az_40to50,8.23462453039522e-05,7.92232864080744e-05,-0.000161568823550281,2.9676387488973e-06,44,43.8926743549031,-0.0208888657924887+3.49140001953963i,0.314727110436304-5.09900947531562e-05i,1033.59375,0.738963362015161
1262,44.0211582777117,Az_40to50,9.43850790042446e-05,9.10283438194862e-05,-0.000185369115320474,3.29563763952207e-06,44,43.9628272425341,0.0203741269094522+4.88345270600962i,0.298592869462321+0.00023687839098009i,824.00390625,0.73742000205891
1263,45.4979894187162,Az_40to50,8.83779723468792e-05,9.03583665040787e-05,-0.000178684316348782,-2.00802186054281e-06,46,45.6348098249657,0.0168275420197121+5.61597500537463i,0.297613664176181+2.45780966718725e-05i,1323.57421875,0.744388015982737
1264,41.8966216687621,Az_40to50,8.95816714526748e-05,8.02929120256483e-05,-0.00016985184313875,9.31460176636312e-06,43,41.8701777901774,0.00276500161532793+5.12510681490526i,0.301074108916482-0.000106189018267221i,1266.15234375,0.739010740393807
1265,46.4034456316728,Az_40to50,8.81987907384219e-05,9.22020480645673e-05,-0.000180465997714772,-4.10464701204193e-06,46,46.2712363853241,-0.00399500479191911+4.57014983557133i,0.307683758494509+2.1993068268849e-06i,2457.65625,0.741173860305785
1266,46.4779961571915,Az_40to50,8.20891605885473e-05,8.60966261511925e-05,-0.000168066686679932,-3.95401260363248e-06,47,46.3649632842772,0.00788268783681893+5.4920331735077i,0.302962026748954-2.59641049862134e-05i,660.3515625,0.734738893683622
1267,48.875759034128,Az_40to50,7.35579502806649e-05,8.46626630533006e-05,-0.000158315132688049,-1.09686135472881e-05,49,49.0147204874482,-0.00918528618115803+3.97601515131561i,0.305218626541471-6.61063207789522e-05i,2672.98828125,0.74178394971422
1268,48.4807464416336,Az_40to50,7.75434602875894e-05,8.83165010943994e-05,-0.000165844169151724,-1.061228658393e-05,49,48.7162913181827,0.0223780564397695+5.41379779395434i,0.309558964197695+8.04027810605255e-05i,2110.25390625,0.740182744896101
1269,47.7011392268443,Az_40to50,8.52164044981271e-05,9.40621209242037e-05,-0.000179296766676723,-8.85053335867219e-06,47,47.8247194166937,-0.00560150144572426+5.44640103444463i,0.300004266855095+0.000134005790057291i,1811.66015625,0.743485303709847
1270,45.4663678149874,Az_40to50,7.76224592285125e-05,7.9019642524117e-05,-0.000156671208477253,-1.31303357908995e-06,45,45.5110412990933,-0.0160425823800761+4.84747497112856i,0.307365912525976+7.5967317206588e-05i,1573.359375,0.740385304546207
1271,40.4396943406853,Az_40to50,8.82304755324181e-05,7.52803545477637e-05,-0.000163446080232508,1.27538540968215e-05,40,40.4716047392126,-0.014415951006473+3.81719778791955i,0.307844911488897+0.000153534095296565i,1823.14453125,0.740230131535858
1272,49.3020593819698,Az_40to50,8.53383223671295e-05,9.89863999657306e-05,-0.000184401029421871,-1.37802902641766e-05,49,49.2346618699094,0.016028692449552+4.62673677350818i,0.313732530295574+0.000158653159561484i,1013.49609375,0.737177146604452
1273,40.806684214036,Az_40to50,9.61579605386729e-05,8.34790309237621e-05,-0.000179639364779553,1.28323070076474e-05,40,40.9627110412501,-9.55095409987564e-05+3.66292823051768i,0.311214731518136+0.000140934457701696i,953.203125,0.738885363600612
1274,45.9838743229136,Az_40to50,9.38868400702769e-05,9.66107821962801e-05,-0.000190449538201499,-2.73217625050991e-06,46,45.8192215209089,0.0011021735988591+4.37581649999437i,0.309656375435643+9.27574564039346e-05i,686.19140625,0.739487106275008
1275,41.0301042830672,Az_40to50,0.000102606476168212,8.92571420041947e-05,-0.000191471251026103,1.33054883457647e-05,41,41.0199340548494,-0.00563222592909939+4.48381562045158i,0.307916524983913-0.000488172073534687i,1584.84375,0.737763611594549
1276,47.1892851342142,Az_40to50,8.93127285134923e-05,9.6012356694051e-05,-0.000185171340889037,-6.60375138297145e-06,47,47.070379899388,-0.00285401136661776+5.15356308709009i,0.313417632410872+0.000133987816753927i,1754.23828125,0.739287040400089
1277,48.5821870335407,Az_40to50,8.66767544068995e-05,9.84452227017893e-05,-0.000185058227338275,-1.17631731244447e-05,47,48.6374796662082,-0.0298318916768245+5.10363267072578i,0.307052867810902+0.000208835615031027i,2219.35546875,0.737146780417498
1278,46.1784792019786,Az_40to50,7.81166258117834e-05,8.11666375907237e-05,-0.000159197435724403,-2.92117519106552e-06,46,46.0969856161585,0.0154808806143522+4.07846562554765i,0.321962406876922-0.000169540443889594i,1108.2421875,0.740720984382522
1279,48.417383669059,Az_40to50,7.82450625344708e-05,8.80867669004662e-05,-0.000166216773559347,-9.84291929808225e-06,48,48.3861916270713,0.000309720454992032+3.9276920780802i,0.311352139312896-2.04218825780329e-05i,683.3203125,0.743053702785549
1280,47.8997547068638,Az_40to50,6.62374956640304e-05,7.32306540330406e-05,-0.000139445849125259,-7.01847664272946e-06,47,47.870498918293,-0.00952554505379368+3.35873591829296i,0.318928301717835+8.05555099409761e-05i,915.87890625,0.743074374813611
1281,41.0496346190489,Az_40to50,0.000100047745547907,8.76305118791955e-05,-0.000187744936557892,1.24900013579314e-05,41,41.2146937573122,0.00559367373230147+5.04882074527904i,0.302268228948719+0.000141996074435094i,2437.55859375,0.736551818915659
1282,47.7457759258146,Az_40to50,6.52492501917329e-05,7.14914336305073e-05,-0.000136719613687324,-6.26527755462766e-06,48,47.6137257005853,0.00412675542674518+3.62807179346891i,0.31636306836404-3.77337017787092e-05i,1002.01171875,0.741623505099181
1283,49.7863524983227,Az_40to50,6.36682690628613e-05,7.51284713307951e-05,-0.000138722245199549,-1.15709706219138e-05,50,49.7201045203131,0.000839865751019845+4.30097990747329i,0.319685490359328-0.000128585646213091i,648.8671875,0.742340717950189
1284,44.4649269072011,Az_40to50,7.09098755820232e-05,6.97054584868797e-05,-0.000140620549918875,1.20985260056081e-06,44,44.5092545968254,-0.00910313663729488+3.50754334866583i,0.315289297686398-3.90420733553042e-05i,1352.28515625,0.7355807791786
1285,43.640867752297,Az_40to50,9.74215826099415e-05,9.30239154664501e-05,-0.000190546885418722,4.10604778158707e-06,44,43.6771911152243,0.0298729858848811+5.11917723469415i,0.294360760178076+4.746562488744e-05i,2118.8671875,0.738719891986714
1286,45.4156540603098,Az_40to50,7.2377992392236e-05,7.35165122224662e-05,-0.000145932256516131,-1.22043371854278e-06,46,45.4471111314989,-0.00324348964577703+4.08041182347577i,0.3214750144948+0.000170473012014203i,1587.71484375,0.738633375084679
1287,44.4527251838814,Az_40to50,9.58707603014564e-05,9.40794627043869e-05,-0.000190031947629907,1.74797178968238e-06,44,44.4596966076614,0.0357633132668649+5.90622522778639i,0.295744488803088+0.00032844503445403i,760.83984375,0.741147863805045
1288,46.594200118819,Az_40to50,9.28579994374477e-05,9.81571976825553e-05,-0.000191063928667376,-5.27389127367394e-06,47,46.5891083128639,0.00739520279390413+5.58992996999473i,0.290615857531096-3.16934849526223e-05i,1205.859375,0.743904266277768
1289,49.9508581469128,Az_40to50,8.34994958542076e-05,9.93891044063846e-05,-0.000182864334383043,-1.60018210916282e-05,50,49.9654660191269,0.00243194264678049+5.49544285536012i,0.298516821742223+0.000250037766135362i,1452.7734375,0.744979146854848
1290,44.7272617735366,Az_40to50,8.81151554735094e-05,8.6898513954775e-05,-0.000175069709730952,1.24206249378479e-06,44,44.6017036751864,0.00181408292211075+4.05955264339118i,0.312982082371046-8.44447618351906e-05i,1415.44921875,0.740385346220206
1291,43.371590243452,Az_40to50,9.78378221500305e-05,9.25612089570229e-05,-0.000190503054206014,5.31147801380185e-06,43,43.4125428550964,-0.0164605644380716+5.66851191386195i,0.291338556575707-0.000125268840917146i,1892.05078125,0.740511994649444
1292,49.894638005705,Az_40to50,8.73355231964234e-05,0.000103398524742747,-0.000190731291566601,-1.59422426237481e-05,50,49.8139049479433,0.0231276551301953+5.9155014209833i,0.299918761999408+0.00012060529412739i,973.30078125,0.742329215823178
1293,40.5646536834392,Az_40to50,9.59328804272535e-05,8.20160391941381e-05,-0.000178038149591914,1.40917552617586e-05,41,40.5281743921408,-0.00244222366979091+4.48738388059915i,0.302284010211478+3.25992502562236e-05i,2075.80078125,0.739525984804156
1294,48.4247040054774,Az_40to50,8.92048956268183e-05,0.000100457721461896,-0.000189606899655324,-1.13269900563761e-05,48,48.3954213418457,0.000688993226396989+5.99513862793666i,0.288911714838117-6.50413980606019e-05i,1915.01953125,0.743883229216794
1295,47.3936883690518,Az_40to50,9.12816311880527e-05,9.98113049089303e-05,-0.000191148184401718,-8.42608277322342e-06,48,47.5557727643763,0.00227537118065978+6.00987268973888i,0.297384714097953+0.000163255365971349i,1573.359375,0.743337483846722
1296,40.142908128052,Az_40to50,9.16476951781555e-05,7.72026450129409e-05,-0.000168812905518489,1.43862923991632e-05,41,40.1102843898291,-0.00259422678531078+4.95247925133606i,0.298298688916238+8.40226885130864e-06i,1722.65625,0.742783637676866
1297,49.676099160894,Az_40to50,8.57050154893632e-05,0.000101070848738213,-0.000186657152389559,-1.53764873489825e-05,50,49.7030658944981,-0.0103208188441821+5.52350685608084i,0.308704435090027-8.90115335958428e-05i,356.015625,0.740581299789229
1298,45.457379069319,Az_40to50,8.17743672269079e-05,8.24269030656932e-05,-0.000163919072825223,-6.25152118424793e-07,45,45.2276922259017,-0.0168022802908639+4.47534049369697i,0.30797319235704+9.99907302659385e-05i,1157.05078125,0.741280885020001
1299,49.3865770362475,Az_40to50,7.90043053095389e-05,9.23420141918942e-05,-0.000171385583452237,-1.33871468884247e-05,49,49.4509654840157,0.00317803787472824+5.59239362080137i,0.293687018826222+2.49370212741734e-05i,1062.3046875,0.739808626813877
1300,44.8187507377626,Az_40to50,8.51646230351819e-05,8.44478275632984e-05,-0.00016948569570184,6.90432265390123e-07,45,44.7578649994457,0.000741283225770573+3.99370190127196i,0.320441835033073-0.000211385854409155i,2182.03125,0.741844401181045
1301,46.3316034146076,Az_40to50,7.4809690270579e-05,7.86152296069628e-05,-0.000153323792647385,-3.66007693616956e-06,47,46.4208685519032,-0.0036770666456348+4.74711781223845i,0.316765481427212+0.000133109210018087i,783.80859375,0.73956602792208
1302,41.8325411156197,Az_40to50,7.36778368888007e-05,6.57142531702006e-05,-0.000139329031833024,8.03562076911278e-06,41,41.7301997919617,0.0027579008429703+3.42334170581828i,0.323115504356611-0.000179909934810302i,1768.59375,0.734455281790521
1303,41.2443738410424,Az_40to50,9.77820031366943e-05,8.61249530783877e-05,-0.000183903512490675,1.17518562665875e-05,42,41.3731255582189,0.00123685605019009+5.43488876754454i,0.295400887247744-0.000128630400359097i,2345.68359375,0.738746256207107
1304,47.0226600843139,Az_40to50,9.11394045374543e-05,9.81972448533171e-05,-0.000189321849277703,-7.03275281956669e-06,46,47.1348075805467,-0.0114571660103732+5.87367120750554i,0.287417687019554-0.000179099417519925i,2288.26171875,0.739255351507229
1305,49.4879429327322,Az_40to50,8.05552297601251e-05,9.46441070458856e-05,-0.000175297477370518,-1.43606487036918e-05,50,49.597619352767,0.00941947032071747+4.97536611154647i,0.313863656483558-2.59521702484799e-05i,542.63671875,0.739440643439273
1306,48.2522320480266,Az_40to50,8.4358108266653e-05,9.44422105412356e-05,-0.000178852608620193,-1.00471098692213e-05,48,48.2279867927929,-0.00587503549843204+5.87795868347048i,0.294770690881549-0.000234134404365182i,892.91015625,0.739307899767326
1307,44.6725434044965,Az_40to50,9.41394830887294e-05,9.33131398500968e-05,-0.000187452607034924,7.85543236908075e-07,45,44.7474259224863,-0.000332094296679653+4.53434752326723i,0.304239454620744-9.34181064326983e-05i,1498.7109375,0.740020021476075
1308,42.4917864385007,Az_40to50,9.94299315009702e-05,9.12746346935159e-05,-0.000190739395828917,8.14974458898248e-06,42,42.5512932342703,0.0183560144561717+4.47614970868572i,0.307614359244269-1.04130051999513e-05i,2457.65625,0.742813142523613
1309,40.8627020396092,Az_40to50,9.08032816290952e-05,7.8810676283376e-05,-0.000169657439893556,1.20812321848472e-05,41,40.9556155206073,-0.000311654452715909+3.68866065734332i,0.323173239120388+5.83287849854224e-05i,1096.7578125,0.739222505629759
1310,47.6886324405326,Az_40to50,8.78062778451391e-05,9.61248343754399e-05,-0.000183880883409634,-8.32617789409391e-06,48,47.5895217485139,0.0140130792145231+4.83385466997874i,0.307211910175167+0.000177727350786112i,1625.0390625,0.738739792617857
1311,45.7321820866979,Az_40to50,7.78087606130914e-05,7.95422538666053e-05,-0.00015738434911777,-1.6714391368525e-06,46,45.6311864571552,-0.0092365396946556+4.79274334288632i,0.309783292793089+7.70846358171301e-05i,2466.26953125,0.741339780173783
1312,41.5102215246,Az_40to50,7.28903496830658e-05,6.44972189667689e-05,-0.000137372381370467,8.45588270624446e-06,42,41.5040937577163,-0.00502653012804471+3.10734656970872i,0.326817076044394-7.04985278937083e-05i,700.546875,0.740755739247509
1313,45.3743900771343,Az_40to50,8.01622074064041e-05,8.15003217935291e-05,-0.00016162964148438,-1.0630975445666e-06,46,45.4742382569127,-0.00555354799784201+4.80566821908302i,0.303243958136747+0.000191170520242603i,427.79296875,0.741960198396177
1314,45.4487825955854,Az_40to50,8.63712632110552e-05,8.75827571503058e-05,-0.000173933300679078,-1.29578379255145e-06,46,45.399027094897,-0.008548189827062+4.11455813201073i,0.314407221144734+0.000183028029098985i,1662.36328125,0.739764598444143
1315,46.667558050017,Az_40to50,7.88845779485137e-05,8.33723692212626e-05,-0.000162190136781592,-4.35078617462963e-06,46,46.5843140506965,-0.00417683688501017+5.0297073254663i,0.303734303261055-0.000346407050820669i,2348.5546875,0.739777672414461
1316,47.2041964930998,Az_40to50,7.94574709288687e-05,8.65219881394972e-05,-0.000165953692234481,-6.79546094319803e-06,47,47.4371863009282,0.00311464495891427+4.86961823642963i,0.2992334764553+0.000218043024716742i,1429.8046875,0.739552021435821
1317,41.7065364197338,Az_40to50,9.13981267503696e-05,8.13713169468857e-05,-0.000172785506243843,1.00052617423011e-05,42,41.678520359091,0.0129269119931502+3.58621944872726i,0.310651053556759-6.22711111664294e-05i,1383.8671875,0.739406968468693
1318,48.2474402001208,Az_40to50,8.97834691975699e-05,0.000100834561728896,-0.00019060171875313,-1.11391579492661e-05,48,48.3180124074802,-0.00645583012199378+6.23220478055743i,0.289274168763104+3.08734135732926e-05i,1679.58984375,0.740275798096571
1319,41.6987415276893,Az_40to50,9.63773472733074e-05,8.62393969697227e-05,-0.000182443452490745,1.02106089524172e-05,42,41.8224921070591,-0.0103181748883084+4.94110232593575i,0.299761432108244-7.93889497473516e-05i,1880.56640625,0.741705988111555
1320,43.4945075324978,Az_40to50,7.92579871256197e-05,7.49251651127935e-05,-0.000154306825926237,4.22929599990761e-06,44,43.3903098821846,0.00615655387107389+3.60684262391291i,0.304090437757508-6.16181537144686e-05i,2265.29296875,0.741083048225603
1321,48.5296753941548,Az_40to50,7.59660249057619e-05,8.62912752175162e-05,-0.000161970566651357,-1.00913786580598e-05,47,48.6411099107298,0.0211765915548914+4.32035576586624i,0.318919170222642+0.000145626190298643i,2144.70703125,0.740798479429438
1322,46.9809430663733,Az_40to50,7.68587821141662e-05,8.30237038718528e-05,-0.000159945855426805,-5.99211086086611e-06,47,47.208178672172,0.00478962214918291+4.86945784049145i,0.312902974483735-4.51107628793258e-05i,1323.57421875,0.738333827585967
1323,44.3974521616031,Az_40to50,9.67653717787079e-05,9.47226569948171e-05,-0.000191515159652642,2.00816744281825e-06,44,44.3888155967532,0.000653708193869783+4.40912393540482i,0.319584466012322+8.27083224132303e-05i,493.828125,0.741000745501711
1324,48.6348078542355,Az_40to50,8.60806539822815e-05,9.78622865487565e-05,-0.000183916245891057,-1.19043602481636e-05,49,48.6648157276573,0.00752277368336267+5.70545031040467i,0.31142426753232+4.54440716613209e-05i,1326.4453125,0.739642158444272
1325,48.0981517407698,Az_40to50,8.8664253357598e-05,9.90794888483777e-05,-0.000187756643575104,-1.04635940741348e-05,48,48.1752748676598,0.00147569638660197+5.30742634043549i,0.302032270235991+3.64639875939038e-05i,1426.93359375,0.741309643555289
1326,42.8703533285624,Az_40to50,8.19913660430214e-05,7.607647580729e-05,-0.000158055296882918,5.79032944806544e-06,43,42.8569948538645,-0.000506154628342676+4.17078523473221i,0.313879128309857-6.55648444632211e-05i,1277.63671875,0.737672166582262
1327,40.4915177940052,Az_40to50,8.19215489099024e-05,6.98253931181069e-05,-0.000151844418582099,1.20554206386574e-05,42,40.4424365129841,0.00439057183645568+4.28708622132997i,0.313403667931501+0.000282385272939194i,419.1796875,0.740370596647549
1328,42.9495402720241,Az_40to50,7.93435897594497e-05,7.41213915176717e-05,-0.000153536721383816,5.06041153623189e-06,44,43.0510569439201,0.00247508777041925+3.99373557592956i,0.312128232564042+0.000279585389211985i,568.4765625,0.741727388911283
1329,45.1770197247632,Az_40to50,8.8367474679515e-05,8.9354228707708e-05,-0.000177677301333717,-7.80413393346905e-07,47,45.3181168039972,0.0320238422227669+4.23834863565712i,0.312278735283744+0.000132133118561498i,1300.60546875,0.739947795374757
1330,46.6778468670508,Az_40to50,8.75687741114515e-05,9.27779898458752e-05,-0.000180277022521394,-5.25061439609682e-06,48,46.6544966298391,-0.0193491222274522+6.0541382006228i,0.292694590921183-0.000175383714545493i,1211.6015625,0.740018914805951
1331,41.3703237132511,Az_40to50,7.45379991294905e-05,6.56965568512598e-05,-0.000140303953244096,8.92951216491364e-06,41,41.3924176413489,0.00340603780132641+3.66501725040509i,0.30785446091103+6.40369243125275e-05i,2371.5234375,0.741677350372233
1332,49.9263236185013,Az_40to50,8.2141225789657e-05,9.72599992906748e-05,-0.000179339422831691,-1.51788930389807e-05,51,49.8171349770106,-0.00664385326978638+4.34958586807363i,0.317485040205925+0.000119906813398572i,1254.66796875,0.742239674869837
1333,42.2964769104664,Az_40to50,9.55413442615728e-05,8.69389001325852e-05,-0.00018245504857574,8.62977438620926e-06,42,42.3009729896113,0.00307252892918669+5.65746755710223i,0.295699389890511+0.000185645195309004i,898.65234375,0.741011571552157
1334,49.1950330058576,Az_40to50,8.84291620431226e-05,0.000102171482874257,-0.000190506700462959,-1.38822906380143e-05,49,49.1238939783304,-0.00250591809255597+4.74525393467966i,0.317737573055176+0.000276258524686664i,1840.37109375,0.740726923619219
1335,46.3260156158157,Az_40to50,8.63400674879695e-05,9.03982934315176e-05,-0.000176722573272714,-4.0587914002964e-06,48,46.3153814818741,-0.00517883198506723+4.73768589678378i,0.318128369866688+0.000120703252500426i,2799.31640625,0.738058716926278
1336,40.805169120878,Az_40to50,9.55539964575132e-05,8.24336993921619e-05,-0.000178026620227553,1.32169916255161e-05,40,40.7840880106675,-0.00708178317839588+4.94229230971472i,0.297247518757482-5.29445066059608e-05i,413.4375,0.740982471638296
1337,42.8315486842479,Az_40to50,9.58217979776273e-05,8.90959359850578e-05,-0.000185030594192844,6.68966393863534e-06,41,42.9169455778707,-0.00843366134201438+4.98401513500657i,0.295824882187823-9.2377095655352e-05i,1323.57421875,0.738863694248868
1338,44.2495611321141,Az_40to50,7.34132159818063e-05,7.13701801819517e-05,-0.000144897918173977,1.99091901280521e-06,44,44.1915539814769,-0.00732468926994425+3.74093574308924i,0.30815042869376+3.99865804465867e-05i,1082.40234375,0.742487435581137
1339,46.3864077550742,Az_40to50,8.66876642298602e-05,9.04818619485409e-05,-0.000177312466545662,-3.57602502082218e-06,46,46.2268379088895,0.00391993136493793+5.92775090514171i,0.285541708645208-7.2485981726117e-05i,1840.37109375,0.742926066036071
1340,45.1796798887971,Az_40to50,9.45995380121119e-05,9.57312919969845e-05,-0.00019042620521577,-9.53839180919007e-07,46,45.3406907989464,0.00411419163082813+5.7253195102164i,0.292200904735343+7.60508178492679e-05i,1811.66015625,0.73739742921911
1341,43.554882122364,Az_40to50,9.81008019845994e-05,9.2931538783958e-05,-0.000191106941963065,5.11166672391089e-06,44,43.4499760306373,-0.00664245146533036+5.00847821934759i,0.298106141200973+0.000145439043355105i,358.88671875,0.740011329248779
1342,46.330387037554,Az_40to50,6.83144141675341e-05,7.13395324341963e-05,-0.000139630187083053,-3.01610660321273e-06,46,46.2409202283361,-0.0188486483556327+4.43609139654119i,0.306342924604684-9.20205114449841e-05i,970.4296875,0.741765458302824
1343,47.2454383740662,Az_40to50,9.07158669788643e-05,9.81475688221751e-05,-0.000188858842332379,-7.42840703119205e-06,47,47.2534037959137,0.00313792121325398+5.29977007628389i,0.299368565299158+4.6399017245599e-05i,1337.9296875,0.742793127220766
1344,49.2887292397984,Az_40to50,8.63241390736941e-05,0.000100160051525656,-0.000186393759064201,-1.39867309275812e-05,49,49.2431992844103,0.00315913350041774+6.43054440946431i,0.299374895831431-0.000132389184216788i,1963.828125,0.741395420674568
1345,43.4415029785557,Az_40to50,8.84479569829111e-05,8.33018104376336e-05,-0.000171718964440896,5.14954414748432e-06,45,43.2837572838817,-0.00580775398871133+5.15664939690629i,0.294576132393-0.000248988502790482i,1564.74609375,0.74061551717006
1346,40.0081086786768,Az_40to50,9.25247351191032e-05,7.72366423776081e-05,-0.000169624303951054,1.55169734446225e-05,41,39.8540318743781,-0.0130677529613092+3.53087370904559i,0.317383014319124-0.000174892987555547i,1691.07421875,0.738509679936751
1347,48.2690284243826,Az_40to50,8.32467694844985e-05,9.3059832644722e-05,-0.000176333091382924,-9.86835356897344e-06,48,48.1857433125156,0.00594695469063453+5.64250790520374i,0.304044440196543+0.000172626052431635i,2190.64453125,0.740588177164722
1348,40.5852935372443,Az_40to50,9.64894648114539e-05,8.34387398099759e-05,-0.000179585729192474,1.36529244339673e-05,38,40.851432668611,-0.026252178147611+4.19446944651087i,0.310561939566111-0.000210810134814394i,2497.8515625,0.739080935634396
1349,43.6142523728962,Az_40to50,7.34435991081404e-05,6.9980061098318e-05,-0.00014350242402983,3.36343197942229e-06,44,43.6166330775926,0.00107462337091884+3.09600740092488i,0.32358374964256-0.000208357425615507i,987.65625,0.7389943011055
1350,48.7996825737025,Az_40to50,6.70892789163642e-05,7.65825745938195e-05,-0.000143663357746146,-9.48365446815903e-06,49,48.7803941698878,0.00983382132347662+3.52187173035503i,0.311841644543825-1.03729388424545e-05i,534.0234375,0.741116465224201
1351,57.7981916721857,Az_50to60,6.45515702427986e-05,0.00010242321929631,-0.000167055422509999,-3.79566179260047e-05,58,57.7790850712369,0.0129683283016436+4.97522506286149i,0.31058248267969+0.000298653394274859i,1438.41796875,0.739316998765994
1352,56.7444819788457,Az_50to60,7.37556380139344e-05,0.000113275109794056,-0.000187181790611876,-3.95132917896475e-05,57,56.9310621979487,7.71499712919541e-05+6.14147226257614i,0.296439836270146-0.000140850846787999i,872.8125,0.738263231355575
1353,52.2752933716813,Az_50to60,7.04096071170782e-05,9.12686254667924e-05,-0.000161698521704925,-2.09597897266201e-05,53,52.3514420037761,-0.00268123960273099+5.38462423439874i,0.304998953688332-0.000800772687551984i,1751.3671875,0.740068907659282
1354,55.7602963351816,Az_50to60,6.77382067635582e-05,9.89263359008404e-05,-0.000166747068669346,-3.10798167137563e-05,57,55.5992386406668,-0.00380536278417252+5.33932716052056i,0.31375923726454+7.31375777283261e-05i,1168.53515625,0.738256505492913
1355,58.8755007527787,Az_50to60,5.88998897784346e-05,9.7463546431693e-05,-0.00015648527079948,-3.86013895246653e-05,59,58.8542821469925,0.0118788973786546+4.87747115096246i,0.313951319609528+2.57023524311596e-05i,1570.48828125,0.740274505459961
1356,56.7278196216037,Az_50to60,7.37377727365467e-05,0.000113558286692829,-0.00018733879381317,-3.96433539669125e-05,57,57.0027827032649,0.00916539832733528+6.81350923889758i,0.294954174673071+3.08445022849727e-05i,568.4765625,0.740284586786074
1357,53.9651704454227,Az_50to60,6.19047170240674e-05,8.59780477115409e-05,-0.000147848410834174,-2.39451650611069e-05,54,54.2458833544231,0.00320939855699786+4.44100252886241i,0.30930977498545-0.000471434922973367i,1814.53125,0.742847290208033
1358,50.7486109163955,Az_50to60,8.53341803084606e-05,0.000104853575291143,-0.000190108661159338,-1.94358195988255e-05,50,50.859876788351,0.00981379676186804+6.58724462170094i,0.288557071653323+0.000267225963846068i,1659.4921875,0.740991887599043
1359,59.8271416545081,Az_50to60,5.05074908607587e-05,8.70909566865293e-05,-0.000137546599200168,-3.63899277130667e-05,60,59.8888582929381,-0.0139135702311335+4.7395959531382i,0.318641640309408+0.000176194456338262i,1699.6875,0.743312594040804
1360,54.3163010302282,Az_50to60,6.75328496674209e-05,9.44198528302618e-05,-0.000161971350443356,-2.68863962974032e-05,55,54.4261361648809,-0.00431589324555873+4.18382753783539i,0.313409798156779-0.000175416692925159i,2205,0.73952981841431
1361,55.915845100154,Az_50to60,7.14201051419293e-05,0.000105943072268923,-0.000177213347334781,-3.44358579225776e-05,57,56.014647483579,-0.00484776224435486+4.79197360997729i,0.312451748310186+0.000180871301341419i,961.81640625,0.739869666810609
1362,59.2924521572969,Az_50to60,6.56300977562925e-05,0.000110724231542012,-0.000176421406140963,-4.50319732023025e-05,60,59.3433050225342,0.00806931376447955+6.71379599992425i,0.294173951487658-9.80267001849614e-05i,2138.96484375,0.740114893091268
1363,53.0279503696752,Az_50to60,6.8807108954612e-05,9.17108071388391e-05,-0.00016048299221094,-2.27030834662909e-05,53,53.1205060518909,0.00823877619821801+5.88639600366176i,0.2973348836233-0.000343430794873694i,2067.1875,0.737464256053978
1364,58.1017584094944,Az_50to60,7.12914602990217e-05,0.000114679940410689,-0.000185910682507718,-4.33442570141932e-05,58,58.1326061759624,-0.00928788188921923+5.63495461373567i,0.312241247663992+0.000187097475755824i,2394.4921875,0.738969276161066
1365,53.546490593855,Az_50to60,6.7340138814672e-05,9.08056820765874e-05,-0.00015804200860515,-2.34547118528785e-05,53,53.4399200450914,0.000819897749689082+4.26850621683811i,0.308014312420886+3.59996142851307e-05i,1972.44140625,0.739868516193496
1366,57.942455439634,Az_50to60,5.4545313859774e-05,8.68039606181294e-05,-0.000141375004551442,-3.20825807944929e-05,58,57.8558318456559,0.00532446181037305+5.58852704424528i,0.306842975479136+0.000225526568231616i,1556.1328125,0.739440040532262
1367,53.0576248119298,Az_50to60,6.84790130501934e-05,9.09732816951834e-05,-0.000159457647649663,-2.25015270619163e-05,53,53.0298469867341,0.00426240980216626+4.78264518967879i,0.309826282035382-2.20769891564011e-05i,1108.2421875,0.738377630696725
1368,51.0228378485757,Az_50to60,8.47451105861404e-05,0.000104714467349425,-0.000189346865450954,-2.00002916773938e-05,51,51.0168552863384,-0.0116840378325586+6.73115858388909i,0.295317466859232-0.000103373099234295i,1604.94140625,0.742162942671704
1369,58.57946978215,Az_50to60,5.27097596392215e-05,8.64088350677514e-05,-0.000139036919288261,-3.35797783724798e-05,58,58.6166300188632,0.00515738481054314+4.10721343829863i,0.32228581988087+0.000103954429762438i,1337.9296875,0.738073047981035
1370,53.7066844479801,Az_50to60,8.0114409432509e-05,0.00010929899608292,-0.000189185277568101,-2.91165967138296e-05,54,53.7591821935455,0.00195849832335065+6.41658769316181i,0.295794865257322-2.90149793719299e-05i,996.26953125,0.741396364628893
1371,55.6244057205908,Az_50to60,6.34310474098925e-05,9.2954840788974e-05,-0.000156161947351598,-2.94638925713126e-05,55,55.690934328469,-0.00865747403353407+4.79638550622291i,0.314688968644506-8.31330500250492e-05i,1966.69921875,0.738267917441486
1372,56.1856691136727,Az_50to60,7.51228868377414e-05,0.000111769244687986,-0.000186845230202924,-3.65796428330437e-05,56,56.0939715475948,0.0124334543996328+7.13195408717865i,0.289602649657248-0.000126604714620383i,849.84375,0.739187069990016
1373,50.6030826080504,Az_50to60,8.36001853322457e-05,0.000102296131067085,-0.000185729192801689,-1.86521413494856e-05,50,50.7430343205578,0.0084683829645609+5.09595979306511i,0.307638239906898-4.60395777652292e-05i,1016.3671875,0.739614270978713
1374,54.107415657781,Az_50to60,7.92138339482935e-05,0.000109158654659209,-0.000188287852617547,-2.98407964090111e-05,54,54.0325024772001,0.011595937117298+5.0600967050852i,0.306404379083245+0.000161535498988065i,1765.72265625,0.7396655411104
1375,52.4125923962252,Az_50to60,8.23551328270876e-05,0.000107059833259923,-0.000189359826659738,-2.46084311245362e-05,54,52.4309322372058,0.0221838895734107+4.89426150711321i,0.307068817773208+3.98191838983548e-05i,623.02734375,0.740990273059798
1376,57.5318150060687,Az_50to60,7.21658398497644e-05,0.000113866953783548,-0.000186011901443194,-4.15602360296974e-05,57,57.6345667574143,0.00803722874353599+5.55679817253366i,0.303998881620142+0.000273685431968458i,700.546875,0.741153694770587
1377,50.9072463086036,Az_50to60,7.40233383118151e-05,9.17594617008729e-05,-0.000165705117651425,-1.77521185179644e-05,51,51.1065104446454,0.00616943623129425+5.05756364905803i,0.310199773380923-0.000145988758507579i,1673.84765625,0.739356917579675
1378,52.838342452103,Az_50to60,6.722165934818e-05,8.88925734144683e-05,-0.000156222697225639,-2.16714412164049e-05,53,52.9029793175122,-0.0182061550659791+4.57029545240446i,0.313586699740035-5.81285479386339e-05i,1197.24609375,0.743355202338401
1379,58.7973022187711,Az_50to60,6.11762449298954e-05,0.000100927650269842,-0.00016204242042513,-3.99416227494113e-05,59,58.7782874500266,-0.00234827591110227+5.2863400977313i,0.304279149296149-5.58452022358675e-05i,2084.4140625,0.741715590882953
1380,53.3440574667841,Az_50to60,7.91537535910636e-05,0.000106476021460266,-0.000185530332101808,-2.71760251933869e-05,53,53.3730679058337,0.00888496104241136+6.67816557787186i,0.293263921639457+1.45131060866732e-05i,2311.23046875,0.737348003544338
1381,53.4534260530099,Az_50to60,7.65446772131072e-05,0.000103394156258822,-0.00017986788627632,-2.68091893662258e-05,53,53.4867438070644,-0.0181046530098404+5.4388122664018i,0.306193281773889-0.000138952336728774i,2273.90625,0.74119666633272
1382,55.6891924951216,Az_50to60,7.13295440407966e-05,0.000104436416970077,-0.000175797584314425,-3.29412393587275e-05,56,55.6671217315211,0.0103233455458079+4.77506598879184i,0.307157750850837+0.00016909145649495i,1553.26171875,0.741990659903095
1383,50.7907352253843,Az_50to60,7.39614559641128e-05,9.08037550638304e-05,-0.000164773207032071,-1.68575824246633e-05,50,50.8365022520559,-0.0110069764320498+4.21033913514922i,0.307207887181895-7.81241555041349e-05i,1782.94921875,0.738423037444205
1384,59.0951637131995,Az_50to60,5.94823329206136e-05,9.94600230272144e-05,-0.000158961155835626,-4.00197682738553e-05,59,59.1183532547958,-0.0155946285017484+5.23768748896992i,0.314272188272852-0.000127713518102686i,2658.6328125,0.737897018491592
1385,54.6018084264717,Az_50to60,7.03748812607822e-05,9.89410187186859e-05,-0.000169358201395103,-2.85312211072018e-05,55,54.576474854792,-0.0106019458318037+6.43983024874023i,0.299790924598044-0.000139691021892164i,2394.4921875,0.739091339445036
1386,53.8378350651836,Az_50to60,7.88583413041122e-05,0.000107999265571726,-0.000186766137577683,-2.90584041620339e-05,54,53.8640231242035,-0.0105675354272438+5.87163660907061i,0.303476982552989+0.000164049798117647i,2830.8984375,0.740808218161744
1387,53.386489754416,Az_50to60,7.6548261785554e-05,0.000102862012242442,-0.0001794177468155,-2.61898714128025e-05,53,53.3439677407905,0.000298091070164419+5.72549783114983i,0.305446582641611-0.000169100968625546i,1314.9609375,0.736448750763696
1388,53.1699799191918,Az_50to60,7.58260016115273e-05,0.00010125182309515,-0.000177276747361381,-2.52970995995638e-05,53,53.1709996066646,-0.00396221351579613+5.92495780774317i,0.310350933544156+0.00019459186674963i,1197.24609375,0.741588805206086
1389,57.7267365482603,Az_50to60,6.31632228497711e-05,0.000100255551570952,-0.000163342044402744,-3.72269004235719e-05,57,57.7881618499566,-0.0175984918183138+5.63325712260436i,0.295677245065322+6.31901347940104e-06i,1527.421875,0.742423995655781
1390,52.8498518811663,Az_50to60,7.93778460576502e-05,0.000104551358332775,-0.000183882341375674,-2.50911904712104e-05,52,52.7933784897227,-0.0007006225009616+6.48499379993729i,0.294313437142301-0.000121794396004391i,1814.53125,0.737028624727039
1391,53.337562385399,Az_50to60,7.35656029464052e-05,9.87701380983178e-05,-0.000172531988053445,-2.52629018791396e-05,52,53.3206606223689,-0.00581982283250365+6.0653190776808i,0.301311442928654-7.10694740646989e-05i,938.84765625,0.739408183492401
1392,52.3865394164858,Az_50to60,8.28578286047663e-05,0.000107549022074383,-0.000189927043103757,-2.48231024557776e-05,53,52.388654487073,0.00818414633416253+5.34398814944402i,0.312629815103128+0.000130321647525274i,806.77734375,0.73896515950707
1393,52.6123221363389,Az_50to60,6.11748208580119e-05,7.94961977636034e-05,-0.000140603391476635,-1.83687140148423e-05,53,52.4205877424436,-0.0155855460801771+3.71392663596411i,0.306591204671413+0.000140440431495389i,789.55078125,0.743367439660611
1394,53.3678985167519,Az_50to60,8.01049283177813e-05,0.000107802554897494,-0.00018794223656157,-2.76824473105267e-05,53,53.3850383206491,-0.0189925382730437+4.90436833148387i,0.311318262522289+2.97962113348683e-06i,602.9296875,0.737087761201995
1395,52.5371475563125,Az_50to60,6.43109287032376e-05,8.36708902059533e-05,-0.000147915369055117,-1.93447052462359e-05,53,52.4534820406994,-0.00506622025230144+5.48327248513472i,0.302205019267895-0.00010493722285948i,597.1875,0.741232485908006
1396,57.098376687647,Az_50to60,7.26340103985365e-05,0.000112908088219194,-0.000185580692174953,-4.02222437413606e-05,57,57.2467381350503,-0.0102440566156812+7.21266167757936i,0.287420944039872+1.15191320906524e-06i,1449.90234375,0.738818306716573
1397,50.1785483041926,Az_50to60,7.23415866352151e-05,8.70483451014469e-05,-0.000159332182763457,-1.45228918216198e-05,48,50.2717009298232,0.021420206852759+4.88231924322082i,0.313625492117239+0.000248200405498483i,1458.515625,0.738398669831025
1398,54.8428013010256,Az_50to60,7.20848633904196e-05,0.000102217467412367,-0.000174438898077064,-3.0066824606828e-05,55,54.8080956787621,-0.000381448222734772+5.97192367388311i,0.305700209316667-1.10790749278597e-05i,1682.4609375,0.739906697731661
1399,50.3362676640108,Az_50to60,8.37304175325886e-05,0.000101198655445806,-0.000184922014324653,-1.76257892472291e-05,51,50.3960981087558,0.00854434354660424+5.60953124141315i,0.29782099130307+0.000155839060054294i,1217.34375,0.740825102766402
1400,50.5007072383924,Az_50to60,7.52331396375316e-05,9.11598628127788e-05,-0.000166391162639318,-1.59740659706649e-05,50,50.4675520933392,-0.0192435052236213+5.41216649338414i,0.303335069640996+4.31901449686875e-05i,2586.85546875,0.738077051154328
1401,59.4368581304419,Az_50to60,5.96748244307498e-05,0.000101158743443725,-0.000160776670504431,-4.15718295614317e-05,59,59.4631069196142,0.00685824482695387+6.52208756181079i,0.296561221033958+0.000104746678313035i,901.5234375,0.7409686883244
1402,56.4102954304596,Az_50to60,7.33072705267563e-05,0.000110979251854581,-0.000184290487551563,-3.76365399328046e-05,57,56.5532701920501,0.00379339018045113+7.22999021162033i,0.279846154414415+0.000204971628552392i,1737.01171875,0.74085977404504
1403,56.6146624745832,Az_50to60,5.59305964914386e-05,8.45076892220203e-05,-0.000140276917086625,-2.8549658817371e-05,57,56.5018023198549,-0.0107553020852795+3.95662106152971i,0.32284636528839+0.00038366981095424i,2078.671875,0.741901898684552
1404,56.3633632740481,Az_50to60,6.4800164338568e-05,9.75580687832842e-05,-0.00016232052812128,-3.27800058319239e-05,56,56.4070336954749,0.00113780734134067+6.32342454512921i,0.3019088478685-9.63572405769299e-05i,1039.3359375,0.739063194699956
1405,51.091576368635,Az_50to60,7.2348683306895e-05,8.99516020158831e-05,-0.00016231046920577,-1.75588809856667e-05,51,51.1900439486959,0.029724265676207+4.30183115762647i,0.321630365069179-0.000276433886456259i,1478.61328125,0.739547413922753
1406,51.3448469666894,Az_50to60,7.34953119980133e-05,9.11793009529049e-05,-0.000164703003514261,-1.78474626758189e-05,51,51.1293590481252,0.0158052281738476+4.56791603578066i,0.319952706408498+0.000280310110615388i,2153.3203125,0.742807700332299
1407,52.7106350172719,Az_50to60,6.08743777020866e-05,8.082901390126e-05,-0.000141781272883267,-1.99661924959456e-05,53,53.0156705423242,0.000896867221962584+4.91862472039539i,0.300577179268871-0.000107053811728075i,600.05859375,0.740186393664791
1408,54.7687292628608,Az_50to60,7.70208317073259e-05,0.000109999880809394,-0.000186981414209727,-3.30207443691482e-05,55,55.0006689805141,-0.0167279562237483+5.41765674573328i,0.313993410563765-0.000266846189974344i,691.93359375,0.737709763299403
1409,57.0087557724892,Az_50to60,7.14230134565062e-05,0.000109571930787248,-0.000180968213085099,-3.82189317165404e-05,56,56.9022126813494,-0.0104933666341127+5.33569369665492i,0.305144194736516+0.000281567076187705i,2118.8671875,0.741236776004853
1410,54.1837034985875,Az_50to60,6.95759139965344e-05,9.66588228255698e-05,-0.000166351166775586,-2.6975280282896e-05,52,54.2533115163116,-0.00613298769351284+4.29516049655745i,0.316523873867561+0.000102328932256049i,869.94140625,0.74030930429711
1411,56.0204177863751,Az_50to60,6.21707483573349e-05,9.15175669050681e-05,-0.000153626779030396,-2.93917341238911e-05,57,55.8105049170878,-0.00885528118391994+4.81009095728001i,0.306938041317035-5.69119515561774e-05i,1625.0390625,0.739508366273271
1412,52.208867552603,Az_50to60,6.54737054663972e-05,8.37154653289817e-05,-0.000149109931025352,-1.80660267478539e-05,53,51.9711052369477,-0.0108924428208628+5.26061022544762i,0.301656132915476-0.000157032509596183i,973.30078125,0.739352755450351
1413,57.1886465975213,Az_50to60,6.27153459800656e-05,9.68443431904882e-05,-0.000159608103902997,-3.41300852207859e-05,57,57.0733441696563,0.00610103724874714+5.51856869093653i,0.302265254409968-5.55656884336786e-05i,2296.875,0.741941497327153
1414,59.7237177716333,Az_50to60,5.05358755345753e-05,8.66809662768753e-05,-0.000137219271424942,-3.60674304511287e-05,60,59.7573843605796,0.00458757511930119+4.66774827558368i,0.313055888717953+1.84934501430735e-05i,1352.28515625,0.744879314363197
1415,59.8146169939524,Az_50to60,6.6101534797254e-05,0.000113592024514326,-0.000179678453355804,-4.75663331047712e-05,59,59.8039947725034,-0.00171759751262585+7.16145040748267i,0.292983218168714-9.22453365285025e-05i,442.1484375,0.7414320563543
1416,52.5713528858514,Az_50to60,7.51674586457044e-05,9.85529734697906e-05,-0.000173765826055044,-2.34415884394306e-05,52,52.6668275986363,0.010996068364268+4.73288470104869i,0.313501091907121-8.97481959505819e-05i,554.12109375,0.74426456971749
1417,50.5280656130558,Az_50to60,7.15246100346272e-05,8.74200763936442e-05,-0.000159010708763299,-1.58101539088706e-05,51,50.7109492293172,0.00538337804397191+5.60738737336524i,0.302818362099673+1.33622696692447e-05i,2147.578125,0.74108524129353
1418,58.8356338139989,Az_50to60,6.97817629019902e-05,0.000115224015883156,-0.000185019352462152,-4.55400432480097e-05,59,58.8001388117935,-0.00296133974335198+7.39796669517753i,0.290355846791538-0.000163203747202429i,1277.63671875,0.74106152898299
1419,58.7520131107688,Az_50to60,6.19142189575248e-05,0.000102098576824249,-0.000163929701187823,-4.03191713789241e-05,60,58.7667036984673,0.0172641045133216+4.65997272872925i,0.311248836513896+0.000297510678634779i,2179.16015625,0.739310606066378
1420,57.1159442778214,Az_50to60,6.13707450166145e-05,9.43244358362605e-05,-0.000155760416087559,-3.30845887067256e-05,57,56.950577825703,-0.00519544795862066+4.63035913092818i,0.313220567320232-4.73513522450571e-05i,2078.671875,0.738690549538149
1421,57.2816075117465,Az_50to60,6.29259197303759e-05,9.76262689926276e-05,-0.000160583442889129,-3.48688740508177e-05,57,57.19581923349,0.012322968094963+6.35502155961169i,0.297383815383188-1.71228075079091e-05i,1303.4765625,0.742248955133821
1422,55.431068940721,Az_50to60,6.26371538254764e-05,9.09262403851149e-05,-0.000153427543237642,-2.83112940382548e-05,54,55.437869733881,0.00894567258205976+4.86836420602991i,0.312565422719437+0.000190815667831047i,1070.91796875,0.741797559706735
1423,51.9404649087313,Az_50to60,7.84432480213767e-05,9.98439611167762e-05,-0.000178386419512337,-2.13776724725009e-05,52,51.8447528070594,-0.00752018429289816+5.36396593294752i,0.300924723720468-0.000235412541030148i,542.63671875,0.740625509632388
1424,57.2380120127841,Az_50to60,6.73198780606043e-05,0.000104597368254036,-0.000171907257054533,-3.72826570086104e-05,57,57.2342754996712,-0.000698959469264176+5.75479035060354i,0.300890062566251-0.000111423520350594i,812.51953125,0.738812162309001
1425,51.2457568033082,Az_50to60,6.9066055445767e-05,8.60574939289661e-05,-0.000155167125298428,-1.69216171165435e-05,50,51.2509660279791,0.0210015200037182+4.94142359781678i,0.303984598096872+3.26903337781398e-05i,835.48828125,0.742189533838581
1426,52.2814911684107,Az_50to60,7.13331044643137e-05,9.23941848622005e-05,-0.000163804279006305,-2.11022166749986e-05,52,52.3299968436656,0.00306037411847821+4.76709644541387i,0.323529701220477-8.70149074647889e-06i,2345.68359375,0.738812920725034
1427,56.3192789023864,Az_50to60,5.89601127523263e-05,8.82939715740663e-05,-0.00014709743667612,-2.9330983011395e-05,57,56.2661683445429,-0.0119106424174771+4.76030800544181i,0.307502231052819-8.18601362684431e-05i,1714.04296875,0.740708477768141
1428,52.3135411202135,Az_50to60,6.97254825579701e-05,9.06470534613583e-05,-0.000160383485955457,-2.0947730424854e-05,52,52.4326072836299,-0.00901548509148506+5.01699182551171i,0.301481650267836+6.16908900797734e-05i,2141.8359375,0.736307134214947
1429,51.4002610014197,Az_50to60,8.21837613652318e-05,0.000102967371813672,-0.000184943996660494,-2.08103334280979e-05,51,51.4047623567468,-0.00526166379980223+5.16913810608862i,0.309181838008287-0.000226400685900746i,620.15625,0.737314487265415
1430,54.7480290935001,Az_50to60,7.2363633756855e-05,0.000102432964765394,-0.000174824006130449,-2.9870919035626e-05,55,54.7607553533862,0.0141350181666747+5.28046197180508i,0.307824177796767+0.000194034700794012i,2024.12109375,0.737970952511677
1431,50.1392442219148,Az_50to60,6.55624871651225e-05,7.90482140612035e-05,-0.000144531255446892,-1.34800566123961e-05,49,50.3277314172581,-0.00605245281332926+5.10986628309314i,0.299246782150647-4.51353979920768e-05i,930.234375,0.746631106449573
1432,52.6126586882587,Az_50to60,8.06471547766955e-05,0.000105441108667507,-0.000185983911451724,-2.47511789731489e-05,52,52.5892540800554,-0.0265807559920246+5.61651713727433i,0.312343112515645+4.33431084454622e-05i,1871.953125,0.739510988937301
1433,57.0549356955858,Az_50to60,6.96252381908799e-05,0.000106968253218181,-0.000176606753956325,-3.74272768248375e-05,57,56.9400466225149,0.0130773757070257+6.75581301691332i,0.298489579074568+0.000227943302809442i,1346.54296875,0.740249558056667
1434,58.1297464741009,Az_50to60,6.81216283725775e-05,0.00010933438747476,-0.000177431722338549,-4.12195746478225e-05,59,58.0747136191856,-0.00142636862496679+6.05810544085047i,0.309170007153399+0.000182758758135908i,1065.17578125,0.739205137751168
1435,53.6416471845362,Az_50to60,5.77883743394175e-05,7.87304426031592e-05,-0.000136668229940706,-2.0982787932631e-05,53,53.7212224218792,0.00496126656686245+4.70448136020048i,0.318747357306799+0.000133657499049041i,2618.4375,0.737600236402783
1436,58.2166808041059,Az_50to60,6.19650043614653e-05,0.000100762302902119,-0.000162571652050178,-3.89821702613961e-05,57,58.4100570352694,-0.00912232688228297+5.02312929434609i,0.31737736335929+8.40447410210138e-05i,2273.90625,0.740067573709934
1437,56.5249853971325,Az_50to60,6.71135958547185e-05,0.000101504224656727,-0.0001686574946823,-3.44610558722001e-05,57,56.527714187528,0.0125279479248312+5.16834749469181i,0.310435140523594+0.000177477864980635i,2156.19140625,0.739093347138303
1438,59.0421847251326,Az_50to60,6.49012567796731e-05,0.00010800606825067,-0.000172766278170358,-4.3148955020331e-05,60,58.998182255578,-0.00196543398973281+5.91992220900093i,0.31005855449492-3.16028408437266e-05i,479.47265625,0.73513346689596
1439,52.9188682339066,Az_50to60,6.81561533480199e-05,9.03695932920701e-05,-0.000158607590965461,-2.22630843808621e-05,53,52.9766415516157,0.00474236680576049+5.5604879084238i,0.297817068278767+0.000217284617009306i,2210.7421875,0.738056423098657
1440,53.2564896927782,Az_50to60,5.97117217403683e-05,8.01135916759372e-05,-0.000139667998029147,-2.04502271243463e-05,56,53.3014294550801,-0.00707204695676888+3.83679744751246i,0.318367006239625-0.00017729302864923i,1536.03515625,0.742726278063131
1441,50.6558792611925,Az_50to60,6.26540787934631e-05,7.62118962235818e-05,-0.000139060113182184,-1.36954320685959e-05,52,50.5762511038242,0.0383419372600983+4.15535770487157i,0.308778896379924-0.000251345978189794i,1739.8828125,0.741803884949294
1442,59.138869758258,Az_50to60,6.83684778313074e-05,0.000114409231199064,-0.000182767567440771,-4.60348894831938e-05,59,59.1383754262173,0.00432725887568266+6.66660128849462i,0.293729311869196+2.86481688462556e-05i,2428.9453125,0.741678430912441
1443,53.1396308931771,Az_50to60,7.17379523652604e-05,9.64593577881216e-05,-0.00016813627641695,-2.45555351008573e-05,52,53.3613869870845,0.0182771521880209+4.33660974933988i,0.301832517356606-2.37288125202731e-05i,1461.38671875,0.743344539908656
1444,51.995717584499,Az_50to60,7.64267237897306e-05,9.74965749982341e-05,-0.00017408836066723,-2.11242218632837e-05,52,51.9074088231429,-0.00630944955913344+4.83710584982366i,0.312772243672604-4.31283804360706e-05i,869.94140625,0.739306580300458
1445,56.0640897288775,Az_50to60,7.49330073939844e-05,0.000111931193236922,-0.000186788073880617,-3.70170279744746e-05,55,56.1994328419961,0.00757819595879151+7.1490667449862i,0.289960054377299+5.38230951749544e-05i,579.9609375,0.739121470909821
1446,68.0393580710217,Az_60to70,5.09359989419406e-05,0.000124078511910154,-0.000175009381867549,-7.3099496352696e-05,69,67.6811505571985,-0.0244942596939346+6.15026197012319i,0.303190404537326-0.000694906127693053i,1139.82421875,0.737842983154
1447,60.1811110209966,Az_60to70,6.70261380396389e-05,0.000117189212049407,-0.000184297482424659,-5.01977281912389e-05,60,60.2326875059075,0.0214364014614078+6.63951890791791i,0.302098283387674+0.00010104010268901i,490.95703125,0.740821413655505
1448,65.2819014814127,Az_60to70,4.77011382115546e-05,0.000103227614375951,-0.000150961373083193,-5.55211956548882e-05,65,65.1984979474239,-0.00329623009092916+6.30398065413463i,0.304684308913491-0.000111929265617268i,737.87109375,0.741443225210102
1449,60.420908493915,Az_60to70,5.35049316292631e-05,9.43536559162883e-05,-0.000147840946733622,-4.07930926437261e-05,61,60.4438185211875,0.00890424496872024+5.15600449620532i,0.312103645531823-4.96976321354443e-05i,536.89453125,0.740171541108677
1450,64.8081974981461,Az_60to70,5.77026174980443e-05,0.000122135235921134,-0.00017986815606794,-6.4556594100767e-05,65,64.711674594845,0.00291968421199722+6.5435132678928i,0.304918777856651+5.15144248592683e-05i,1533.1640625,0.738882704134413
1451,60.104748988149,Az_60to70,5.23182397559705e-05,8.99098458919369e-05,-0.000142249338102324,-3.75708331109011e-05,60,59.8050175030312,0.019581131209032+4.90557098717849i,0.311062537367888+0.00018173444488042i,2388.75,0.740821152781218
1452,62.9002262491466,Az_60to70,6.15997556448166e-05,0.000120170197538478,-0.000181740613766344,-5.87172790890448e-05,63,62.860129379111,-0.00965639779169647+7.04830161855655i,0.296894632688339-8.84265659492345e-05i,2265.29296875,0.738571247215268
1453,65.2598905359068,Az_60to70,5.13735078220621e-05,0.000112416127421762,-0.000163713283994734,-6.10030158110414e-05,65,65.4398785956677,-0.0114900029535933+7.32854778406366i,0.294328418303681-0.000132077269051598i,1007.75390625,0.735936476904661
1454,64.1990562811642,Az_60to70,5.54211709537526e-05,0.000114808628225225,-0.000170222372854207,-5.92185753523883e-05,65,64.2321634403863,-0.00800914864891751+5.52319108916037i,0.298614989446859-0.000144198444345836i,2035.60546875,0.743746596801897
1455,60.7853896248622,Az_60to70,6.56833516671106e-05,0.000117763616340141,-0.000183453129690006,-5.20953547594334e-05,61,60.8491490995176,-0.0232586793551552+6.93939291743062i,0.293074938934404+0.000171452557033146i,1320.703125,0.741050009746393
1456,68.5593184925414,Az_60to70,4.89742689635453e-05,0.000124668513318526,-0.000173883255936268,-7.58500281862659e-05,69,68.5533175443186,0.00272097955122333+6.21122606840648i,0.298879514993705+3.79014174461192e-05i,508.18359375,0.742943832368026
1457,61.067346126222,Az_60to70,6.29845958742199e-05,0.000113542907000089,-0.000176634527866,-5.04636690115595e-05,61,60.9819629426956,-0.0158254484630249+6.0666830231567i,0.300361717507627+0.000138890532477853i,1415.44921875,0.736806572625725
1458,67.5363939344389,Az_60to70,4.88002114954601e-05,0.000117904064601652,-0.000166698721627755,-6.91641145680354e-05,68,67.5154529857188,0.00253464320705337+5.59867410360503i,0.313202922754955+0.000204574230185009i,1880.56640625,0.743125220843971
1459,64.0245378948074,Az_60to70,4.9552904631986e-05,0.000101316177034382,-0.00015101733175539,-5.15276969406727e-05,64,63.9371252869769,-0.00923409439805757+6.11859420057704i,0.318083207074662-6.09273841464635e-05i,2526.5625,0.738210470259706
1460,61.7487238236743,Az_60to70,4.79608986306791e-05,8.9131624559051e-05,-0.000137114135702973,-4.11335677324446e-05,63,61.7157182638223,0.0105544542140503+5.2070377638403i,0.324371624862544+4.0668287776241e-05i,1228.828125,0.740749997631683
1461,65.2934043353028,Az_60to70,4.85591394552393e-05,0.000105435357490954,-0.000154044073896371,-5.68088176980044e-05,65,65.2711690389618,0.00362360240400827+5.81042396611373i,0.31231253410116+0.000102254054313355i,1007.75390625,0.73907369995876
1462,64.2979126268154,Az_60to70,5.34356823081047e-05,0.00011188800660321,-0.000165201561045137,-5.82923608565384e-05,65,64.4717053759486,-0.000808719363718543+6.82753241801843i,0.303220822915796-0.000303079472747877i,996.26953125,0.7402526684414
1463,65.9284007541539,Az_60to70,4.86823166988291e-05,0.000108378673684698,-0.000157008692443148,-5.98131323413543e-05,66,65.8109924786938,-0.0037934920004441+5.45914688050742i,0.316528899858556-0.000144622396621724i,1639.39453125,0.7359861987064
1464,65.611136728478,Az_60to70,5.57810622171873e-05,0.000123210372451953,-0.000179005755888724,-6.74913440323068e-05,66,65.642299061427,-0.00662800540659773+6.45016703147229i,0.299281282990806+1.63962976028574e-05i,2552.40234375,0.739425513280562
1465,67.8320025020949,Az_60to70,3.93827280994886e-05,9.58381649455173e-05,-0.000135273162193836,-5.6435210257732e-05,67,67.6607939309697,0.0116230300783601+4.56142005270914i,0.316038360973238-0.000194459090282753i,1314.9609375,0.743860050774128
1466,67.8048283851634,Az_60to70,3.69450304950443e-05,9.05730990595145e-05,-0.000127449985746002,-5.35902231476001e-05,68,67.8093097135884,-0.00381897094343058+5.81322764219987i,0.316869860100526+4.1841589997333e-05i,1814.53125,0.738840800395452
1467,67.0451631596638,Az_60to70,4.52601848073447e-05,0.000106862764433918,-0.000152162912745754,-6.16907841378655e-05,67,67.0456129412843,-0.0120774466602945+6.46777105233649i,0.308438511008578+0.000162346512993319i,752.2265625,0.742318413258117
1468,65.015458444189,Az_60to70,4.93470007010901e-05,0.000105741884148027,-0.000155099336717419,-5.61978604853225e-05,64,64.9827558613566,0.0173452508198578+6.38068620972875i,0.30404791827039+0.000212502750868065i,2457.65625,0.743152466837835
1469,61.1156084684665,Az_60to70,5.85767174908658e-05,0.000105864443041814,-0.000164499071406189,-4.72030478541448e-05,61,61.0434485433978,-0.00731061436870907+6.49557452790492i,0.297742218914812-2.81531922324101e-05i,809.6484375,0.738943309346181
1470,62.9559941164287,Az_60to70,4.68857788512159e-05,9.13603398234351e-05,-0.000138206946302123,-4.45382088077269e-05,62,62.83327790038,0.0144130268939579+5.67634741444025i,0.311536607773291-1.17021184354634e-05i,1610.68359375,0.741352310170782
1471,65.4018540561911,Az_60to70,5.61991882934751e-05,0.000122296578580602,-0.000178589171546602,-6.63124049274492e-05,66,65.3197063028215,-0.00880831084558134+5.9824507623819i,0.310152376374349+0.000165185414170148i,1538.90625,0.739268315784125
1472,61.3027133215742,Az_60to70,6.53065673412976e-05,0.00011859298703491,-0.000183776947473694,-5.31912564126216e-05,63,61.1593833671452,-0.0201490873891287+6.96002966955468i,0.293927914589358+2.38834024743392e-05i,433.53515625,0.738405369563442
1473,69.7043845862065,Az_60to70,4.6859087637524e-05,0.000124716553287982,-0.000173397859660927,-7.96353737138522e-05,69,69.4075611644508,0.00377685097083226+6.05361943706189i,0.303259199801091-0.000119789248926725i,2543.7890625,0.739988714955847
1474,64.1155459389228,Az_60to70,5.77637622437996e-05,0.000119131282711677,-0.000177003327992605,-6.15974596686274e-05,65,64.1324203585918,0.00771427751955731+5.75319109745371i,0.314359141450364+5.93762524558339e-05i,2466.26953125,0.740319894224308
1475,65.2982604888624,Az_60to70,4.90030998256234e-05,0.000107489749450763,-0.000156600845269137,-5.84576863744635e-05,67,65.4924094485406,0.0138502369906553+5.59829281846321i,0.315880523331211+0.000135430732011181i,1346.54296875,0.737458992349277
1476,60.8407769944576,Az_60to70,6.13567212319707e-05,0.000110215174111104,-0.000171682365007891,-4.8902495083242e-05,61,60.8953397359006,-0.0132763436114131+6.35098149722818i,0.301289770406552+4.00565039774918e-06i,1656.62109375,0.741976360174777
1477,68.5576428377287,Az_60to70,4.19249048180746e-05,0.000107125087104977,-0.00014895538933415,-6.52370136531859e-05,69,68.6264127807162,0.000873726780781005+5.39849250605265i,0.313934854605534-0.000184240260309568i,763.7109375,0.740907358328518
1478,66.2686395926594,Az_60to70,4.55937502282666e-05,0.000103407432997906,-0.000149063119511743,-5.77172766730839e-05,66,66.2066621017153,0.00126770914741888+6.23183175452585i,0.304046800411527-4.427575152538e-06i,1231.69921875,0.741783715599846
1479,67.8757009770807,Az_60to70,4.22178830271199e-05,0.000103318725070625,-0.000145399794053867,-6.10755488290137e-05,68,67.7741950624921,0.0122304335641372+6.65516353106249i,0.297022415445999-3.12190241385825e-05i,1335.05859375,0.741660692947962
1480,69.0355929178139,Az_60to70,4.4876932873489e-05,0.000117165117339544,-0.000162016877487387,-7.21739790636059e-05,69,69.0420117294657,-0.0175184689074713+7.39632506794246i,0.288193461036423-0.000318780239468065i,2133.22265625,0.739897753142159
1481,63.3736958510369,Az_60to70,5.21032565302268e-05,0.000103736918395162,-0.000155842687738085,-5.15628696813778e-05,63,63.331296521762,0.00205298406269241+4.91535971039022i,0.319837253677376-0.00022275002900593i,689.0625,0.740547355152138
1482,67.5594899770322,Az_60to70,5.1749305278234e-05,0.000123826928081463,-0.000175642068286423,-7.22571049417961e-05,69,67.3191495608457,-0.00431409630844434+8.08150500230036i,0.292932682185686+0.000137680598798842i,1409.70703125,0.737794075586947
1483,60.0425085904553,Az_60to70,6.07719309450491e-05,0.000105520543815721,-0.000166186244693518,-4.47231597987926e-05,60,60.0612794406119,0.00920296599046509+5.37503068623968i,0.311378507169111+4.18347678176143e-05i,2138.96484375,0.740273232096103
1484,65.1869325941142,Az_60to70,4.94860670640079e-05,0.000107883209442645,-0.00015744694143459,-5.84098835582908e-05,65,65.3590591992032,-0.0119444285978567+5.08326842645607i,0.305133824231146-0.000217193844680819i,2187.7734375,0.738369177809919
1485,60.6879563351482,Az_60to70,6.17050104988115e-05,0.000110468105360734,-0.000171961127526141,-4.87936820698699e-05,60,60.8132521066088,0.00347084018253896+6.18040689149737i,0.305517933435876+9.7557878903122e-05i,703.41796875,0.742145112378821
1486,60.4730157903013,Az_60to70,6.59266034407794e-05,0.000116640785277254,-0.000182573167618793,-5.07620811203502e-05,60,60.5244076818322,0.0139774832204178+6.24168936355283i,0.29333792370006+7.99269836685036e-05i,1248.92578125,0.742747262131507
1487,68.3685796907577,Az_60to70,4.13504359359766e-05,0.000104151783823388,-0.000145386030420603,-6.29621940641291e-05,69,68.3458874643224,0.00871231605848896+4.9688722599075i,0.328515728360417+1.82611345982478e-05i,981.9140625,0.736514243168656
1488,67.4307115695187,Az_60to70,3.72439598552335e-05,8.86346768882784e-05,-0.000125886195848259,-5.12939959501784e-05,67,67.2080361603841,0.0483329415263817+4.61412593824296i,0.319936832922057+0.000197093946092332i,803.90625,0.738623615763733
1489,60.3243997423405,Az_60to70,6.22188450843359e-05,0.000108670401914966,-0.000170791407858769,-4.65392771046967e-05,60,60.2068613941557,3.33489974432716e-05+5.88875219015352i,0.300333051850218+1.84702540305965e-05i,2041.34765625,0.739765702202784
1490,61.4105285984636,Az_60to70,6.43022547323529e-05,0.000117954769280433,-0.000182239941561454,-5.35709870587369e-05,61,61.403285118857,0.0045509859879607+7.22449745952414i,0.300566015366338+0.000240279235823124i,841.23046875,0.740134577457674
1491,69.8456288941231,Az_60to70,4.59000121224689e-05,0.000124716553287982,-0.000170847746315693,-7.90765769581998e-05,69,69.7946367132458,-0.00381622844147846+7.35338140402643i,0.299315622358003+0.000132956844480839i,625.8984375,0.739280382564262
1492,65.5676765594999,Az_60to70,4.66581558459389e-05,0.000103155054945627,-0.000149818395057798,-5.63654553549676e-05,67,65.6622419510252,-0.000684381319058693+6.17401418032113i,0.305979924896498+0.000186389636705541i,1547.51953125,0.740164500377852
1493,61.5098332619218,Az_60to70,5.1428910027329e-05,9.4968560155513e-05,-0.000146451855496193,-4.36350423501015e-05,62,61.5628526402619,-0.00148465385647229+4.41891191446165i,0.316760572950671+2.70779763625398e-05i,1260.41015625,0.736573340129939
1494,66.0405118770062,Az_60to70,4.53124416320719e-05,0.000101472414656254,-0.000146739400321144,-5.63460786392934e-05,66,65.9368802960507,-0.00403781182378671+6.62398159237805i,0.295954952267615+4.76317192532015e-05i,829.74609375,0.74021470285534
1495,60.3046165136848,Az_60to70,6.17044864512873e-05,0.000108266668648127,-0.0001698838142972,-4.65500990150733e-05,60,60.3198615265862,0.0117639866519426+6.32850247490962i,0.3054329192598-0.000102238823978853i,1329.31640625,0.739815236936624
1496,63.1673211731417,Az_60to70,5.11666601320387e-05,0.000102184144075795,-0.000153474252497725,-5.0951884610266e-05,64,63.4015006974155,0.00376735115286114+6.37390325935418i,0.310155453038428-6.3582991937006e-05i,1857.59765625,0.735728801927574
1497,60.8642898726761,Az_60to70,5.9901844048705e-05,0.000107109045493182,-0.000166849675049051,-4.7202605809762e-05,61,60.7834447004597,0.00146019833532521+5.66143523982264i,0.315862478249925-1.16361373556102e-05i,2371.5234375,0.741522782860988
1498,60.9911494691778,Az_60to70,6.57375420438339e-05,0.000118296351948804,-0.000183921911139519,-5.24640718442366e-05,62,60.9389761869782,-0.00777523505681642+7.19173971904865i,0.290034136032381-0.000178458459876966i,1073.7890625,0.741923517520295
1499,66.1311976882345,Az_60to70,5.20025184584489e-05,0.000117470954771925,-0.000169603478353918,-6.56225779363693e-05,65,66.1217917961659,0.0113092360526874+6.18919170891632i,0.306528334045139+0.000110276936690926i,2836.640625,0.737597460351382
1500,61.8640268526557,Az_60to70,5.12374229034835e-05,9.55302083183598e-05,-0.000146918352542829,-4.42789110144391e-05,61,61.7932110476229,0.0108587843305344+5.67568341596595i,0.310197625230036-9.03613190106033e-05i,2385.87890625,0.738112608494572
1501,63.585860405452,Az_60to70,5.35491710717862e-05,0.00010787206068257,-0.000161519496005068,-5.41879573592518e-05,64,63.5995674230811,0.00169299526971325+5.71417736870154i,0.310365939229078+0.000128685384562158i,2457.65625,0.740985896412845
1502,61.2343237656104,Az_60to70,6.40832379605509e-05,0.000116043960334188,-0.000179969323982891,-5.19059544219374e-05,62,61.0910963837259,-0.00728139272474388+6.2003935785554i,0.312370882818913+0.000108672342571947i,1007.75390625,0.740213707783007
1503,69.3830701433486,Az_60to70,3.83880131302724e-05,0.000102335999689647,-0.000140624437028125,-6.39932051950048e-05,70,69.4380582717456,-0.00911171236275863+5.74048580380803i,0.301670103594336+2.17167820908137e-06i,1033.59375,0.738220556329087
1504,69.9433960647056,Az_60to70,3.97387624580925e-05,0.000108249902160277,-0.000147833367860945,-6.85531177275444e-05,70,69.8417096948394,0.00151948663749976+5.36203150039769i,0.303715154061045-0.000375184079119531i,565.60546875,0.740900205584485
1505,60.6000572636288,Az_60to70,6.12074800598589e-05,0.000108240397727824,-0.000169344194733794,-4.7048197139886e-05,60,60.5128292863151,-0.010711758140227+6.90934143056861i,0.293996634485551-0.000115866746078641i,1340.80078125,0.738846029889085
1506,61.3890398266862,Az_60to70,6.49359058061561e-05,0.000119002974541052,-0.00018389693857641,-5.40343366054876e-05,60,61.380193128933,0.0155144487981268+5.20178270805569i,0.310623510505258-0.000129646545671982i,1303.4765625,0.743628578793886
1507,63.9597729537721,Az_60to70,5.4108387442535e-05,0.000111242155863047,-0.000165304511856285,-5.70842872643667e-05,64,64.0616271465948,-0.00280468374618016+6.2334579689027i,0.309521514466394+4.84612368298106e-05i,2334.19921875,0.740945600998005
1508,63.8869620266945,Az_60to70,5.08960679929263e-05,0.000103929232938934,-0.000154825554202381,-5.28486701858581e-05,63,63.908153484958,0.0187686020878944+5.88862101043889i,0.313760291816027-2.74755501550265e-05i,1716.9140625,0.73869720021039
1509,66.6293763390547,Az_60to70,5.36981318473112e-05,0.00012384131860172,-0.000177614909081671,-7.01183474990503e-05,67,66.5582362535794,0.0015940409271599+6.09234898193641i,0.299281639401821+7.75673946598852e-05i,2001.15234375,0.742804907019401
1510,61.5736462865534,Az_60to70,6.29399280138619e-05,0.000115660033864253,-0.000178683348022832,-5.27653352405579e-05,61,61.4458323198918,-0.000846908086070536+6.7408585636153i,0.298279937291777-0.000172890583159484i,2314.1015625,0.739968197150017
1511,65.531452464956,Az_60to70,5.31092773707493e-05,0.000116145344669534,-0.000169389841062434,-6.30229666694488e-05,66,65.4270092237802,-0.0194832751411098+6.72597146151213i,0.310129695028877-0.000169048294127325i,2420.33203125,0.73862113943628
1512,63.4237778608084,Az_60to70,5.7054034188524e-05,0.000113500215489703,-0.000170483118970394,-5.63855454051139e-05,62,63.3123408159392,-0.00150705530416852+5.18393613107537i,0.306283770498382+8.26443131062646e-05i,1180.01953125,0.742010460506759
1513,60.1443038797148,Az_60to70,5.99391997327216e-05,0.000104650905785708,-0.000164407142048248,-4.47039856512194e-05,60,60.197913581755,0.000808520054710882+6.3641116407331i,0.296971921799578+0.000110694581497787i,1197.24609375,0.740566245228588
1514,67.1367613840943,Az_60to70,4.94709766258731e-05,0.000117436523925201,-0.000167023698748818,-6.79231447591234e-05,67,67.156392588681,0.0043373789688628+6.5085681189342i,0.303877220356887+4.37441673772597e-05i,2446.171875,0.742089861324129
1515,60.4048108579787,Az_60to70,6.47142679949582e-05,0.00011339703727281,-0.000178195209054395,-4.87851030038995e-05,60,60.2871388440972,0.018049533504504+6.43946503688479i,0.296569010788987+0.000109501510460222i,1180.01953125,0.739407375752204
1516,66.0213981166144,Az_60to70,5.43656719627296e-05,0.000122847125279391,-0.000177286819076645,-6.8350257143306e-05,65,66.1283403863648,-0.00193752472950574+5.86914980579502i,0.313038118376709+1.03008338037981e-05i,1418.3203125,0.738114740763869
1517,68.3376237901701,Az_60to70,4.00232474328609e-05,0.000100126142373371,-0.000140094250858448,-6.01933379421014e-05,68,68.2120144125952,0.0127998977126637+6.0795302725106i,0.306824973527233-0.000165109206274501i,1297.734375,0.734841956585961
1518,62.7624509844407,Az_60to70,5.24509192748459e-05,0.000102731486944245,-0.000155258877551293,-5.01412798990717e-05,63,62.9528148423879,0.00821626693260412+6.05418418629132i,0.299627932939842+0.000164955827025772i,1871.953125,0.74135294135887
1519,64.553592904675,Az_60to70,5.76843403468512e-05,0.000121345463985255,-0.000178987717132046,-6.36812972876411e-05,65,64.5748538386184,-0.0225747126670741+5.6044132571772i,0.304647448350607-1.13157493776255e-05i,2004.0234375,0.735385294218861
1520,64.290546977618,Az_60to70,5.23417957425725e-05,0.000108503476956933,-0.000160776405973252,-5.62543501160406e-05,64,64.2474591638318,0.0022498307302211+5.78323923980954i,0.31463847014767+0.00018472830455744i,1992.5390625,0.739000214370514
1521,65.6205212021956,Az_60to70,4.72427071788528e-05,0.000104130459856884,-0.00015137722112571,-5.68314155189018e-05,66,65.5967894856684,-0.00348001643886198+6.1983044566675i,0.297099878788379-0.000154012718504203i,2049.9609375,0.739365914621099
1522,69.5315011013715,Az_60to70,4.40914967741613e-05,0.000118374648901065,-0.000162422582831277,-7.42355014453339e-05,70,69.5709382892793,-0.0017202194783672+6.91791190819341i,0.298802343646696+9.98666622385389e-05i,1289.12109375,0.741060855163341
1523,62.6375278956727,Az_60to70,4.99115954438445e-05,9.67534023612568e-05,-0.000146856606853575,-4.67515275784332e-05,64,62.7124208507058,-0.000175871628593517+5.02214755605286i,0.312995811186174+0.000523148325957753i,2503.59375,0.742020129590185
1524,62.102369764267,Az_60to70,4.61223742959055e-05,8.69028427724073e-05,-0.000133029377654387,-4.08306867766078e-05,62,62.043546157371,0.00719817855213048+5.30365781114641i,0.303107656466736+0.000181682406588696i,1676.71875,0.742519682727822
1525,63.1109806016216,Az_60to70,5.10153703597217e-05,0.000101020512813526,-0.000152130828877907,-4.99790699860374e-05,62,63.2062192243398,-0.0145786670354137+4.46170958197073i,0.308995785408963-8.81489907786255e-05i,1851.85546875,0.739519899715333
1526,62.0114417237436,Az_60to70,6.1868035521873e-05,0.000116484718496176,-0.000178372007442593,-5.46438550159907e-05,62,62.0260771733837,0.00978352339252326+6.96911715934385i,0.292736686358143-4.51452156080088e-05i,2113.125,0.742515870532527
1527,61.6993481485746,Az_60to70,6.40803816695926e-05,0.000118614580554396,-0.000182651638341385,-5.45732477771774e-05,61,61.6202930927036,0.00730174865749095+6.75212321566386i,0.302247477594647+0.000133338290966123i,1510.1953125,0.743523112202521
1528,60.959318938751,Az_60to70,6.52364496896744e-05,0.000117325070366231,-0.000182634633548147,-5.20803960394501e-05,62,60.924556484166,0.010990450665157+7.38654475094089i,0.298258951723339+0.000218054606394121i,1036.46484375,0.738293314796767
1529,67.9059710509197,Az_60to70,4.46443526176015e-05,0.000109636537816957,-0.00015425762816327,-6.49590140696884e-05,67,67.8436879498314,-0.000659337606597312+5.78574990272583i,0.311664770863102-0.000131512341698167i,2383.0078125,0.738337495416396
1530,67.9309413946389,Az_60to70,4.4665460424641e-05,0.000111130550912762,-0.000155745309247403,-6.63944100555986e-05,68,68.1038769203323,0.00624754265952438+7.01904196460737i,0.298369200746947+0.000157410068977841i,1935.1171875,0.74165439684245
1531,65.5476450187917,Az_60to70,4.23927357965444e-05,9.29569533993127e-05,-0.000135365928746952,-5.0477906017605e-05,67,65.48478689702,-0.00167109344503554+5.35327567214098i,0.311707218364515-0.000152261598154747i,812.51953125,0.740349176414798
1532,65.9543142912261,Az_60to70,5.1177575011935e-05,0.000115007357924568,-0.000166113152207503,-6.38688353076039e-05,66,66.0112267765091,0.0172015751539805+6.54359864824299i,0.29761065097958-0.000148703759138998i,591.4453125,0.740595098479984
1533,60.0616649546791,Az_60to70,6.69320963267671e-05,0.000116870684095858,-0.000183821316258965,-4.98853441198663e-05,60,60.2001386404496,0.000527679469803992+6.57023120435314i,0.303472785136999-0.000198393028352282i,1837.5,0.740503350995274
1534,68.1237752123253,Az_60to70,5.03565935719658e-05,0.000124716553287982,-0.000175446274208058,-7.44359256630617e-05,68,68.0127042596126,0.0118275696868627+7.99161078881753i,0.286605195016566+2.63804955685093e-05i,666.09375,0.740416380615751
1535,65.1063848675904,Az_60to70,5.67578117597566e-05,0.000121806201103717,-0.000178628505630583,-6.51160870299027e-05,66,65.0159795377667,0.0214371770919397+7.03191531116301i,0.301601125987349-4.04812086580685e-05i,1866.2109375,0.741092173782708
1536,60.4079949548645,Az_60to70,6.60147906434569e-05,0.000116229768587653,-0.000182283862719781,-5.02254395489226e-05,61,60.4048106783833,0.00915021947725214+7.52964724776466i,0.292390468341102+2.41587721841654e-05i,1929.375,0.741139065432874
1537,60.6747591090239,Az_60to70,6.60161048463546e-05,0.000117677517147346,-0.000183737802267221,-5.17791995590685e-05,59,60.7079386588341,-0.00214523770723921+5.36720987332858i,0.311013555979157+3.74814262387377e-05i,1286.25,0.740043899693643
1538,66.7219725198867,Az_60to70,4.23117800655183e-05,9.83708141779963e-05,-0.000140629373190198,-5.63207813257382e-05,66,66.7262345721667,0.00461037561211894+5.58819465480945i,0.310230683294241-0.000250728537954251i,453.6328125,0.740122469634066
1539,60.5879569585295,Az_60to70,4.7045475774438e-05,8.35762038263926e-05,-0.000130321052399627,-3.63567785378247e-05,60,60.6246154871171,0.0104472116759747+3.68146152508983i,0.31782977663784-7.12133387812449e-05i,1748.49609375,0.740406506744374
1540,63.6019970108145,Az_60to70,5.14290551152008e-05,0.000103409964541048,-0.000154736936907601,-5.1907563218829e-05,63,63.5573844440209,-0.00456017801277102+6.44764148243475i,0.302454105799911-5.97657150428772e-05i,2021.25,0.737866320461594
1541,60.6005786053846,Az_60to70,5.85664450262153e-05,0.000104612876173247,-0.000163046516769632,-4.59050627753951e-05,59,60.7581644158305,-0.0286363891540851+6.10128311982964i,0.309498633436957-0.000110314498568791i,2377.265625,0.737484645209313
1542,67.4673993169434,Az_60to70,4.24117211769362e-05,0.000102839273095622,-0.000145144191903016,-6.05177213404281e-05,67,67.5883658317166,0.0106107491105203+4.85418735364001i,0.315909556722235+0.000155678116308532i,878.5546875,0.74202938071173
1543,68.4931682614276,Az_60to70,4.21169824686989e-05,0.000106727121225485,-0.000148772738880189,-6.46444605969628e-05,69,68.4646649913178,0.0015321414219847+5.5996205514046i,0.305461931928521-7.19045067817531e-05i,1596.328125,0.740871389088185
1544,64.8409627406111,Az_60to70,5.77289647651354e-05,0.000122751053607228,-0.000180395000760539,-6.49484083765287e-05,65,64.8127254482791,-0.0112379152311381+7.28038865935265i,0.295442907929408-2.66147748269642e-05i,505.3125,0.742937848406761
1545,74.2277444655649,Az_70to80,3.70345410682923e-05,0.000124716553287982,-0.000166981488044447,-9.24536886535514e-05,74,73.461229742291,0.0183178179778281+7.40195256105706i,0.308174823280927+0.000457726822601378i,1960.95703125,0.740563217698108
1546,75.7952938198291,Az_70to80,2.43651394572434e-05,9.46954100579908e-05,-0.000119004420444175,-7.03383536688462e-05,76,75.5707760579372,-0.0104640660274823+6.141547688791i,0.311884340623098+2.72233243093258e-05i,1498.7109375,0.742159820320814
1547,71.2858567159881,Az_70to80,4.0890196227607e-05,0.000120397053135882,-0.000161331408835579,-7.96079588708215e-05,71,71.2410804151211,0.00130120044526018+5.57348368632774i,0.318884139042579+0.000124704985192813i,1432.67578125,0.738784092207821
1548,77.1086315473135,Az_70to80,3.01490851638042e-05,0.000124716553287982,-0.000160700095652634,-0.000100298203428602,76,76.4099931950273,-0.00963986335826124+6.98829724513216i,0.301874581349465-7.12851894441278e-05i,1375.25390625,0.741747912588843
1549,71.0437875844237,Az_70to80,4.16924145114219e-05,0.000121868217977114,-0.000163396972852317,-8.03252967993582e-05,70,71.1136366429334,-0.00919459791837712+6.47428051976548i,0.297436092961414-8.67257519637371e-05i,2695.95703125,0.7415552457534
1550,76.9009711454143,Az_70to80,2.66528540002843e-05,0.000115200458731143,-0.000141888145342653,-8.85673647942587e-05,77,76.9732144158844,0.00946696158073191+6.97523246129542i,0.298347287321819-0.000158240509607919i,1059.43359375,0.739806737973309
1551,79.3223293952379,Az_70to80,2.47686343125787e-05,0.000124716553287982,-0.000155514726060242,-0.000105945028735454,79,78.7672495239284,-0.00937998425371855+8.24320066004295i,0.295354256561731-0.000138284095127138i,1530.29296875,0.737832232418505
1552,70.1128308151,Az_70to80,3.55154180977062e-05,9.89569603341832e-05,-0.000134482606686477,-6.33125527209968e-05,71,70.2570581178525,-0.00880117178441905+5.95177687703646i,0.317042802894754-0.000150372160268697i,944.58984375,0.739170888569371
1553,74.7279971580359,Az_70to80,3.54150558909268e-05,0.000124716553287982,-0.000165229652982789,-9.44681887882351e-05,75,74.1473433449057,-0.00264619723905901+6.32165409454488i,0.30261486011463-7.77532422169269e-07i,1722.65625,0.741932513918297
1554,74.4886185233903,Az_70to80,3.54786994718945e-05,0.000124716553287982,-0.000162956970927162,-9.21077780508428e-05,75,74.120290338135,-0.00202070740344488+6.62267977749268i,0.298766734090879+0.000194665610918479i,493.828125,0.740576994779156
1555,73.4080051805526,Az_70to80,3.14348832976345e-05,0.000105858211906983,-0.000137224960125214,-7.43263911602188e-05,73,73.4610702092445,0.0119629146808732+6.62780437293438i,0.295830131181719+6.3506287898224e-05i,600.05859375,0.738537333565978
1556,72.4702552277268,Az_70to80,3.13410900120598e-05,9.84130964806919e-05,-0.000129959379278825,-6.70654992791351e-05,73,72.335162908378,-0.0103481892939135+5.54135242466854i,0.312642594272327+3.48003106137584e-06i,2182.03125,0.738523263082552
1557,72.5633198256112,Az_70to80,4.03179069184211e-05,0.000124716553287982,-0.000168556804322163,-8.80709031765291e-05,72,72.0852088863755,0.00152255782346705+7.55664200119694i,0.295724853796929+3.44990459985976e-05i,399.08203125,0.738803943732909
1558,72.5609401231853,Az_70to80,3.39673706565808e-05,0.000106907976842841,-0.000141038060736931,-7.29249396587929e-05,70,72.3736300406073,0.00841113825567022+5.58247961635339i,0.308751543200973-0.000329009916404461i,666.09375,0.740415204077738
1559,73.3889403837473,Az_70to80,3.28159140355665e-05,0.000110573932454734,-0.000143283711807193,-7.77914603988235e-05,74,73.4702681453732,0.0218208941337097+5.05484345978531i,0.312155603475165-0.000120962389426816i,1785.8203125,0.739958570834231
1560,78.8761264354211,Az_70to80,2.21290072464008e-05,0.000113379165775336,-0.000135636752098562,-9.121222710522e-05,79,78.9560205873478,0.0194482265067478+7.15962626547171i,0.305078131631842+3.5469114732678e-05i,2024.12109375,0.739422004634823
1561,73.4290327589395,Az_70to80,3.84050042690198e-05,0.000124716553287982,-0.000167708281577138,-9.10998724143607e-05,73,72.8843962045498,0.0141041324899935+7.80441195532258i,0.289270524932792+0.000189496055672891i,2118.8671875,0.738445288536993
1562,76.8611871549448,Az_70to80,2.84718097564439e-05,0.000121275532589257,-0.000149787723116346,-9.28928660400568e-05,77,76.7879588650379,-0.0156701918470877+6.56568920309447i,0.312436920458222-0.0003499974728823i,1593.45703125,0.735109086443696
1563,74.3723598902218,Az_70to80,3.42234373159174e-05,0.000122027466048858,-0.00015632811368829,-8.78752312242862e-05,74,74.3334844389783,-0.0121906347964529+6.42075108411302i,0.313132565601723+4.60441046776609e-05i,1892.05078125,0.740369669812183
1564,73.5430717886919,Az_70to80,3.83636676712253e-05,0.000124716553287982,-0.000168071720632326,-9.14759594517149e-05,74,72.9017433745335,-0.000920165622945817+6.92109259355805i,0.305153991818282-2.37441827401798e-05i,445.01953125,0.739253417829061
1565,73.7027068084609,Az_70to80,3.24319654042307e-05,0.000110906276066583,-0.000143304372700764,-7.83806573765866e-05,74,73.699666531112,0.0093128573116054+4.91695705961118i,0.310652490001171-2.83435670542301e-05i,1154.1796875,0.742930724520882
1566,78.7541708076249,Az_70to80,2.60300196290134e-05,0.000124716553287982,-0.00015808821657896,-0.000105866245684647,78,78.2108406157394,-0.00253615843655831+7.65902528272477i,0.301741976565806-5.66728447133312e-05i,1937.98828125,0.736504268067797
1567,77.9834190861953,Az_70to80,2.1927742434386e-05,0.000103679381793162,-0.000125632111365495,-8.17391673304747e-05,78,78.0581684726379,-0.00807398192518335+6.61812734186173i,0.30719769110266-3.38212378149412e-05i,648.8671875,0.741404406052341
1568,74.0997354293868,Az_70to80,3.03455670377169e-05,0.000107159526230005,-0.000137623366169102,-7.6620222899783e-05,73,74.1888733379659,0.0150645560923362+5.59732969244348i,0.315518483075861+0.000333944156089019i,1682.4609375,0.737710661290865
1569,74.3748766880259,Az_70to80,3.64068167994928e-05,0.000124716553287982,-0.000165807872619466,-9.30945049956916e-05,75,73.726605270504,0.00485669173259951+7.48991273764907i,0.296491090884802+1.91535957048856e-05i,838.359375,0.73992240956351
1570,72.4012413538342,Az_70to80,3.85332273463438e-05,0.000120994090501999,-0.000159588872052167,-8.26582491417993e-05,73,72.334780476252,-0.00758196003791234+5.77679509025599i,0.312488624814902+2.97606960228923e-05i,1208.73046875,0.739242579012102
1571,73.38681832603,Az_70to80,3.64900442944655e-05,0.000122188262341331,-0.00015863819083077,-8.58068955854361e-05,73,73.3723820433224,0.00708158137254367+7.56789675854029i,0.292447812544148+6.29228169554893e-05i,2449.04296875,0.739438981273785
1572,72.6277392610257,Az_70to80,3.74501187177867e-05,0.000118263304701087,-0.000155831629530091,-8.11115743671769e-05,73,72.4287094176251,-0.00478548232804335+6.50359936962022i,0.303117822972572-3.59507214143344e-05i,1682.4609375,0.74569299275477
1573,74.6623495621612,Az_70to80,3.57146098683777e-05,0.000124716553287982,-0.000166199447970419,-9.49476050556111e-05,76,74.0200752465656,-0.00931209130469043+8.0823402163433i,0.293583398908688-0.000485089304069829i,2038.4765625,0.738247830326208
1574,75.8784322691879,Az_70to80,3.29492778479281e-05,0.000124716553287982,-0.000164166998367097,-9.82467550003775e-05,76,75.200969184599,0.00336373783657776+6.64022618544571i,0.307751427843336-0.000148609405605023i,2311.23046875,0.737760595797761
1575,78.9651154624106,Az_70to80,1.93041437121466e-05,9.82262382518972e-05,-0.000117533503070909,-7.89913811204244e-05,80,78.8815094380734,-0.000840313966677771+4.48637053871428i,0.315550186698102+1.56195678154385e-05i,829.74609375,0.741053270359669
1576,73.2457507071975,Az_70to80,3.86212045429267e-05,0.000124716553287982,-0.000165373155266849,-8.84626078338925e-05,74,72.793719108632,0.00358558102066923+8.02899164302535i,0.290305077034989-1.24761248890305e-05i,1467.12890625,0.739291726834361
1577,77.3634818835618,Az_70to80,2.59852933027752e-05,0.000115185115197271,-0.000141178061919985,-8.92277275255468e-05,77,77.2871215916286,0.000731628887539094+5.85363617052825i,0.314658088449598-2.89362870370125e-05i,1846.11328125,0.739208152662045
1578,79.1501182874203,Az_70to80,2.52847433384467e-05,0.000124716553287982,-0.000155986430424977,-0.000105348525092061,80,78.5393232972451,0.0114488551821805+8.10713368510721i,0.284858781860345+5.16273521789894e-05i,2273.90625,0.738418697847378
1579,71.1158633577614,Az_70to80,4.37499302362169e-05,0.000124716553287982,-0.000171603513686066,-8.41560726521724e-05,71,70.6693899988805,-0.00146656439067896+7.06305119756375i,0.294273382753483+0.000129124398676204i,2067.1875,0.739974260753513
1580,73.7486775521748,Az_70to80,3.78575975254985e-05,0.000124716553287982,-0.000167510822546322,-9.19400073878449e-05,76,73.1143802583397,-0.00559603074658797+8.44274220071644i,0.286861338984872+5.25755847528842e-06i,2383.0078125,0.739945476479258
1581,79.4353646406652,Az_70to80,2.1177531793761e-05,0.000112552287181343,-0.000133739123542411,-9.13846606502209e-05,80,79.3439688934988,0.00921566358218618+4.97168711063287i,0.318775768285404+6.33718152601923e-05i,824.00390625,0.734742865865088
1582,72.2615107920815,Az_70to80,3.00442499896247e-05,9.47846807755678e-05,-0.000124976487277104,-6.45957400552377e-05,71,72.4127547426861,0.0193881736374856+6.17970745136992i,0.293138370016048+0.000151152545087043i,1286.25,0.743427077278569
1583,75.4046037125636,Az_70to80,3.41409188425043e-05,0.000124716553287982,-0.000164882042044167,-9.65829577805968e-05,76,74.6904558489624,-3.41612953343673e-05+7.67436216575841i,0.300460700389001-1.83038833138117e-05i,1317.83203125,0.738264933341317
1584,77.9488236702696,Az_70to80,2.76777031508263e-05,0.000124716553287982,-0.000159812207604125,-0.000104303155338718,78,77.4874293527342,-0.0291163643099465+5.96720530720178i,0.31133971561477-3.60302215644988e-05i,1309.21875,0.740921726645296
1585,77.0795657371482,Az_70to80,2.98153910527795e-05,0.000124716553287982,-0.000159325245813466,-9.9568384220396e-05,77,76.5549190730167,6.91177743664106e-05+7.80593429425056i,0.294782719979113-0.000110509507509543i,1375.25390625,0.740493984680732
1586,70.6377930349365,Az_70to80,4.39531918735463e-05,0.000123541583723244,-0.000167588538860734,-7.95224992103063e-05,71,70.4156366879452,0.00996338186657307+6.94278740797953i,0.305027506333246+0.000181916403102583i,579.9609375,0.737889944148283
1587,72.6085536947958,Az_70to80,3.92881110531327e-05,0.000124716553287982,-0.000164824787341423,-8.63496511440399e-05,73,72.5145709819412,0.00787793787571375+6.16513705895635i,0.304823790830699-0.000155569554057756i,723.515625,0.740823577879652
1588,76.6651968166672,Az_70to80,2.8261785797779e-05,0.000118808176607473,-0.000147145782793832,-9.05323178177815e-05,76,76.6193118591381,-0.00389151085242798+6.07542662037198i,0.304787557886096-1.33383566982143e-05i,2566.7578125,0.740929495253388
1589,76.0112257921696,Az_70to80,3.07481124110258e-05,0.000123563637979185,-0.000154411224955711,-9.27862844060624e-05,76,76.0260927261889,-0.00571189733267893+6.67932371396564i,0.312482747045297-6.03431989632912e-05i,987.65625,0.740029418106756
1590,76.3874673952622,Az_70to80,2.64549937797809e-05,0.000109525333743628,-0.000136172675462657,-8.30323247308436e-05,76,76.420745051432,0.0133491013310423+5.89268050356897i,0.311927917900405-0.000185780760441848i,2182.03125,0.742537545094464
1591,72.2482523349938,Az_70to80,4.08370000292558e-05,0.000124716553287982,-0.000167900926709851,-8.64665424688779e-05,73,71.8695614475632,-0.00810903376276438+7.68076744439831i,0.29340366221503-6.50825566344826e-05i,2256.6796875,0.738447317895349
1592,77.677273615917,Az_70to80,2.63372325039451e-05,0.000120258781640888,-0.000146677562557779,-9.3908310827803e-05,78,77.6469893257871,-0.00170666903990119+5.48924046940028i,0.319901891769925+0.00021617235929846i,1033.59375,0.738529149237453
1593,75.9664262980627,Az_70to80,3.21722621559704e-05,0.000124716553287982,-0.000161838768597962,-9.7502924069829e-05,76,75.5351567563454,0.0072500140934736+6.43296830923952i,0.308400422374153-9.3507216925439e-05i,697.67578125,0.740915261798536
1594,71.3272264174868,Az_70to80,4.10958133185897e-05,0.00012275676544319,-0.000163711863392895,-8.18219415757802e-05,71,71.4907768487506,-0.0248265369778155+6.5374407231522i,0.303117928220906+7.88569860052241e-05i,884.296875,0.73774416622715
1595,73.7007098186883,Az_70to80,3.04072073891741e-05,0.00010218483820645,-0.000132443701831212,-7.16095764273407e-05,72,73.4285403080537,0.0222225206384425+6.64404394947875i,0.305068159901052+0.000192438425470506i,574.21875,0.739288881160635
1596,74.1455409156075,Az_70to80,3.10664235789524e-05,0.00011106364786423,-0.000142112648282676,-7.98112251304683e-05,75,74.3727746596916,0.00730320829412602+7.2088218941445i,0.297238683762779+0.000126569208780857i,571.34765625,0.740069271680451
1597,76.3061784554853,Az_70to80,2.93307703260414e-05,0.000119848409803987,-0.000149339813742448,-9.05634668499684e-05,76,76.2481727577411,0.010884993246515+7.10346312553946i,0.299878002832054+0.000176383234370345i,1920.76171875,0.740290749250329
1598,72.3760698544162,Az_70to80,4.06810707905207e-05,0.000124716553287982,-0.000168732896722841,-8.75868999119727e-05,74,71.9342837821417,-0.019581170731866+6.00373572447066i,0.305764540178628+0.000125116716975345i,1438.41796875,0.739860615659869
1599,70.500948118871,Az_70to80,3.83720774366679e-05,0.00010850401650182,-0.000146728896309819,-7.01213978802372e-05,71,70.5240319592679,-0.00694673889731942+6.77543562078391i,0.311067051308237+3.12708704957448e-05i,2319.84375,0.739959485908982
1600,74.2326413529512,Az_70to80,3.04733473616421e-05,0.000108361881616627,-0.000138800693368857,-7.77807169827513e-05,74,74.2930437402998,0.00369749870877007+6.1034433504527i,0.309531115577909-1.52296592423121e-05i,835.48828125,0.738634623691956
1601,73.5103021737312,Az_70to80,2.89383037426138e-05,9.82640388964378e-05,-0.000127253477340508,-6.92654095441898e-05,74,73.5905432588796,0.0194023490600205+6.37691039247696i,0.303698272912504-1.74268591461302e-05i,505.3125,0.737959839652131
1602,70.9543402957234,Az_70to80,3.78831546215538e-05,0.000108860836266009,-0.000146432655685468,-7.08737373482047e-05,70,70.8122988811994,0.0171260339246315+5.44573646257304i,0.312175957778716+0.000360540916645676i,1269.0234375,0.739426751129218
1603,78.9282139016411,Az_70to80,2.45666485527279e-05,0.000124716553287982,-0.000150446672759332,-0.000101280010641815,79,78.8565498807924,3.82623386271865e-05+7.37993201249171i,0.303322288656628+4.46661208033383e-05i,1472.87109375,0.739205647492188
1604,75.7091578731628,Az_70to80,3.25777891319845e-05,0.000124716553287982,-0.000159857853971098,-9.4498306597514e-05,76,75.3606161975324,0.00166040909789452+6.02135629240857i,0.313068563076003+0.00017249925795685i,1665.234375,0.73902967416262
1605,79.2162574949158,Az_70to80,2.48412749382103e-05,0.000124716553287982,-0.000154885591780295,-0.000105122331181382,79,78.7351477088614,-0.00114879984526551+7.30549831592898i,0.295937690053939+8.74252123739157e-05i,2523.69140625,0.740847549678391
1606,74.4696812173955,Az_70to80,2.91205942468267e-05,0.000106417245257664,-0.000135680461683866,-7.73553860104769e-05,76,74.695927467033,-0.00110656899506959+5.53433482478033i,0.313762901106374-0.000336485964811811i,1116.85546875,0.742625846480543
1607,72.5110931160737,Az_70to80,3.80824465652086e-05,0.000120899075514026,-0.00015875188134036,-8.28837403383112e-05,74,72.5159012976593,-0.0111604526547351+6.66085821765378i,0.310122785085239+0.000155497352320462i,2408.84765625,0.742764837165813
1608,77.6167583780268,Az_70to80,2.34259122248654e-05,0.000106219049086678,-0.000129718744430943,-8.28366004341553e-05,78,77.5628866523121,0.00174669616750008+4.87961252016068i,0.315422114584597-6.47704865386206e-05i,2087.28515625,0.738456245044281
1609,73.4178811894192,Az_70to80,2.99217226673685e-05,0.000101031646619096,-0.000131012329795358,-7.1107042075769e-05,73,73.5027186681143,-0.00585634157095307+5.63752929907818i,0.309613303800373-0.000168156534575189i,1805.91796875,0.737387503864034
1610,73.0604626352374,Az_70to80,3.00625880094887e-05,9.91388456836543e-05,-0.000129349611333486,-6.91064294276146e-05,73,73.1307434560064,-0.00703421992677086+4.89935663557785i,0.308481589829806-6.6611020521426e-05i,1665.234375,0.738352646180373
1611,72.3688278417082,Az_70to80,3.99641769809199e-05,0.000124716553287982,-0.000165067546397213,-8.5348093663246e-05,73,72.2324609441223,-0.00283327290553133+8.04389313146905i,0.294434230637784-0.000224700082327611i,783.80859375,0.73843607093423
1612,74.4654135875737,Az_70to80,3.60044561822006e-05,0.000124716553287982,-0.000165639376933118,-9.36406594785314e-05,75,73.8970854498808,0.00460148612303264+6.94176340121354i,0.303330735080988+4.59899392603151e-05i,2678.73046875,0.740495385522583
1613,77.4805802390732,Az_70to80,2.83844754081811e-05,0.000124716553287982,-0.000157625080405637,-0.00010075376855635,78,77.178346916304,0.0359360274763602+6.61419681188381i,0.307517060949727+0.000291422920963i,1231.69921875,0.736224186899578
1614,73.8005186344675,Az_70to80,3.15341958078687e-05,0.000109965148749702,-0.000141394924055393,-7.85113010682799e-05,73,73.9989423524653,0.0252010117861964+6.3152771118523i,0.308141460769772+6.82090983749051e-05i,1774.3359375,0.739978520422154
1615,74.8853046167468,Az_70to80,2.83562843034528e-05,0.000105645631244255,-0.000134000605996047,-7.7181958267103e-05,75,74.9753992713501,0.00246181549278637+4.75411294463177i,0.31262111579788-0.000116798501803766i,1119.7265625,0.738510401535545
1616,70.1918268261611,Az_70to80,4.27026618373467e-05,0.000117884759305081,-0.000160633003933037,-7.52691008098504e-05,69,70.087549933173,-0.0056771718177573+5.75501700966775i,0.315817179205133-0.000524520600016943i,2563.88671875,0.73823069041275
1617,71.2448805166467,Az_70to80,3.89512832013044e-05,0.000115023580260544,-0.000153879880981593,-7.61196959767483e-05,70,71.291978519303,-0.00701148160494399+7.21972831975245i,0.301639605719619-3.15744265072145e-05i,706.2890625,0.741194406013039
1618,76.6706714719032,Az_70to80,3.01372532127915e-05,0.000124716553287982,-0.000158477042988604,-9.80868179147388e-05,76,76.4151288828829,-0.00700774508963969+5.72373325441369i,0.324510741954702-2.16955634208225e-05i,806.77734375,0.738160202214208
1619,74.3639744706392,Az_70to80,3.62003262996235e-05,0.000124716553287982,-0.000165723161251054,-9.34293776637522e-05,74,73.8140585005893,-0.00612195325202577+6.38085643226108i,0.304186902216734-8.88250369137505e-06i,502.44140625,0.74211119119871
1620,76.2085355893159,Az_70to80,2.43256174670858e-05,9.73123366155012e-05,-0.000121635922430354,-7.29830692986915e-05,75,75.9651234498487,-0.00339585581743782+4.51263565090672i,0.314378470853381+0.000139769250739514i,1257.5390625,0.742225611880731
1621,74.0658137697132,Az_70to80,3.56569620634962e-05,0.000124716553287982,-0.000161450952460219,-9.0425270864545e-05,75,74.0445548792317,0.0181089384715873+6.1302962938559i,0.302704632111424+6.17722674794985e-05i,677.578125,0.741575276127757
1622,73.1625024900761,Az_70to80,3.04060524816083e-05,0.000100847233113711,-0.00013147352173654,-7.0466111283071e-05,75,73.2216223779283,-0.00496385772734624+4.96087780058761i,0.318874563426045-0.000174751604189904i,407.6953125,0.741131616186304
1623,74.0143722023711,Az_70to80,3.07860518174948e-05,0.000107054697426041,-0.000137941403485912,-7.58603817800232e-05,75,73.9561879071888,-0.00692623514204757+7.00524749623568i,0.307062704583824+0.000203004071304306i,2029.86328125,0.739449995639758
1624,74.6491960773931,Az_70to80,2.7575975827202e-05,0.000101189441561405,-0.000128849290121037,-7.35363067270807e-05,76,74.756025574727,0.00607509119780605+5.18644429957414i,0.317026628092853+7.0224554192172e-05i,1656.62109375,0.741422499210104
1625,74.816910313356,Az_70to80,2.90592217494835e-05,0.000107246317747387,-0.000136307756015021,-7.80699740216172e-05,74,74.8392903629084,0.00502506110255196+5.27344997747088i,0.316966751635511-7.59655878007186e-05i,2371.5234375,0.742717993452937
1626,72.4402709803764,Az_70to80,3.91284527571377e-05,0.000124404206991834,-0.000163395086252631,-8.53893593683962e-05,72,72.5402428339288,-0.0157014979233129+7.21696501573514i,0.300161427984594-0.000227688055254114i,1202.98828125,0.73707795556135
1627,72.1757465612513,Az_70to80,4.03390001976983e-05,0.000124716553287982,-0.000165498490683912,-8.51089801883705e-05,72,72.0764357993697,-0.0114403423103555+7.93596131408055i,0.297671201878982-4.4597489322163e-05i,996.26953125,0.741270457780067
1628,76.9746451504304,Az_70to80,2.45082855272651e-05,0.000107014494943119,-0.000131545311325129,-8.24343776206023e-05,77,77.1006642323891,0.00076227522116481+6.43414462544599i,0.301887457036161+4.79472149884676e-05i,1056.5625,0.73658471822515
1629,79.7730491969712,Az_70to80,2.2945610363639e-05,0.000124716553287982,-0.000149943492347886,-0.000104184529756791,80,79.5751848260573,3.32062479549912e-05+8.24431573898674i,0.280001179042206-2.46661440693012e-05i,1013.49609375,0.738103539272938
1630,71.9961909537893,Az_70to80,4.17919934085814e-05,0.000124716553287982,-0.00017000663455573,-8.65041316871203e-05,72,71.4742154829867,0.000794250254466544+6.7079728737728i,0.297338009094483+0.000107668103583487i,620.15625,0.738430677557265
1631,73.3835562543774,Az_70to80,3.27841997300573e-05,0.000109690482726747,-0.000142420483138249,-7.67978939855212e-05,73,73.3596906198052,-0.00440017416987788+5.89429626623719i,0.31168804336328-0.000148275908166132i,1062.3046875,0.739482858373228
1632,75.0626915961486,Az_70to80,3.07014429855007e-05,0.000115143068912197,-0.000145965408506496,-8.44704540438198e-05,75,75.0701509356595,0.0208217176385733+5.90123966396699i,0.295518450078808+0.000145458066073537i,2024.12109375,0.73932470754812
1633,72.2010306311137,Az_70to80,3.87294117598705e-05,0.000120083237272352,-0.000158805315931277,-8.14855087762802e-05,71,72.1243789036652,0.00782685283163577+6.62963094851064i,0.307429338049396+0.000156428634351297i,826.875,0.740314585877889
1634,76.5533893960532,Az_70to80,3.06413580880344e-05,0.000124716553287982,-0.000158630370030209,-9.70333898912355e-05,78,76.1965189693134,6.54976522008376e-05+6.05409086839717i,0.308207737533083-0.000263901887428999i,1386.73828125,0.735303231069581
1635,77.8557100833758,Az_70to80,2.15374872855407e-05,9.97710862761418e-05,-0.000121426095700215,-7.84234168684481e-05,79,77.8185367002036,0.0251206542730338+5.18897690123477i,0.319396390408498-0.000397893835737951i,393.33984375,0.736649272530555
1636,74.6925180182314,Az_70to80,3.17340430202584e-05,0.000116326783460084,-0.000148164378495012,-8.46437895625637e-05,75,74.7409586504572,-0.000438165226636312+6.40052990664984i,0.30445629675758-5.01122609396186e-05i,2279.6484375,0.739996980029614
1637,75.9936313346952,Az_70to80,2.28228601635179e-05,9.42903495102619e-05,-0.000117085520646014,-7.13289053987977e-05,76,76.3933274403345,0.00174537225853178+5.85272007013196i,0.299623214886383-6.68004522850728e-05i,1739.8828125,0.74027082115661
1638,76.1074646811024,Az_70to80,3.21956501138569e-05,0.000124716553287982,-0.000162950206506553,-9.85762500511589e-05,76,75.5250829876217,-0.0129705753695182+6.88056591195384i,0.289861418808602-7.54598795313435e-05i,898.65234375,0.7410891975888
1639,74.5709643589121,Az_70to80,3.04914209810303e-05,0.000110275686783477,-0.000140700920156988,-7.97064275489238e-05,74,74.5437848505776,0.00802607679256947+5.78652498875551i,0.310127672305041-1.56329816400035e-05i,2520.8203125,0.739298181935052
1640,73.8976967592993,Az_70to80,3.75254265321475e-05,0.000124716553287982,-0.000166800808651631,-9.1964081049074e-05,74,73.2542107408843,-0.00440499204008837+6.94932019661925i,0.303114423663597+0.000143847927492325i,1372.3828125,0.737750121804414
1641,83.5629173953812,Az_80to90,1.34306157843442e-05,0.000122445293441608,-0.000135918400002402,-0.000109208387422287,82,83.7404403008958,0.00463486970885294+5.81489563231795i,0.306219445780498+0.000201455008726186i,2397.36328125,0.737756838190307
1642,80.3046730366988,Az_80to90,2.29650074324861e-05,0.000124716553287982,-0.000155659526614039,-0.000109875951651273,80,79.5665656582831,0.00215397040097131+7.80786617389448i,0.283874333393679-0.00016813084212906i,1894.921875,0.737515743008769
1643,88.5118809795764,Az_80to90,3.6930593833522e-06,0.000124716553287982,-0.000134986832559874,-0.000127566835794009,89,88.3038746899594,-0.00166926631457704+6.29711455872511i,0.305338348370491-0.000350066316747204i,1326.4453125,0.738245730872719
1644,81.2016063233604,Az_80to90,1.62388849931676e-05,0.000105808305778514,-0.000121938058861604,-8.95452773371791e-05,81,81.2746364227324,-0.00573000030162164+5.02182785112114i,0.315588668372905+6.11160276501564e-05i,2299.74609375,0.737795190936979
1645,86.7657677848985,Az_80to90,7.55822878464369e-06,0.000124716553287982,-0.000142305221006637,-0.000127104350100962,87,86.5319310381492,0.000510282928400655+7.7225747142554i,0.304779721514231+0.000285934504773988i,1513.06640625,0.741488844869151
1646,84.3786247078475,Az_80to90,1.32015046984248e-05,0.000124716553287982,-0.00014688795706506,-0.00012047808641014,84,83.9576239778104,0.0346242587033181+6.43678770543636i,0.304304524196+0.000323544757465325i,861.328125,0.741116285483614
1647,83.973579536957,Az_80to90,1.05475677857319e-05,9.830840011464e-05,-0.000108959877069473,-8.79158271989254e-05,83,83.8761272766564,-0.0104182147237018+4.3697992848378i,0.312574141379316-0.000207118356940032i,757.96875,0.738538588273678
1648,88.2607203522336,Az_80to90,3.75712580699498e-06,0.000117334085760208,-0.000121072221583532,-0.000113403910299632,87,88.1659726380378,0.00241821766608689+6.29322189607847i,0.306337621781344+0.000222272787200238i,1223.0859375,0.737517951275828
1649,86.2968286365515,Az_80to90,7.31502013820177e-06,0.000107101994042067,-0.000114448793156313,-9.97013612438322e-05,87,86.0927908482233,-0.00246853837816758+5.64904311426549i,0.312793275874286-1.43304689375866e-05i,1495.83984375,0.742455433853939
1650,82.8075311939113,Az_80to90,1.67004349278146e-05,0.000124716553287982,-0.00014600200230695,-0.00011265567533949,82,82.3730575459216,0.00159425263893387+8.13751760539806i,0.294656116016846+9.94178498546078e-05i,935.9765625,0.740522618172153
1651,84.4280619710184,Az_80to90,1.11055649311238e-05,0.000115363168693187,-0.000126619570350447,-0.000104437379471337,84,84.5013014809455,-0.00127766539136052+6.43082156932795i,0.309282894187702-3.22131583954353e-05i,2440.4296875,0.740831777827342
1652,87.623292565049,Az_80to90,5.61336746609294e-06,0.000124716553287982,-0.000138029849788088,-0.000126737865200738,88,87.4229134953992,0.00742902447397733+8.2146030845317i,0.301552888907345+0.00016928146173377i,2431.81640625,0.741319451992909
1653,86.5005062273564,Az_80to90,7.49178533703791e-06,0.000124542503355031,-0.000132251981487975,-0.000117058837343773,87,86.5575523372825,-0.009336102257152+7.54131053572472i,0.308262534368081-0.000245534798275125i,2434.6875,0.738095760348113
1654,85.5688636906062,Az_80to90,8.75711148932439e-06,0.000115607558699532,-0.000124334575413859,-0.000106897649642487,85,85.6681969768466,-0.00153874665051327+6.7734604194873i,0.304830779083615+7.36994094448599e-05i,1693.9453125,0.737781729688501
1655,84.8232630221445,Az_80to90,1.18239316348786e-05,0.000124716553287982,-0.000137833131004144,-0.000114146100901956,85,84.5841790394513,-0.0214137694987251+5.77240034385976i,0.313082401184182-6.83794362833293e-05i,519.66796875,0.740680442570086
1656,85.8837049575606,Az_80to90,8.61122852907333e-06,0.000117524791684173,-0.000126192952918521,-0.00010906532810426,85,85.8093358507331,-0.0125439796344839+6.35597101426937i,0.304911379803851+8.00253899590937e-05i,559.86328125,0.738943551946175
1657,83.9454239192643,Az_80to90,1.36076220510446e-05,0.000124716553287982,-0.000143504518244565,-0.000116459234540165,84,83.773181263788,0.00947483620360629+6.35616506245935i,0.305950202693247+2.75285586792719e-05i,1625.0390625,0.740722107976081
1658,87.1324365029414,Az_80to90,4.70653600819377e-06,9.71859834643023e-05,-0.000101918803562748,-9.2559153945046e-05,88,87.2274383350476,-0.0108148752386219+6.10983932448054i,0.318860822940037-5.16940989652818e-05i,1134.08203125,0.739591574984382
1659,84.5586509340885,Az_80to90,1.27855530669676e-05,0.000124716553287982,-0.000146529002738336,-0.000120906085802075,85,84.1466633974036,-0.0061077942622163+7.49598094471032i,0.295810610282445-3.88429518873891e-05i,1274.765625,0.740764315700925
1660,81.1172844075137,Az_80to90,1.88880440420655e-05,0.000120534597117691,-0.000139431956018714,-0.000101773608127922,81,81.0940474380115,-0.00465109867224398+7.09080391265239i,0.304691415890701-1.11380435320468e-05i,2558.14453125,0.737218944721377
1661,81.1322159221404,Az_80to90,1.50729071177301e-05,9.73616303195359e-05,-0.000112462245391469,-8.24756227777843e-05,82,81.1996951666631,0.00128212146808027+4.51248952503424i,0.325068712054308+0.000102520363895141i,2658.6328125,0.741430104019932
1662,80.5205671474063,Az_80to90,2.00506502031181e-05,0.000118939828455565,-0.000139015605193686,-9.89104065902625e-05,79,80.4311538341649,0.0110183864619397+5.36131812872493i,0.32012948459496+0.000114899114770084i,904.39453125,0.740351981466825
1663,86.4038953360932,Az_80to90,7.429513258249e-06,0.000120107910186396,-0.00012767373674674,-0.000112691031375073,87,86.4603657523067,-0.0206063468258674+5.80569089130864i,0.305157609037396+5.09475212564052e-05i,2779.21875,0.740184310758022
1664,88.6228573764249,Az_80to90,3.06569267704569e-06,0.000124716553287982,-0.000134351932703918,-0.000127984853835504,88,88.5918798956405,0.0046497926098573+7.14006705348485i,0.295282457039941+7.94481279872764e-05i,562.734375,0.739512665375377
1665,80.5225475053778,Az_80to90,1.93819001356114e-05,0.000116947893061819,-0.000136352590780093,-9.74683214995474e-05,81,80.5898423022006,0.00371889396079744+6.39672269588496i,0.309001481505788+5.82534862459926e-05i,2549.53125,0.740534208416755
1666,86.8495189273731,Az_80to90,6.37784006816305e-06,0.000117187268879702,-0.000123599961790512,-0.000110903758042877,86,86.8847882032534,-0.00676560475519585+6.75574376288479i,0.307908385353166-7.51715546948202e-05i,1857.59765625,0.733113750497128
1667,85.277174366281,Az_80to90,1.00726444992526e-05,0.000124716553287982,-0.000136198406487036,-0.000116091365620122,85,85.3825689942936,0.00305124485883846+6.89460796654941i,0.304092345888558+0.00010627680363412i,821.1328125,0.737003396252437
1668,82.0514756354421,Az_80to90,1.81782124039826e-05,0.000124716553287982,-0.000149696112216495,-0.000113276989563435,82,81.7071817766667,-0.00111980766070635+8.42443105841335i,0.295242113938973-7.39187444178252e-05i,2285.390625,0.737959201758173
1669,84.6801105375627,Az_80to90,1.14592879212925e-05,0.00011609633048979,-0.0001276862560542,-0.000104608442846795,84,84.3628798287996,0.0276650926082601+5.4404960730479i,0.314209702641406+6.61099492690886e-05i,1217.34375,0.741803762570178
1670,84.1811848656641,Az_80to90,1.01174710206104e-05,9.74075679655984e-05,-0.000107661207264244,-8.73248639712681e-05,84,84.0701000150796,-0.0158496910503545+5.66798556237362i,0.310825410898502+0.000247427971939974i,2190.64453125,0.738774064371002
1671,83.7496178025088,Az_80to90,1.20368628439861e-05,0.000111282749095145,-0.000123241674613241,-9.92600512122651e-05,84,83.8266210902814,0.0116331038958809+5.24938026692022i,0.312958393303033-0.000142544631447507i,2052.83203125,0.741204941321839
1672,87.1236600020809,Az_80to90,6.92327779121976e-06,0.000124716553287982,-0.000141558948409327,-0.000127647372692424,87,86.8226520388972,-0.0150696115374985+6.92806415112542i,0.301070376570049-0.00014835159829352i,1570.48828125,0.738984892891151
1673,80.9977669595557,Az_80to90,1.82455846609523e-05,0.000114752402908189,-0.00013302706756102,-9.65959804662934e-05,81,80.9656204817822,-0.00376873199448581+5.5652814343794i,0.315182746643544+0.000106681515188407i,1447.03125,0.739590825843733
1674,89.2923583998413,Az_80to90,1.7620047506106e-06,0.000124716553287982,-0.000136437117226317,-0.000133029570358149,89,89.1905748126487,-0.0196530954551894+6.86678662060962i,0.308955169193219-0.000381856342604917i,1917.890625,0.741713752026717
1675,86.2198388811025,Az_80to90,7.93929178575729e-06,0.000120138748226202,-0.000128246842962069,-0.000112199198923198,86,86.2191427714793,-0.016531976356719+6.4188190111363i,0.317281705856266+9.688955744519e-07i,2509.3359375,0.739011421605729
1676,83.2659831945915,Az_80to90,1.42628777285176e-05,0.000123176088991532,-0.000137398248637589,-0.00010890991959009,84,83.3949886083986,-0.000373315186733997+6.56866454488365i,0.308464461956389-0.000476829571788403i,2592.59765625,0.742608435508684
1677,82.0352339765251,Az_80to90,1.84894416150371e-05,0.000124716553287982,-0.000151487358159302,-0.000114461404991488,83,81.5672251464488,0.0114291534121128+8.41775058336629i,0.290078427993537-6.44431154468508e-05i,2354.296875,0.743420208681278
1678,84.6817623419418,Az_80to90,1.24390178714741e-05,0.000124716553287982,-0.000145452941914962,-0.000120564202160091,85,84.3042527005512,0.000928987442599394+5.87735804448629i,0.307993398718656+3.23493345663894e-05i,913.0078125,0.741100753245137
1679,80.263536778892,Az_80to90,2.27352321700001e-05,0.000124716553287982,-0.000154547657192713,-0.000108834814399421,80,79.6686978232425,0.0163245077817152+7.3179182367739i,0.300532066616101+6.60171524897585e-05i,1389.609375,0.742779874100736
1680,87.182952145784,Az_80to90,6.6112240276372e-06,0.000124716553287982,-0.000141181658761671,-0.000127941983343348,87,86.9655911036505,0.0108125368267948+5.87880045375069i,0.301770069918168+0.000199573182478041i,1030.72265625,0.738317912280186
1681,83.023062303142,Az_80to90,1.60019298688666e-05,0.000124716553287982,-0.000146038318600608,-0.000114364283298488,83,82.6885328740889,-0.00732098164934899+6.04251264920276i,0.304316505617473-2.36622311324541e-05i,2015.5078125,0.741059926527274
1682,84.7963197251827,Az_80to90,1.2095903719487e-05,0.000124716553287982,-0.000146151727534493,-0.000121991286284198,85,84.4603714996887,-0.00117226917586664+7.43403066466523i,0.300684073789172-0.000100470385124563i,591.4453125,0.738362589497231
1683,87.2576334654641,Az_80to90,6.41240409043395e-06,0.000124716553287982,-0.000139106716764341,-0.000126176837110178,88,87.0566822183236,0.00108413817095801+7.11035584748389i,0.303745168158891-0.00010353825051064i,1495.83984375,0.739844409109685
1684,83.1791098610221,Az_80to90,1.33572247905794e-05,0.000109298424907539,-0.000122542203000646,-9.58961146895909e-05,84,83.0325033323978,0.00868611184718979+5.34171968009087i,0.317102256458759+4.39354226854337e-05i,729.2578125,0.736262803375171
1685,84.7897107119754,Az_80to90,1.09458925192936e-05,0.000121349453852586,-0.000132318068542622,-0.000110292766008947,84,84.8457881095994,0.00859360749354171+6.47079580304079i,0.307839271930341-0.000132072886994031i,1765.72265625,0.74327032507443
1686,80.5621327908008,Az_80to90,2.15270426051188e-05,0.000124716553287982,-0.000149716288655583,-0.000106771216697283,78,80.2068016852357,0.000543030060846681+6.65234069771146i,0.310918003432423-0.000101093338945531i,1317.83203125,0.736422338123632
1687,83.497981660592,Az_80to90,1.13846078700918e-05,0.000101075579985778,-0.000112514465991586,-8.9552857847431e-05,84,83.5735975618885,0.000237442753714911+5.80284650737276i,0.308414162737022+5.50884281046958e-05i,1300.60546875,0.738904844060435
1688,83.3418149972207,Az_80to90,1.46002218608363e-05,0.000124716553287982,-0.00014137866659546,-0.00011211367638568,83,83.3229334029444,0.012593130525669+8.02404143443182i,0.297801624815742+0.000120931012788095i,996.26953125,0.740468603661161
1689,84.573321287134,Az_80to90,1.2646571750807e-05,0.000124716553287982,-0.000147193829624795,-0.000121939599468165,84,84.2098555844021,-0.00742330376233643+5.9862729576631i,0.309319589708219-5.89483526979746e-05i,1892.05078125,0.741917668306971
1690,87.5351867523737,Az_80to90,4.3248634025559e-06,9.68612364744196e-05,-0.000101388748823411,-9.25293921618375e-05,87,87.4434360523633,-0.006982143611086+6.20753622551713i,0.317754938720221+6.55786205758999e-05i,2161.93359375,0.73656364151197
1691,83.7225534893694,Az_80to90,1.21588016435816e-05,0.000112079310145057,-0.000124257979384597,-9.99003841470308e-05,84,83.8085427181208,0.00083301457787922+6.79501326541243i,0.300924481560491+0.00014039995313803i,2345.68359375,0.740350721885806
1692,83.9785338706471,Az_80to90,1.42504062494867e-05,0.000124716553287982,-0.00014847586894668,-0.000119836561026357,83,83.4815197641194,-0.0138149413931433+7.13149450368718i,0.297604477112478-0.000202183954767197i,1177.1484375,0.740904334833107
1693,84.8135956146386,Az_80to90,9.33729645981238e-06,0.00010404468900839,-0.000113261429342802,-9.47449581337344e-05,84,84.871834865999,0.0298093421282672+6.29737819484325i,0.31052446524571+0.000245068417234699i,1165.6640625,0.739902103428152
1694,80.1087459854165,Az_80to90,1.94848938095878e-05,0.000114115418686737,-0.000133434175733047,-9.45324772452902e-05,80,80.310348190343,-0.00180593978986898+6.32682961773477i,0.30348506989721-0.000230851760787246i,2101.640625,0.74132856816267
1695,88.4518994995989,Az_80to90,3.51832230891652e-06,0.000124716553287982,-0.000134152127269581,-0.000127112454407895,89,88.384083240469,0.00750957855765047+7.89892509825751i,0.295238522342512+0.000205860805795349i,2466.26953125,0.740751804158741
1696,89.6372928859015,Az_80to90,1.02842603136597e-06,0.000124716553287982,-0.00013333434843367,-0.000131386259162832,89,89.5275435854169,-0.00377709224538142+7.31726213537327i,0.303757680454876+1.17453814408447e-05i,1492.96875,0.742244779360863
1697,88.9383232394962,Az_80to90,2.31804396856388e-06,0.000124716553287982,-0.000137595709995759,-0.000132982079363253,89,88.9351947123715,-0.00797389399814297+8.72307477215896i,0.287238739606214-0.000172482378730222i,686.19140625,0.739407373456614
1698,84.4327598493016,Az_80to90,1.14923320500718e-05,0.000117529835333366,-0.000129089935145246,-0.000106178842183954,85,84.4152437610082,-0.000947221158140037+5.27350187242234i,0.319891843612669+9.25933370339235e-06i,508.18359375,0.741875071441478
1699,83.3128302784757,Az_80to90,1.58458523885945e-05,0.000124716553287982,-0.000149934551517402,-0.000118189627394112,83,82.7590859245388,-0.0159561972000025+7.33688390687161i,0.293809581449859-7.38044694577923e-05i,1136.953125,0.738825418969158
1700,89.210565621959,Az_80to90,1.98664651991139e-06,0.000124716553287982,-0.000137334057344519,-0.000133312984724082,89,89.0873959237332,0.000248116379360798+8.54615990120698i,0.295008671308378+1.95825639790551e-05i,2032.734375,0.73696430957999
1701,87.303252641469,Az_80to90,6.22981337465418e-06,0.000124716553287982,-0.000141438437244744,-0.000128922236986304,88,87.1403509028972,-0.00899417002921396+6.21297087190846i,0.31577273960756+9.23127848563993e-05i,1467.12890625,0.743699176759772
1702,88.331628538498,Az_80to90,3.56118833829385e-06,0.000121993554340143,-0.000125741933249642,-0.000118536280979739,89,88.3279187602863,0.00725787740194295+6.6813648282206i,0.29754542233277-0.000107209493710247i,2632.79296875,0.740257322434109
1703,82.08287450047,Az_80to90,1.79615878330342e-05,0.000124716553287982,-0.000147658944510866,-0.000111853009518202,82,81.8046546156727,0.00616507854014461+7.36360103549711i,0.292270058563108-0.000212483379247948i,1022.109375,0.74237786674259
1704,87.0529374966292,Az_80to90,6.54605538372624e-06,0.000124716553287982,-0.000136616205990222,-0.000123498516771612,87,86.9954470259103,0.0206913245695325+7.67951167677735i,0.291122257603583-5.62215037625963e-05i,1062.3046875,0.73868184791412
1705,84.7439729866643,Az_80to90,1.20895153919154e-05,0.000124716553287982,-0.000139725285595367,-0.000115590126286385,84,84.46327901323,-0.00234271159056551+7.80442019742045i,0.308885924870662-0.000106432351931043i,1828.88671875,0.7388478535214
1706,84.2412183447755,Az_80to90,1.27171116681501e-05,0.000124716553287982,-0.000141602034680548,-0.000116330189451987,84,84.1777806363047,-0.0069193713906087+6.58901118327186i,0.312799372353843-0.000127181790883214i,2199.2578125,0.743073957734695
1707,86.2363888765289,Az_80to90,8.17336171240538e-06,0.000122498855466417,-0.000130703005703188,-0.000114394476501188,87,86.1827720622633,-0.00477299553453075+7.8708207524352i,0.291137605131267+4.09585063495185e-05i,841.23046875,0.740985515725371
1708,82.5489504502408,Az_80to90,1.78147511468199e-05,0.000124716553287982,-0.000151149480058304,-0.000115678570019544,83,81.8707527604738,-0.00764599466450799+6.83817792988008i,0.316912868662215-0.00010731858930001i,2767.734375,0.739471878194732
1709,83.2674513727047,Az_80to90,1.54894618194223e-05,0.000124716553287982,-0.000150188170479468,-0.000119136680775012,83,82.9202706867876,-0.00351891788348103+8.46699462988686i,0.298976857657992+0.00023154607014915i,1022.109375,0.739311011454084
1710,86.0852657708923,Az_80to90,8.89232453817738e-06,0.000124716553287982,-0.000143609173169463,-0.000125750016767039,87,85.92169682042,-0.00740558515140185+7.99407635974609i,0.294529442816696+5.089542618298e-05i,554.12109375,0.736991890740132
1711,87.0533276873636,Az_80to90,5.9711597540075e-06,0.00011654276244634,-0.000122587810758976,-0.000110572168722663,87,87.0669705508427,0.00680372276620237+6.46122877684463i,0.308480625523027-3.2922538788064e-05i,1093.88671875,0.738168866007249
1712,87.2911703918406,Az_80to90,5.58220000532403e-06,0.000115481154723759,-0.000121122544029768,-0.000109818279292156,87,87.2325550627796,0.00114391866080379+5.94426631880982i,0.314083027620305-0.000100314155449224i,1811.66015625,0.742632978533225
1713,85.273791545856,Az_80to90,8.81840231824289e-06,0.000103399857904626,-0.000112406137685079,-9.43526961359341e-05,84,85.1253553231706,-0.000276665755653773+6.11329208680136i,0.316105307874212-0.000166560480068793i,1438.41796875,0.742916360086467
1714,80.1699602962068,Az_80to90,2.29819920131697e-05,0.000124716553287982,-0.000156396035188197,-0.000110379086697336,80,79.5590188816863,-0.00429472164668153+6.11155788521053i,0.312859251233844-7.55256413706613e-05i,2184.90234375,0.739293454825278
1715,84.6570379302299,Az_80to90,1.31291661356795e-05,0.000124716553287982,-0.000147383818082578,-0.000121346343979018,84,83.9904906450598,-0.000699087681600454+6.32274588456937i,0.299726258775257+3.40792778221223e-05i,746.484375,0.740464009010096
1716,88.4323424169282,Az_80to90,3.45225200566962e-06,0.000124716553287982,-0.000133747768740535,-0.000126860912153464,88,88.4144127779894,0.000888953406462232+5.95183485665692i,0.314853517198531+9.24692278722883e-05i,2184.90234375,0.737894348030324
1717,82.9357940549889,Az_80to90,1.67089364691569e-05,0.000124716553287982,-0.000150089428863362,-0.000116694331899233,82,82.3692207039022,0.0102340587810772+5.93244800990477i,0.302720131654198-0.000161017200579133i,1449.90234375,0.737888017190681
1718,84.5296652646069,Az_80to90,1.02731722786372e-05,0.000107744631171349,-0.000118062435029609,-9.7381250996399e-05,85,84.5534606597634,-0.0116612319877783+5.61162608442539i,0.309902414833771+5.82146029499755e-05i,1978.18359375,0.738327824912664
1719,85.7957427594524,Az_80to90,8.32387005676427e-06,0.000123311518384779,-0.000131673180588403,-0.000114946568461588,85,86.1382341416402,0.00319526038485072+5.59669733550179i,0.306412181459936+0.000327174129016859i,422.05078125,0.742575695814705
1720,84.5201126259209,Az_80to90,1.3098167525548e-05,0.000124716553287982,-0.000147215485909225,-0.000121086537931864,83,84.0045759261707,0.012288054556413+6.704167974407i,0.306630739317068+2.52432500552485e-05i,1426.93359375,0.739018046139716
1721,85.7746258220541,Az_80to90,9.95606072599215e-06,0.000124716553287982,-0.000144639036041077,-0.000124721184348047,85,85.4357853884013,-0.0208621815529877+5.9606198464583i,0.315350515310604-0.000260711657677253i,1223.0859375,0.738274057236553
1722,89.4433969932243,Az_80to90,9.05376890726151e-07,0.000124716553287982,-0.000133702642158505,-0.000131687789620399,89,89.5840699401126,0.00677683075605628+8.01759799847458i,0.30118752656663+0.000420912898545761i,617.28515625,0.739810573197263
1723,84.6780088802451,Az_80to90,9.45805465526775e-06,0.000103400414813109,-0.000113007390776811,-9.37792632283956e-05,85,84.7736881250889,-0.02082846285362+5.40477868101089i,0.313499645528863-8.3795615413565e-05i,1435.546875,0.738017632783054
1724,83.013209825455,Az_80to90,1.25906592913044e-05,0.000106060802381316,-0.000118605738770205,-9.34186074215958e-05,82,83.2300033515543,0.0207610460769239+5.34562796748796i,0.306768013879502+1.04464876780203e-07i,2230.83984375,0.740185791410502
1725,85.7846011479763,Az_80to90,9.08947868775892e-06,0.000120680210671697,-0.000129911615179363,-0.000111608424148056,87,85.6926880839363,-0.0105339501778994+7.58842892825427i,0.296779914098209+4.67209071079444e-05i,2492.109375,0.73987658967787
1726,89.3260191470165,Az_80to90,1.56221707353182e-06,0.000124716553287982,-0.000128820517087198,-0.000125639810599393,89,89.2823425466725,-0.00905350620471913+6.37209129251687i,0.305990042659752-0.000105379191065211i,2012.63671875,0.742620890355773
1727,82.1152814979919,Az_80to90,1.77987505665634e-05,0.000124716553287982,-0.000147264252864706,-0.000111768882078252,82,81.8779566988627,0.0058131457072244+8.14065351416405i,0.289529503867972-2.97009289485853e-05i,1771.46484375,0.740999851279825
1728,82.810418304525,Az_80to90,1.5470638182147e-05,0.000120910089075352,-0.000136406004819481,-0.000105570264289696,83,82.7085326675427,-0.00157252462171169+7.37616558665498i,0.301791312586138-1.61156401182333e-05i,841.23046875,0.741471190760219
1729,81.4703733178999,Az_80to90,1.99167140431673e-05,0.000124716553287982,-0.000153513659146638,-0.000113648414248293,82,80.9267162837035,0.00679194067288775+8.11692700328293i,0.284177612631781-0.000187934140123126i,545.5078125,0.742662148415382
1730,81.9290024893553,Az_80to90,1.71793677183076e-05,0.000118757581957665,-0.000136000666199717,-0.000101509388256415,82,81.7687423007032,0.016303994187578+6.65633934795655i,0.306417819229468+0.000134630100375756i,2388.75,0.740906190829871
1731,86.3897112815312,Az_80to90,6.22856802543258e-06,0.000100837507423926,-0.0001071201768634,-9.45269677186309e-05,87,86.4654239714108,-0.00998593102345973+6.36888233126607i,0.300111016521192-0.000126892521457384i,1926.50390625,0.742298380062252
1732,84.9594333098231,Az_80to90,1.18820807389637e-05,0.000124716553287982,-0.000145779412542384,-0.000122034194222401,85,84.5577040137484,0.00150143173436434+8.7199764229239i,0.286584870002886+5.71920438254755e-05i,651.73828125,0.741784092000705
1733,87.0197099228504,Az_80to90,6.82709022960444e-06,0.000124716553287982,-0.000134809556723539,-0.000120888259508641,87,86.8667074885347,-0.0144193874410325+8.14534816511344i,0.296188742208333+0.000173677745124223i,2515.078125,0.739310555424289
1734,80.1207431957467,Az_80to90,2.22656754529852e-05,0.000124716553287982,-0.000149222183246129,-0.000104800070627026,80,79.8776156931335,0.00841704611958937+7.14796953791974i,0.302687703046958+0.00030035758500908i,1495.83984375,0.74023467831126
